{
  "params": {
    "ttPolicy": "SPLIT_SINGLE_DATASET",
    "ssdSplitMode": "RANDOM",
    "splitBeforePrepare": true,
    "ssdSelection": {
      "useMemTable": false,
      "filter": {
        "distinct": false,
        "enabled": false
      },
      "partitionSelectionMethod": "ALL",
      "latestPartitionsN": 1,
      "ordering": {
        "enabled": false,
        "rules": []
      },
      "samplingMethod": "FULL",
      "maxRecords": 100000,
      "targetRatio": 0.02,
      "withinFirstN": -1,
      "maxReadUncompressedBytes": -1
    },
    "ssdTrainingRatio": 0.8,
    "ssdSeed": 1337,
    "testOnLargerValues": true,
    "kfold": true,
    "nFolds": 5,
    "instanceIdRefresher": 0,
    "subSamplingSeed": 1337
  },
  "generationDate": 1626102605520,
  "policyId": "type\u003dSPLIT_SINGLE_DATASET,split\u003dRANDOM_KFOLD,splitBeforePrepare\u003dtrue,ds\u003ddf_train_missing_dummies,sel\u003d(method\u003dfull),r\u003d0.8,s\u003d1337",
  "instanceId": "ae624b30c115553a85a713d71c3191ff-0",
  "format": "csv1",
  "schema": {
    "columns": [
      {"name":"id","type":"bigint"},
      {"name":"family_size","type":"bigint"},
      {"name":"edu_level","type":"double"},
      {"name":"years_as_customer","type":"double"},
      {"name":"num_products","type":"bigint"},
      {"name":"cancellation","type":"bigint"},
      {"name":"interactions_ly","type":"bigint"},
      {"name":"mwa_ly","type":"bigint"},
      {"name":"txn_num_ly","type":"double"},
      {"name":"txn_amount_ly","type":"double"},
      {"name":"txn_increase_lfq","type":"double"},
      {"name":"expnd_increase_lfq","type":"double"},
      {"name":"credit_limit","type":"bigint"},
      {"name":"credit_available","type":"bigint"},
      {"name":"revolving_balance","type":"bigint"},
      {"name":"date_of_birth_year","type":"bigint"},
      {"name":"date_of_birth_age","type":"double"},
      {"name":"edu_level_missing","type":"bigint"},
      {"name":"txn_num_ly_missing","type":"bigint"},
      {"name":"txn_amount_ly_missing","type":"bigint"},
      {"name":"civil_status_missing","type":"bigint"},
      {"name":"income_level_missing","type":"bigint"},
      {"name":"sex_M","type":"bigint"},
      {"name":"civil_status_M","type":"bigint"},
      {"name":"civil_status_S","type":"bigint"},
      {"name":"income_level_Low","type":"bigint"},
      {"name":"income_level_Medium","type":"bigint"},
      {"name":"income_level_Very high","type":"bigint"},
      {"name":"income_level_Very low","type":"bigint"},
      {"name":"card_type_B","type":"bigint"},
      {"name":"card_type_C","type":"bigint"},
      {"name":"card_type_D","type":"bigint"},
      {"name":"revolving_balance_zero","type":"bigint"}
    ],
    "userModified": false
  },
  "fullPath": "full.csv.gz",
  "trainRows": 0,
  "testRows": 0,
  "fullRows": 5657
}