{
  "algorithm": "GBT_CLASSIFICATION",
  "gbt_classifier_grid": {
    "n_estimators": {
      "gridMode": "EXPLICIT",
      "randomMode": "RANGE",
      "limit": {
        "min": 1
      },
      "values": [
        100
      ],
      "range": {
        "min": 80,
        "max": 300,
        "nbValues": 3,
        "scaling": "LINEAR"
      }
    },
    "max_depth": {
      "gridMode": "EXPLICIT",
      "randomMode": "RANGE",
      "limit": {
        "min": 1
      },
      "values": [
        3
      ],
      "range": {
        "min": 3,
        "max": 10,
        "nbValues": 3,
        "scaling": "LINEAR"
      }
    },
    "min_samples_leaf": {
      "gridMode": "EXPLICIT",
      "randomMode": "RANGE",
      "limit": {
        "min": 1
      },
      "values": [
        1
      ],
      "range": {
        "min": 1,
        "max": 20,
        "nbValues": 3,
        "scaling": "LINEAR"
      }
    },
    "selection_mode": "auto",
    "max_features": {
      "gridMode": "EXPLICIT",
      "randomMode": "RANGE",
      "limit": {
        "min": 1
      },
      "values": [
        0
      ],
      "range": {
        "min": 1,
        "max": 20,
        "nbValues": 3,
        "scaling": "LINEAR"
      }
    },
    "max_feature_prop": {
      "gridMode": "EXPLICIT",
      "randomMode": "RANGE",
      "limit": {
        "min": 1.0E-23,
        "max": 1.0
      },
      "values": [
        0.3
      ],
      "range": {
        "min": 0.1,
        "max": 0.7,
        "nbValues": 3,
        "scaling": "LINEAR"
      }
    },
    "learning_rate": {
      "gridMode": "EXPLICIT",
      "randomMode": "RANGE",
      "limit": {
        "min": 1.0E-23,
        "max": 1.0
      },
      "values": [
        0.1
      ],
      "range": {
        "min": 0.01,
        "max": 0.5,
        "nbValues": 3,
        "scaling": "LINEAR"
      }
    },
    "loss": {
      "values": {
        "deviance": {
          "enabled": true
        },
        "exponential": {
          "enabled": true
        }
      }
    },
    "enabled": true
  },
  "max_ensemble_nodes_serialized": 6000,
  "metrics": {
    "evaluationMetric": "ROC_AUC",
    "customEvaluationMetricGIB": true,
    "customEvaluationMetricNeedsProba": false,
    "thresholdOptimizationMetric": "F1",
    "costMatrixWeights": {
      "tpGain": 1.0,
      "tnGain": 0.0,
      "fpGain": -0.3,
      "fnGain": 0.0
    },
    "liftPoint": 0.4
  },
  "autoOptimizeThreshold": true,
  "forcedClassifierThreshold": 0.0,
  "gridLength": 500,
  "grid_search_params": {
    "mode": "KFOLD",
    "splitRatio": 0.8,
    "shuffleIterations": 1,
    "nFolds": 3,
    "stratified": true,
    "strategy": "RANDOM",
    "bayesianOptimizer": "SCIKIT_OPTIMIZE",
    "randomized": true,
    "seed": 42,
    "nIter": 0,
    "nIterRandom": 500,
    "timeout": 0,
    "nJobs": -1,
    "distributed": false,
    "nContainers": 4
  },
  "pluginAlgoCustomGridSearch": false,
  "computeLearningCurves": false,
  "skipExpensiveReports": false
}