{
  "state": "DONE",
  "preSearchDescription": {
    "gridLength": 500,
    "searchStrategy": "RANDOM",
    "importantParams": [
      {
        "name": "trees",
        "min": "80",
        "max": "300"
      },
      {
        "name": "learning_rate",
        "min": "0.01",
        "max": "0.5"
      },
      {
        "name": "max_depth",
        "min": "3",
        "max": "10"
      }
    ]
  },
  "postSearchDescription": {
    "importantParams": [
      {
        "name": "trees",
        "val": "130"
      },
      {
        "name": "learning_rate",
        "val": "0.26197487"
      },
      {
        "name": "max_depth",
        "val": "3"
      }
    ]
  },
  "resumed": false,
  "timeOrderingEnabled": false,
  "sampleWeightsEnabled": false,
  "modelId": "m1",
  "progress": {
    "top_level_todo": [],
    "stack": [],
    "top_level_done": [
      {
        "name": "Loading source dataset",
        "time": 30
      },
      {
        "name": "Collecting statistics",
        "time": 27
      },
      {
        "name": "Preprocessing input",
        "time": 54
      },
      {
        "name": "Fitting global model",
        "time": 1096380
      },
      {
        "name": "Saving model",
        "time": 29
      },
      {
        "name": "Computing global stats",
        "time": 103
      },
      {
        "name": "Fitting folds",
        "time": 4785
      }
    ]
  },
  "startTime": 1626108668294,
  "endTime": 1626109769813,
  "preprocessingTime": 112,
  "trainingTime": 1101407,
  "hyperparamsSearchTime": 0
}