{
    "family_size": {
        "scale": [
            1.0,
            2.0,
            3.0,
            4.0,
            5.0,
            6.0
        ],
        "distribution": [
            0.0928053738730776,
            0.17836308997701963,
            0.2681633374580166,
            0.2706381474279653,
            0.15007954746331978,
            0.03995050380060103
        ]
    },
    "txn_increase_lfq": {
        "scale": [
            0.43426000000000003,
            0.54,
            0.607,
            0.657,
            0.7010000000000001,
            0.7444999999999999,
            0.794,
            0.858,
            0.9827400000000016,
            2.3207400000000016
        ],
        "distribution": [
            0.09620394491998512,
            0.11388165240044659,
            0.10439151470040937,
            0.10550800148864906,
            0.1032750279121697,
            0.10494975809452921,
            0.10792705619650167,
            0.10494975809452921,
            0.10625232601414217,
            0.05266096017863789
        ]
    },
    "civil_status_missing": {
        "scale": [
            0.0,
            1.0
        ],
        "distribution": [
            0.9261092451829591,
            0.07389075481704084
        ]
    },
    "income_level_missing": {
        "scale": [
            0.0,
            1.0
        ],
        "distribution": [
            0.8854516528195157,
            0.11454834718048436
        ]
    },
    "income_level_Very high": {
        "scale": [
            0.0,
            1.0
        ],
        "distribution": [
            0.9285840551529079,
            0.0714159448470921
        ]
    },
    "revolving_balance_zero": {
        "scale": [
            0.0,
            1.0
        ],
        "distribution": [
            0.7500441930351777,
            0.24995580696482234
        ]
    },
    "txn_amount_ly": {
        "scale": [
            1436.49,
            1930.8400000000001,
            2664.8500000000004,
            3417.6400000000003,
            3802.01093563371,
            3904.741871267419,
            3981.3709356337095,
            4259.01,
            8184.080000000009,
            14272.070000000009
        ],
        "distribution": [
            0.10530232558139535,
            0.10530232558139535,
            0.10511627906976745,
            0.10548837209302325,
            0.056,
            0.0,
            0.2589767441860465,
            0.10604651162790697,
            0.10511627906976745,
            0.052651162790697675
        ]
    },
    "num_products": {
        "scale": [
            1.0,
            2.0,
            3.0,
            4.0,
            5.0,
            6.0
        ],
        "distribution": [
            0.08926993105886512,
            0.11967473926109246,
            0.22945023864238995,
            0.19303517765600142,
            0.18384302633904898,
            0.1847268870426021
        ]
    },
    "credit_available": {
        "scale": [
            590.99,
            996.49,
            1420.71,
            2097.78,
            3194.930000000001,
            4764.440000000002,
            7279.230000000001,
            11728.400000000005,
            21761.67000000002,
            29980.920000000013
        ],
        "distribution": [
            0.10530232558139535,
            0.10511627906976745,
            0.10548837209302325,
            0.10530232558139535,
            0.10511627906976745,
            0.10530232558139535,
            0.10530232558139535,
            0.10530232558139535,
            0.10511627906976745,
            0.052651162790697675
        ]
    },
    "income_level_Very low": {
        "scale": [
            0.0,
            1.0
        ],
        "distribution": [
            0.6469860350008838,
            0.35301396499911614
        ]
    },
    "years_as_customer": {
        "scale": [
            2.05,
            2.5,
            2.8,
            2.95,
            3.0,
            3.05,
            3.2,
            3.5,
            3.95,
            4.45
        ],
        "distribution": [
            0.10607450908423564,
            0.11451642503211598,
            0.09616443384107176,
            0.03450174343916315,
            0.0,
            0.2512387594053955,
            0.10387227014131033,
            0.12277482106808589,
            0.11726922371077261,
            0.053587814277849144
        ]
    },
    "edu_level": {
        "scale": [
            0.0,
            1.0,
            2.0,
            2.046093427035965,
            3.0,
            4.0,
            5.0
        ],
        "distribution": [
            0.1493724589004773,
            0.2018737846915326,
            0.10040657592363443,
            0.14477638324200107,
            0.3102351069471451,
            0.050203287961817215,
            0.04313240233339226
        ]
    },
    "credit_limit": {
        "scale": [
            1566.4900000000002,
            2069.84,
            2534.3500000000004,
            3147.5,
            4167.5,
            5794.790000000001,
            8300.340000000004,
            12697.250000000007,
            23042.880000000016,
            30787.18000000001
        ],
        "distribution": [
            0.14990277532260915,
            0.10005303164221319,
            0.09987625950150256,
            0.10005303164221319,
            0.09987625950150256,
            0.10022980378292382,
            0.10005303164221319,
            0.10005303164221319,
            0.09987625950150256,
            0.05002651582110659
        ]
    },
    "edu_level_missing": {
        "scale": [
            0.0,
            1.0
        ],
        "distribution": [
            0.855223616757999,
            0.14477638324200107
        ]
    },
    "civil_status_M": {
        "scale": [
            0.0,
            1.0
        ],
        "distribution": [
            0.5301396499911614,
            0.46986035000883863
        ]
    },
    "income_level_Medium": {
        "scale": [
            0.0,
            1.0
        ],
        "distribution": [
            0.8562842496022627,
            0.14371575039773732
        ]
    },
    "txn_num_ly_missing": {
        "scale": [
            0.0,
            1.0
        ],
        "distribution": [
            0.801131341700548,
            0.198868658299452
        ]
    },
    "interactions_ly": {
        "scale": [
            0.0,
            1.0,
            2.0,
            3.0,
            4.0,
            5.0,
            6.0
        ],
        "distribution": [
            0.03995050380060103,
            0.14583701608626481,
            0.31324023333922574,
            0.33904896588297684,
            0.13788226975428672,
            0.019091391196747392,
            0.004949619939897472
        ]
    },
    "revolving_balance": {
        "scale": [
            0.0,
            42.35000000001651,
            437.8500000000165,
            915.5,
            1139.5,
            1324.0,
            1505.0,
            1716.0,
            2042.1100000000024,
            2259.1100000000024
        ],
        "distribution": [
            0.0,
            0.24995580696482234,
            0.09969948736079194,
            0.09987625950150256,
            0.09969948736079194,
            0.10040657592363443,
            0.10022980378292382,
            0.10005303164221319,
            0.10005303164221319,
            0.05002651582110659
        ]
    },
    "date_of_birth_year": {
        "scale": [
            1963.5,
            1967.5,
            1970.0,
            1972.5,
            1975.0,
            1977.0,
            1979.0,
            1981.5,
            1985.5,
            1991.5
        ],
        "distribution": [
            0.09844846693756927,
            0.09881787957148135,
            0.07628370890284447,
            0.14573328407831548,
            0.1014037680088659,
            0.10195788695973403,
            0.0906908016254156,
            0.11026967122275581,
            0.11544144809752493,
            0.060953084595493166
        ]
    },
    "mwa_ly": {
        "scale": [
            0.0,
            1.0,
            2.0,
            3.0,
            4.0,
            5.0,
            6.0
        ],
        "distribution": [
            0.003181898532791232,
            0.22061163160685876,
            0.3263213717518119,
            0.3758175711507866,
            0.04189499734841789,
            0.019091391196747392,
            0.013081138412586176
        ]
    },
    "txn_amount_ly_missing": {
        "scale": [
            0.0,
            1.0
        ],
        "distribution": [
            0.7991868481527311,
            0.20081315184726886
        ]
    },
    "sex_M": {
        "scale": [
            0.0,
            1.0
        ],
        "distribution": [
            0.5329680042425313,
            0.4670319957574686
        ]
    },
    "expnd_increase_lfq": {
        "scale": [
            0.51663,
            0.5994999999999999,
            0.6527100000000001,
            0.6957100000000002,
            0.7364999999999999,
            0.7805,
            0.8305,
            0.8950100000000002,
            1.0125100000000002,
            2.2445
        ],
        "distribution": [
            0.10439151470040937,
            0.10401935243766282,
            0.10736881280238184,
            0.10271678451804987,
            0.10736881280238184,
            0.10494975809452921,
            0.10550800148864906,
            0.10588016375139561,
            0.10476367696315593,
            0.053033122441384445
        ]
    },
    "date_of_birth_age": {
        "scale": [
            34.5,
            38.5,
            41.5,
            44.0,
            46.0,
            48.0,
            50.5,
            53.5,
            57.0,
            66.0
        ],
        "distribution": [
            0.08692449355432781,
            0.09650092081031307,
            0.12394106813996317,
            0.10202578268876611,
            0.09944751381215469,
            0.09852670349907919,
            0.1292817679558011,
            0.10497237569060773,
            0.09263351749539595,
            0.06574585635359116
        ]
    },
    "income_level_Low": {
        "scale": [
            0.0,
            1.0
        ],
        "distribution": [
            0.8271168463850097,
            0.17288315361499026
        ]
    },
    "card_type_D": {
        "scale": [
            0.0,
            1.0
        ],
        "distribution": [
            0.067703729892169,
            0.932296270107831
        ]
    },
    "txn_num_ly": {
        "scale": [
            35.0,
            45.0,
            56.5,
            63.81244483671668,
            64.62488967343336,
            67.31244483671668,
            73.5,
            80.5,
            93.0,
            120.0
        ],
        "distribution": [
            0.10232126276694521,
            0.10473537604456824,
            0.10714948932219127,
            0.02618384401114206,
            0.0,
            0.2828226555246054,
            0.10120705663881151,
            0.11327762302692665,
            0.10900649953574745,
            0.05329619312906221
        ]
    },
    "civil_status_S": {
        "scale": [
            0.0,
            1.0
        ],
        "distribution": [
            0.6167579989393671,
            0.38324200106063283
        ]
    },
    "card_type_C": {
        "scale": [
            0.0,
            1.0
        ],
        "distribution": [
            0.9441400035354428,
            0.055859996464557186
        ]
    },
    "card_type_B": {
        "scale": [
            0.0,
            1.0
        ],
        "distribution": [
            0.9899239879794944,
            0.010076012020505568
        ]
    }
}