{
  "trainedWithDSSVersion": "9.0.1",
  "backend": "PY_MEMORY",
  "isValid": true,
  "type": "BINARY_PROBABILISTIC",
  "algorithm_name": "GRADIENT_BOOSTING_CLASSIFIER",
  "columns": [
    "family_size",
    "txn_increase_lfq",
    "civil_status_missing",
    "income_level_missing",
    "income_level_Very high",
    "revolving_balance_zero",
    "txn_amount_ly",
    "num_products",
    "credit_available",
    "income_level_Very low",
    "years_as_customer",
    "edu_level",
    "credit_limit",
    "edu_level_missing",
    "civil_status_M",
    "income_level_Medium",
    "txn_num_ly_missing",
    "interactions_ly",
    "revolving_balance",
    "date_of_birth_year",
    "mwa_ly",
    "txn_amount_ly_missing",
    "sex_M",
    "expnd_increase_lfq",
    "date_of_birth_age",
    "income_level_Low",
    "card_type_D",
    "txn_num_ly",
    "civil_status_S",
    "card_type_C",
    "card_type_B"
  ],
  "classes": [
    "0",
    "1"
  ]
}