{
    "startedAt": 1626105469905,
    "gridSize": 96,
    "nThreads": 16,
    "nSplits": 5,
    "metric": "ROC_AUC",
    "timeout": null,
    "gridPoints": [
        {
            "finishedAt": 1626105470779,
            "score": 0.9549053294373809,
            "testScoreGibMean": 0.9549053294373809,
            "testScoreMean": 0.9549053294373809,
            "testScoreStd": 0.004212331436672298,
            "trainScoreMean": 0.9647110909059022,
            "trainScoreStd": 0.0017475614673046888,
            "time": 2984,
            "fitTimeMean": 551.4,
            "fitTimeStd": 215.67623883960886,
            "scoreTimeMean": 45.4,
            "scoreTimeStd": 19.22082204277434,
            "best_iteration": 10,
            "parameters": {
                "booster": "dart",
                "colsample_bylevel": 1.0,
                "colsample_bytree": 0.6,
                "gamma": 0.5,
                "learning_rate": 0.01,
                "max_delta_step": 0.0,
                "max_depth": 5,
                "min_child_weight": 10.0,
                "reg_alpha": 0.0,
                "reg_lambda": 1.0,
                "subsample": 1.0
            }
        },
        {
            "finishedAt": 1626105470874,
            "score": 0.9544446316222276,
            "testScoreGibMean": 0.9544446316222276,
            "testScoreMean": 0.9544446316222276,
            "testScoreStd": 0.0034560211781182394,
            "trainScoreMean": 0.9640342259216489,
            "trainScoreStd": 0.0018166030790564556,
            "time": 3049,
            "fitTimeMean": 577.0,
            "fitTimeStd": 227.21355593361943,
            "scoreTimeMean": 32.8,
            "scoreTimeStd": 6.3999999999999995,
            "best_iteration": 4,
            "parameters": {
                "booster": "dart",
                "colsample_bylevel": 1.0,
                "colsample_bytree": 0.6,
                "gamma": 0.0,
                "learning_rate": 0.01,
                "max_delta_step": 0.0,
                "max_depth": 5,
                "min_child_weight": 10.0,
                "reg_alpha": 0.0,
                "reg_lambda": 1.0,
                "subsample": 1.0
            }
        },
        {
            "finishedAt": 1626105471328,
            "score": 0.959567996380711,
            "testScoreGibMean": 0.959567996380711,
            "testScoreMean": 0.959567996380711,
            "testScoreStd": 0.0036441846332872702,
            "trainScoreMean": 0.9740450530442379,
            "trainScoreStd": 0.0024811371219683113,
            "time": 3929,
            "fitTimeMean": 733.6,
            "fitTimeStd": 354.20028232625674,
            "scoreTimeMean": 52.2,
            "scoreTimeStd": 21.06561178793533,
            "best_iteration": 15,
            "parameters": {
                "booster": "dart",
                "colsample_bylevel": 1.0,
                "colsample_bytree": 0.6,
                "gamma": 0.0,
                "learning_rate": 0.01,
                "max_delta_step": 0.0,
                "max_depth": 25,
                "min_child_weight": 10.0,
                "reg_alpha": 0.0,
                "reg_lambda": 1.0,
                "subsample": 1.0
            }
        },
        {
            "finishedAt": 1626105471510,
            "score": 0.9709631667665833,
            "testScoreGibMean": 0.9709631667665833,
            "testScoreMean": 0.9709631667665833,
            "testScoreStd": 0.004507326739426274,
            "trainScoreMean": 0.9947473840126465,
            "trainScoreStd": 0.0009680434547732026,
            "time": 6990,
            "fitTimeMean": 1338.6,
            "fitTimeStd": 173.73381939046868,
            "scoreTimeMean": 59.4,
            "scoreTimeStd": 36.16960049544368,
            "best_iteration": 16,
            "parameters": {
                "booster": "dart",
                "colsample_bylevel": 1.0,
                "colsample_bytree": 0.6,
                "gamma": 0.0,
                "learning_rate": 0.01,
                "max_delta_step": 0.0,
                "max_depth": 10,
                "min_child_weight": 1.0,
                "reg_alpha": 0.0,
                "reg_lambda": 1.0,
                "subsample": 1.0
            }
        },
        {
            "finishedAt": 1626105473613,
            "score": 0.9469888503828816,
            "testScoreGibMean": 0.9469888503828816,
            "testScoreMean": 0.9469888503828816,
            "testScoreStd": 0.025315089252929416,
            "trainScoreMean": 0.9687677068710636,
            "trainScoreStd": 0.022686526399953753,
            "time": 3532,
            "fitTimeMean": 666.0,
            "fitTimeStd": 388.52541744395563,
            "scoreTimeMean": 40.4,
            "scoreTimeStd": 19.530488985173925,
            "best_iteration": 23,
            "parameters": {
                "booster": "gbtree",
                "colsample_bylevel": 1.0,
                "colsample_bytree": 0.1,
                "gamma": 0.5,
                "learning_rate": 0.25,
                "max_delta_step": 0.0,
                "max_depth": 5,
                "min_child_weight": 1.0,
                "reg_alpha": 0.0,
                "reg_lambda": 1.0,
                "subsample": 1.0
            }
        },
        {
            "finishedAt": 1626105473715,
            "score": 0.9803990630850602,
            "testScoreGibMean": 0.9803990630850602,
            "testScoreMean": 0.9803990630850602,
            "testScoreStd": 0.002138130068270901,
            "trainScoreMean": 0.9968915208380753,
            "trainScoreStd": 0.000829723840082972,
            "time": 9755,
            "fitTimeMean": 1907.0,
            "fitTimeStd": 329.4553080464784,
            "scoreTimeMean": 44.0,
            "scoreTimeStd": 14.436065946094871,
            "best_iteration": 34,
            "parameters": {
                "booster": "dart",
                "colsample_bylevel": 1.0,
                "colsample_bytree": 0.6,
                "gamma": 0.0,
                "learning_rate": 0.25,
                "max_delta_step": 0.0,
                "max_depth": 25,
                "min_child_weight": 10.0,
                "reg_alpha": 0.0,
                "reg_lambda": 1.0,
                "subsample": 1.0
            }
        },
        {
            "finishedAt": 1626105473762,
            "score": 0.982043923412621,
            "testScoreGibMean": 0.982043923412621,
            "testScoreMean": 0.982043923412621,
            "testScoreStd": 0.0039349364164139615,
            "trainScoreMean": 0.9999999280073856,
            "trainScoreStd": 1.439375225230692e-07,
            "time": 13111,
            "fitTimeMean": 2568.8,
            "fitTimeStd": 496.1045857478038,
            "scoreTimeMean": 53.4,
            "scoreTimeStd": 22.294393914165955,
            "best_iteration": 36,
            "parameters": {
                "booster": "gbtree",
                "colsample_bylevel": 1.0,
                "colsample_bytree": 0.6,
                "gamma": 0.0,
                "learning_rate": 0.25,
                "max_delta_step": 0.0,
                "max_depth": 25,
                "min_child_weight": 1.0,
                "reg_alpha": 0.0,
                "reg_lambda": 1.0,
                "subsample": 1.0
            }
        },
        {
            "finishedAt": 1626105473819,
            "score": 0.9135086167975016,
            "testScoreGibMean": 0.9135086167975016,
            "testScoreMean": 0.9135086167975016,
            "testScoreStd": 0.017918342492285636,
            "trainScoreMean": 0.9353618302800814,
            "trainScoreStd": 0.014109118991951084,
            "time": 2600,
            "fitTimeMean": 479.6,
            "fitTimeStd": 167.23348946906538,
            "scoreTimeMean": 40.4,
            "scoreTimeStd": 22.204504047602594,
            "best_iteration": 9,
            "parameters": {
                "booster": "gbtree",
                "colsample_bylevel": 1.0,
                "colsample_bytree": 0.1,
                "gamma": 0.5,
                "learning_rate": 0.01,
                "max_delta_step": 0.0,
                "max_depth": 25,
                "min_child_weight": 10.0,
                "reg_alpha": 0.0,
                "reg_lambda": 1.0,
                "subsample": 1.0
            }
        },
        {
            "finishedAt": 1626105474073,
            "score": 0.980806913028491,
            "testScoreGibMean": 0.980806913028491,
            "testScoreMean": 0.980806913028491,
            "testScoreStd": 0.002495941203458288,
            "trainScoreMean": 0.9966349951860062,
            "trainScoreStd": 0.0012100165385230826,
            "time": 10359,
            "fitTimeMean": 2036.6,
            "fitTimeStd": 658.3411273800233,
            "scoreTimeMean": 35.2,
            "scoreTimeStd": 8.059776671843954,
            "best_iteration": 31,
            "parameters": {
                "booster": "dart",
                "colsample_bylevel": 1.0,
                "colsample_bytree": 0.6,
                "gamma": 0.5,
                "learning_rate": 0.25,
                "max_delta_step": 0.0,
                "max_depth": 25,
                "min_child_weight": 10.0,
                "reg_alpha": 0.0,
                "reg_lambda": 1.0,
                "subsample": 1.0
            }
        },
        {
            "finishedAt": 1626105475368,
            "score": 0.9789228652461264,
            "testScoreGibMean": 0.9789228652461264,
            "testScoreMean": 0.9789228652461264,
            "testScoreStd": 0.0030155461361992767,
            "trainScoreMean": 0.9964522551313838,
            "trainScoreStd": 0.001124878504618152,
            "time": 6406,
            "fitTimeMean": 1235.2,
            "fitTimeStd": 227.67995080814646,
            "scoreTimeMean": 46.0,
            "scoreTimeStd": 30.23243291566195,
            "best_iteration": 34,
            "parameters": {
                "booster": "gbtree",
                "colsample_bylevel": 1.0,
                "colsample_bytree": 0.6,
                "gamma": 0.5,
                "learning_rate": 0.25,
                "max_delta_step": 0.0,
                "max_depth": 10,
                "min_child_weight": 10.0,
                "reg_alpha": 0.0,
                "reg_lambda": 1.0,
                "subsample": 1.0
            }
        },
        {
            "finishedAt": 1626105475725,
            "score": 0.9798423209660495,
            "testScoreGibMean": 0.9798423209660495,
            "testScoreMean": 0.9798423209660495,
            "testScoreStd": 0.005247271563015279,
            "trainScoreMean": 0.9957352171645546,
            "trainScoreStd": 0.0017353219279345276,
            "time": 4890,
            "fitTimeMean": 902.0,
            "fitTimeStd": 284.8080055054633,
            "scoreTimeMean": 76.0,
            "scoreTimeStd": 40.26909484952449,
            "best_iteration": 22,
            "parameters": {
                "booster": "gbtree",
                "colsample_bylevel": 1.0,
                "colsample_bytree": 0.6,
                "gamma": 0.0,
                "learning_rate": 0.25,
                "max_delta_step": 0.0,
                "max_depth": 5,
                "min_child_weight": 1.0,
                "reg_alpha": 0.0,
                "reg_lambda": 1.0,
                "subsample": 1.0
            }
        },
        {
            "finishedAt": 1626105475993,
            "score": 0.9329675491091994,
            "testScoreGibMean": 0.9329675491091994,
            "testScoreMean": 0.9329675491091994,
            "testScoreStd": 0.013310364657002218,
            "trainScoreMean": 0.9513810103944778,
            "trainScoreStd": 0.010593226243456289,
            "time": 3024,
            "fitTimeMean": 523.0,
            "fitTimeStd": 245.6355023200026,
            "scoreTimeMean": 81.8,
            "scoreTimeStd": 28.58950856520622,
            "best_iteration": 7,
            "parameters": {
                "booster": "dart",
                "colsample_bylevel": 1.0,
                "colsample_bytree": 0.1,
                "gamma": 0.5,
                "learning_rate": 0.25,
                "max_delta_step": 0.0,
                "max_depth": 5,
                "min_child_weight": 10.0,
                "reg_alpha": 0.0,
                "reg_lambda": 1.0,
                "subsample": 1.0
            }
        },
        {
            "finishedAt": 1626105476247,
            "score": 0.9685898522473397,
            "testScoreGibMean": 0.9685898522473397,
            "testScoreMean": 0.9685898522473397,
            "testScoreStd": 0.008436066178280178,
            "trainScoreMean": 0.9966058856128642,
            "trainScoreStd": 0.001548788058180913,
            "time": 10662,
            "fitTimeMean": 2079.6,
            "fitTimeStd": 774.8650463145179,
            "scoreTimeMean": 52.8,
            "scoreTimeStd": 15.57433786714543,
            "best_iteration": 24,
            "parameters": {
                "booster": "gbtree",
                "colsample_bylevel": 1.0,
                "colsample_bytree": 0.6,
                "gamma": 0.0,
                "learning_rate": 0.01,
                "max_delta_step": 0.0,
                "max_depth": 25,
                "min_child_weight": 1.0,
                "reg_alpha": 0.0,
                "reg_lambda": 1.0,
                "subsample": 1.0
            }
        },
        {
            "finishedAt": 1626105476321,
            "score": 0.9832793436975573,
            "testScoreGibMean": 0.9832793436975573,
            "testScoreMean": 0.9832793436975573,
            "testScoreStd": 0.0019665102303158886,
            "trainScoreMean": 0.9977873227023891,
            "trainScoreStd": 0.0013757003238289978,
            "time": 9536,
            "fitTimeMean": 1831.0,
            "fitTimeStd": 657.3994219650638,
            "scoreTimeMean": 76.2,
            "scoreTimeStd": 36.17402382926179,
            "best_iteration": 37,
            "parameters": {
                "booster": "dart",
                "colsample_bylevel": 1.0,
                "colsample_bytree": 0.6,
                "gamma": 0.5,
                "learning_rate": 0.25,
                "max_delta_step": 0.0,
                "max_depth": 5,
                "min_child_weight": 1.0,
                "reg_alpha": 0.0,
                "reg_lambda": 1.0,
                "subsample": 1.0
            }
        },
        {
            "finishedAt": 1626105476439,
            "score": 0.9063428231867321,
            "testScoreGibMean": 0.9063428231867321,
            "testScoreMean": 0.9063428231867321,
            "testScoreStd": 0.020253008032724035,
            "trainScoreMean": 0.9669066376177361,
            "trainScoreStd": 0.007720315293991313,
            "time": 3754,
            "fitTimeMean": 684.6,
            "fitTimeStd": 163.69068391328813,
            "scoreTimeMean": 66.2,
            "scoreTimeStd": 16.65412861725284,
            "best_iteration": 9,
            "parameters": {
                "booster": "gbtree",
                "colsample_bylevel": 1.0,
                "colsample_bytree": 0.1,
                "gamma": 0.0,
                "learning_rate": 0.01,
                "max_delta_step": 0.0,
                "max_depth": 25,
                "min_child_weight": 1.0,
                "reg_alpha": 0.0,
                "reg_lambda": 1.0,
                "subsample": 1.0
            }
        },
        {
            "finishedAt": 1626105476518,
            "score": 0.9198804100458274,
            "testScoreGibMean": 0.9198804100458274,
            "testScoreMean": 0.9198804100458274,
            "testScoreStd": 0.005610923460509811,
            "trainScoreMean": 0.9326042508959936,
            "trainScoreStd": 0.0030396866712841656,
            "time": 2844,
            "fitTimeMean": 481.6,
            "fitTimeStd": 171.45098424914335,
            "scoreTimeMean": 87.2,
            "scoreTimeStd": 36.58086931717178,
            "best_iteration": 10,
            "parameters": {
                "booster": "dart",
                "colsample_bylevel": 1.0,
                "colsample_bytree": 0.1,
                "gamma": 0.5,
                "learning_rate": 0.01,
                "max_delta_step": 0.0,
                "max_depth": 5,
                "min_child_weight": 10.0,
                "reg_alpha": 0.0,
                "reg_lambda": 1.0,
                "subsample": 1.0
            }
        },
        {
            "finishedAt": 1626105477371,
            "score": 0.9448511199774356,
            "testScoreGibMean": 0.9448511199774356,
            "testScoreMean": 0.9448511199774356,
            "testScoreStd": 0.024017417368941894,
            "trainScoreMean": 0.9674601998759258,
            "trainScoreStd": 0.020955620725687418,
            "time": 2840,
            "fitTimeMean": 536.6,
            "fitTimeStd": 254.3671362420861,
            "scoreTimeMean": 31.4,
            "scoreTimeStd": 10.9288608738514,
            "best_iteration": 23,
            "parameters": {
                "booster": "gbtree",
                "colsample_bylevel": 1.0,
                "colsample_bytree": 0.1,
                "gamma": 0.0,
                "learning_rate": 0.25,
                "max_delta_step": 0.0,
                "max_depth": 5,
                "min_child_weight": 1.0,
                "reg_alpha": 0.0,
                "reg_lambda": 1.0,
                "subsample": 1.0
            }
        },
        {
            "finishedAt": 1626105478008,
            "score": 0.9452463416970366,
            "testScoreGibMean": 0.9452463416970366,
            "testScoreMean": 0.9452463416970366,
            "testScoreStd": 0.01336415192575315,
            "trainScoreMean": 0.9970645748865793,
            "trainScoreStd": 0.00189584559320085,
            "time": 6039,
            "fitTimeMean": 1178.6,
            "fitTimeStd": 400.470023846979,
            "scoreTimeMean": 29.2,
            "scoreTimeStd": 9.867117106835208,
            "best_iteration": 23,
            "parameters": {
                "booster": "gbtree",
                "colsample_bylevel": 1.0,
                "colsample_bytree": 0.1,
                "gamma": 0.5,
                "learning_rate": 0.25,
                "max_delta_step": 0.0,
                "max_depth": 25,
                "min_child_weight": 1.0,
                "reg_alpha": 0.0,
                "reg_lambda": 1.0,
                "subsample": 1.0
            }
        },
        {
            "finishedAt": 1626105478341,
            "score": 0.9595866059838137,
            "testScoreGibMean": 0.9595866059838137,
            "testScoreMean": 0.9595866059838137,
            "testScoreStd": 0.0036748704954093006,
            "trainScoreMean": 0.9737183750650346,
            "trainScoreStd": 0.0025285699559264283,
            "time": 3892,
            "fitTimeMean": 745.0,
            "fitTimeStd": 309.3005011311815,
            "scoreTimeMean": 33.4,
            "scoreTimeStd": 14.079772725438433,
            "best_iteration": 15,
            "parameters": {
                "booster": "dart",
                "colsample_bylevel": 1.0,
                "colsample_bytree": 0.6,
                "gamma": 0.5,
                "learning_rate": 0.01,
                "max_delta_step": 0.0,
                "max_depth": 25,
                "min_child_weight": 10.0,
                "reg_alpha": 0.0,
                "reg_lambda": 1.0,
                "subsample": 1.0
            }
        },
        {
            "finishedAt": 1626105479345,
            "score": 0.9181486885562273,
            "testScoreGibMean": 0.9181486885562273,
            "testScoreMean": 0.9181486885562273,
            "testScoreStd": 0.011256609332820354,
            "trainScoreMean": 0.991230591871731,
            "trainScoreStd": 0.003906437774922472,
            "time": 4143,
            "fitTimeMean": 799.4,
            "fitTimeStd": 260.5406686104878,
            "scoreTimeMean": 29.2,
            "scoreTimeStd": 7.0823724838503095,
            "best_iteration": 7,
            "parameters": {
                "booster": "dart",
                "colsample_bylevel": 1.0,
                "colsample_bytree": 0.1,
                "gamma": 0.0,
                "learning_rate": 0.25,
                "max_delta_step": 0.0,
                "max_depth": 25,
                "min_child_weight": 1.0,
                "reg_alpha": 0.0,
                "reg_lambda": 1.0,
                "subsample": 1.0
            }
        },
        {
            "finishedAt": 1626105479628,
            "score": 0.9551338204381851,
            "testScoreGibMean": 0.9551338204381851,
            "testScoreMean": 0.9551338204381851,
            "testScoreStd": 0.005653737924291239,
            "trainScoreMean": 0.9684777875085446,
            "trainScoreStd": 0.003430500467723802,
            "time": 2722,
            "fitTimeMean": 502.4,
            "fitTimeStd": 244.95681252008487,
            "scoreTimeMean": 42.0,
            "scoreTimeStd": 14.696938456699069,
            "best_iteration": 4,
            "parameters": {
                "booster": "dart",
                "colsample_bylevel": 1.0,
                "colsample_bytree": 0.6,
                "gamma": 0.0,
                "learning_rate": 0.01,
                "max_delta_step": 0.0,
                "max_depth": 5,
                "min_child_weight": 1.0,
                "reg_alpha": 0.0,
                "reg_lambda": 1.0,
                "subsample": 1.0
            }
        },
        {
            "finishedAt": 1626105479739,
            "score": 0.970568345761548,
            "testScoreGibMean": 0.970568345761548,
            "testScoreMean": 0.970568345761548,
            "testScoreStd": 0.005188951038124688,
            "trainScoreMean": 0.9951434494022218,
            "trainScoreStd": 0.001124843003552811,
            "time": 7195,
            "fitTimeMean": 1405.0,
            "fitTimeStd": 317.12647319326715,
            "scoreTimeMean": 34.0,
            "scoreTimeStd": 26.615784790233032,
            "best_iteration": 15,
            "parameters": {
                "booster": "dart",
                "colsample_bylevel": 1.0,
                "colsample_bytree": 0.6,
                "gamma": 0.0,
                "learning_rate": 0.01,
                "max_delta_step": 0.0,
                "max_depth": 25,
                "min_child_weight": 1.0,
                "reg_alpha": 0.0,
                "reg_lambda": 1.0,
                "subsample": 1.0
            }
        },
        {
            "finishedAt": 1626105479973,
            "score": 0.9672899918768154,
            "testScoreGibMean": 0.9672899918768154,
            "testScoreMean": 0.9672899918768154,
            "testScoreStd": 0.009281812235888616,
            "trainScoreMean": 0.9958252673334358,
            "trainScoreStd": 0.0017763501692238963,
            "time": 9452,
            "fitTimeMean": 1798.4,
            "fitTimeStd": 852.3399791163148,
            "scoreTimeMean": 92.0,
            "scoreTimeStd": 74.56808968989348,
            "best_iteration": 17,
            "parameters": {
                "booster": "gbtree",
                "colsample_bylevel": 1.0,
                "colsample_bytree": 0.6,
                "gamma": 0.5,
                "learning_rate": 0.01,
                "max_delta_step": 0.0,
                "max_depth": 25,
                "min_child_weight": 1.0,
                "reg_alpha": 0.0,
                "reg_lambda": 1.0,
                "subsample": 1.0
            }
        },
        {
            "finishedAt": 1626105480236,
            "score": 0.9527762288819657,
            "testScoreGibMean": 0.9527762288819657,
            "testScoreMean": 0.9527762288819657,
            "testScoreStd": 0.0045098495961763425,
            "trainScoreMean": 0.9676287710306996,
            "trainScoreStd": 0.0008182025528726447,
            "time": 4915,
            "fitTimeMean": 843.8,
            "fitTimeStd": 107.95072950193529,
            "scoreTimeMean": 139.2,
            "scoreTimeStd": 56.32903336646209,
            "best_iteration": 24,
            "parameters": {
                "booster": "gbtree",
                "colsample_bylevel": 1.0,
                "colsample_bytree": 0.6,
                "gamma": 0.0,
                "learning_rate": 0.01,
                "max_delta_step": 0.0,
                "max_depth": 5,
                "min_child_weight": 10.0,
                "reg_alpha": 0.0,
                "reg_lambda": 1.0,
                "subsample": 1.0
            }
        },
        {
            "finishedAt": 1626105480702,
            "score": 0.920375671519131,
            "testScoreGibMean": 0.920375671519131,
            "testScoreMean": 0.920375671519131,
            "testScoreStd": 0.008788297384791522,
            "trainScoreMean": 0.9729146984946637,
            "trainScoreStd": 0.0034389430406950856,
            "time": 5137,
            "fitTimeMean": 952.8,
            "fitTimeStd": 264.6940875803613,
            "scoreTimeMean": 74.6,
            "scoreTimeStd": 31.327942798722038,
            "best_iteration": 9,
            "parameters": {
                "booster": "dart",
                "colsample_bylevel": 1.0,
                "colsample_bytree": 0.1,
                "gamma": 0.0,
                "learning_rate": 0.01,
                "max_delta_step": 0.0,
                "max_depth": 25,
                "min_child_weight": 1.0,
                "reg_alpha": 0.0,
                "reg_lambda": 1.0,
                "subsample": 1.0
            }
        },
        {
            "finishedAt": 1626105480785,
            "score": 0.9830460422944897,
            "testScoreGibMean": 0.9830460422944897,
            "testScoreMean": 0.9830460422944897,
            "testScoreStd": 0.0037973958269711303,
            "trainScoreMean": 0.9999997126759173,
            "trainScoreStd": 5.747751736050243e-07,
            "time": 19073,
            "fitTimeMean": 3733.4,
            "fitTimeStd": 1028.810108815033,
            "scoreTimeMean": 81.2,
            "scoreTimeStd": 52.41908049556001,
            "best_iteration": 48,
            "parameters": {
                "booster": "dart",
                "colsample_bylevel": 1.0,
                "colsample_bytree": 0.6,
                "gamma": 0.0,
                "learning_rate": 0.25,
                "max_delta_step": 0.0,
                "max_depth": 10,
                "min_child_weight": 1.0,
                "reg_alpha": 0.0,
                "reg_lambda": 1.0,
                "subsample": 1.0
            }
        },
        {
            "finishedAt": 1626105480962,
            "score": 0.9551809810870235,
            "testScoreGibMean": 0.9551809810870235,
            "testScoreMean": 0.9551809810870235,
            "testScoreStd": 0.0056399269903006045,
            "trainScoreMean": 0.968449952748281,
            "trainScoreStd": 0.0034069373708861313,
            "time": 3532,
            "fitTimeMean": 617.4,
            "fitTimeStd": 257.59860248068117,
            "scoreTimeMean": 89.0,
            "scoreTimeStd": 24.63331078032346,
            "best_iteration": 4,
            "parameters": {
                "booster": "dart",
                "colsample_bylevel": 1.0,
                "colsample_bytree": 0.6,
                "gamma": 0.5,
                "learning_rate": 0.01,
                "max_delta_step": 0.0,
                "max_depth": 5,
                "min_child_weight": 1.0,
                "reg_alpha": 0.0,
                "reg_lambda": 1.0,
                "subsample": 1.0
            }
        },
        {
            "finishedAt": 1626105481283,
            "score": 0.9331459642460844,
            "testScoreGibMean": 0.9331459642460844,
            "testScoreMean": 0.9331459642460844,
            "testScoreStd": 0.013346705109686682,
            "trainScoreMean": 0.9518642313538018,
            "trainScoreStd": 0.010610354197693512,
            "time": 3469,
            "fitTimeMean": 610.8,
            "fitTimeStd": 250.8484801628266,
            "scoreTimeMean": 83.0,
            "scoreTimeStd": 40.630038149132965,
            "best_iteration": 7,
            "parameters": {
                "booster": "dart",
                "colsample_bylevel": 1.0,
                "colsample_bytree": 0.1,
                "gamma": 0.0,
                "learning_rate": 0.25,
                "max_delta_step": 0.0,
                "max_depth": 5,
                "min_child_weight": 10.0,
                "reg_alpha": 0.0,
                "reg_lambda": 1.0,
                "subsample": 1.0
            }
        },
        {
            "finishedAt": 1626105481384,
            "score": 0.9159964113481394,
            "testScoreGibMean": 0.9159964113481394,
            "testScoreMean": 0.9159964113481394,
            "testScoreStd": 0.019083902696320015,
            "trainScoreMean": 0.9627074218016239,
            "trainScoreStd": 0.010323150622979105,
            "time": 4315,
            "fitTimeMean": 735.8,
            "fitTimeStd": 179.99044419079587,
            "scoreTimeMean": 127.2,
            "scoreTimeStd": 17.37124060048677,
            "best_iteration": 23,
            "parameters": {
                "booster": "gbtree",
                "colsample_bylevel": 1.0,
                "colsample_bytree": 0.1,
                "gamma": 0.0,
                "learning_rate": 0.01,
                "max_delta_step": 0.0,
                "max_depth": 10,
                "min_child_weight": 1.0,
                "reg_alpha": 0.0,
                "reg_lambda": 1.0,
                "subsample": 1.0
            }
        },
        {
            "finishedAt": 1626105481601,
            "score": 0.9341152373258373,
            "testScoreGibMean": 0.9341152373258373,
            "testScoreMean": 0.9341152373258373,
            "testScoreStd": 0.008250006738079345,
            "trainScoreMean": 0.9604244568739083,
            "trainScoreStd": 0.007533944146109993,
            "time": 3885,
            "fitTimeMean": 673.4,
            "fitTimeStd": 195.35669939881765,
            "scoreTimeMean": 103.6,
            "scoreTimeStd": 57.45119668031294,
            "best_iteration": 7,
            "parameters": {
                "booster": "dart",
                "colsample_bylevel": 1.0,
                "colsample_bytree": 0.1,
                "gamma": 0.5,
                "learning_rate": 0.25,
                "max_delta_step": 0.0,
                "max_depth": 25,
                "min_child_weight": 10.0,
                "reg_alpha": 0.0,
                "reg_lambda": 1.0,
                "subsample": 1.0
            }
        },
        {
            "finishedAt": 1626105482193,
            "score": 0.9130091063875014,
            "testScoreGibMean": 0.9130091063875014,
            "testScoreMean": 0.9130091063875014,
            "testScoreStd": 0.020466810888214695,
            "trainScoreMean": 0.968741798489642,
            "trainScoreStd": 0.008243933300208828,
            "time": 4624,
            "fitTimeMean": 838.0,
            "fitTimeStd": 229.77467223347313,
            "scoreTimeMean": 86.8,
            "scoreTimeStd": 41.2378466945111,
            "best_iteration": 17,
            "parameters": {
                "booster": "gbtree",
                "colsample_bylevel": 1.0,
                "colsample_bytree": 0.1,
                "gamma": 0.5,
                "learning_rate": 0.01,
                "max_delta_step": 0.0,
                "max_depth": 25,
                "min_child_weight": 1.0,
                "reg_alpha": 0.0,
                "reg_lambda": 1.0,
                "subsample": 1.0
            }
        },
        {
            "finishedAt": 1626105482285,
            "score": 0.9451133003410026,
            "testScoreGibMean": 0.9451133003410026,
            "testScoreMean": 0.9451133003410026,
            "testScoreStd": 0.021315562836071708,
            "trainScoreMean": 0.9602611898045506,
            "trainScoreStd": 0.020700048870596458,
            "time": 3996,
            "fitTimeMean": 680.8,
            "fitTimeStd": 258.96208216648245,
            "scoreTimeMean": 118.4,
            "scoreTimeStd": 49.74575358761791,
            "best_iteration": 23,
            "parameters": {
                "booster": "gbtree",
                "colsample_bylevel": 1.0,
                "colsample_bytree": 0.1,
                "gamma": 0.0,
                "learning_rate": 0.25,
                "max_delta_step": 0.0,
                "max_depth": 5,
                "min_child_weight": 10.0,
                "reg_alpha": 0.0,
                "reg_lambda": 1.0,
                "subsample": 1.0
            }
        },
        {
            "finishedAt": 1626105482483,
            "score": 0.9176687398949853,
            "testScoreGibMean": 0.9176687398949853,
            "testScoreMean": 0.9176687398949853,
            "testScoreStd": 0.015574531692905548,
            "trainScoreMean": 0.9304114390070277,
            "trainScoreStd": 0.015091350461383567,
            "time": 3261,
            "fitTimeMean": 517.6,
            "fitTimeStd": 133.93371494885074,
            "scoreTimeMean": 134.6,
            "scoreTimeStd": 47.46619849956387,
            "best_iteration": 23,
            "parameters": {
                "booster": "gbtree",
                "colsample_bylevel": 1.0,
                "colsample_bytree": 0.1,
                "gamma": 0.5,
                "learning_rate": 0.01,
                "max_delta_step": 0.0,
                "max_depth": 5,
                "min_child_weight": 10.0,
                "reg_alpha": 0.0,
                "reg_lambda": 1.0,
                "subsample": 1.0
            }
        },
        {
            "finishedAt": 1626105482533,
            "score": 0.9250315886149891,
            "testScoreGibMean": 0.9250315886149891,
            "testScoreMean": 0.9250315886149891,
            "testScoreStd": 0.004812706241924272,
            "trainScoreMean": 0.9440367034804804,
            "trainScoreStd": 0.004769056981885976,
            "time": 3583,
            "fitTimeMean": 604.6,
            "fitTimeStd": 188.66329796756972,
            "scoreTimeMean": 112.0,
            "scoreTimeStd": 79.6994353806851,
            "best_iteration": 7,
            "parameters": {
                "booster": "dart",
                "colsample_bylevel": 1.0,
                "colsample_bytree": 0.1,
                "gamma": 0.5,
                "learning_rate": 0.01,
                "max_delta_step": 0.0,
                "max_depth": 25,
                "min_child_weight": 10.0,
                "reg_alpha": 0.0,
                "reg_lambda": 1.0,
                "subsample": 1.0
            }
        },
        {
            "finishedAt": 1626105482849,
            "score": 0.9179070002571011,
            "testScoreGibMean": 0.9179070002571011,
            "testScoreMean": 0.9179070002571011,
            "testScoreStd": 0.01547246116947614,
            "trainScoreMean": 0.9314530085419775,
            "trainScoreStd": 0.014774361980239384,
            "time": 3739,
            "fitTimeMean": 537.0,
            "fitTimeStd": 154.20765220960988,
            "scoreTimeMean": 210.8,
            "scoreTimeStd": 28.78471816780564,
            "best_iteration": 23,
            "parameters": {
                "booster": "gbtree",
                "colsample_bylevel": 1.0,
                "colsample_bytree": 0.1,
                "gamma": 0.0,
                "learning_rate": 0.01,
                "max_delta_step": 0.0,
                "max_depth": 5,
                "min_child_weight": 10.0,
                "reg_alpha": 0.0,
                "reg_lambda": 1.0,
                "subsample": 1.0
            }
        },
        {
            "finishedAt": 1626105483027,
            "score": 0.9345609740008167,
            "testScoreGibMean": 0.9345609740008167,
            "testScoreMean": 0.9345609740008167,
            "testScoreStd": 0.01333213968888026,
            "trainScoreMean": 0.9602508179849686,
            "trainScoreStd": 0.01161792251126286,
            "time": 3945,
            "fitTimeMean": 624.4,
            "fitTimeStd": 197.9692905478019,
            "scoreTimeMean": 164.6,
            "scoreTimeStd": 28.597902020952517,
            "best_iteration": 7,
            "parameters": {
                "booster": "dart",
                "colsample_bylevel": 1.0,
                "colsample_bytree": 0.1,
                "gamma": 0.0,
                "learning_rate": 0.25,
                "max_delta_step": 0.0,
                "max_depth": 5,
                "min_child_weight": 1.0,
                "reg_alpha": 0.0,
                "reg_lambda": 1.0,
                "subsample": 1.0
            }
        },
        {
            "finishedAt": 1626105483126,
            "score": 0.9185601386841242,
            "testScoreGibMean": 0.9185601386841242,
            "testScoreMean": 0.9185601386841242,
            "testScoreStd": 0.008487020517701787,
            "trainScoreMean": 0.9389584696477487,
            "trainScoreStd": 0.0021879218641651845,
            "time": 3437,
            "fitTimeMean": 529.8,
            "fitTimeStd": 149.33238094934399,
            "scoreTimeMean": 157.6,
            "scoreTimeStd": 64.76912844866757,
            "best_iteration": 7,
            "parameters": {
                "booster": "dart",
                "colsample_bylevel": 1.0,
                "colsample_bytree": 0.1,
                "gamma": 0.0,
                "learning_rate": 0.01,
                "max_delta_step": 0.0,
                "max_depth": 5,
                "min_child_weight": 1.0,
                "reg_alpha": 0.0,
                "reg_lambda": 1.0,
                "subsample": 1.0
            }
        },
        {
            "finishedAt": 1626105483906,
            "score": 0.9228543081802784,
            "testScoreGibMean": 0.9228543081802784,
            "testScoreMean": 0.9228543081802784,
            "testScoreStd": 0.008088606240938856,
            "trainScoreMean": 0.9668737535595392,
            "trainScoreStd": 0.0016697807964421922,
            "time": 3994,
            "fitTimeMean": 751.6,
            "fitTimeStd": 270.1692802670207,
            "scoreTimeMean": 47.2,
            "scoreTimeStd": 12.023310692151309,
            "best_iteration": 7,
            "parameters": {
                "booster": "dart",
                "colsample_bylevel": 1.0,
                "colsample_bytree": 0.1,
                "gamma": 0.5,
                "learning_rate": 0.01,
                "max_delta_step": 0.0,
                "max_depth": 10,
                "min_child_weight": 1.0,
                "reg_alpha": 0.0,
                "reg_lambda": 1.0,
                "subsample": 1.0
            }
        },
        {
            "finishedAt": 1626105484096,
            "score": 0.9492197635383002,
            "testScoreGibMean": 0.9492197635383002,
            "testScoreMean": 0.9492197635383002,
            "testScoreStd": 0.014821759984392288,
            "trainScoreMean": 0.9743201273232136,
            "trainScoreStd": 0.014911621287914583,
            "time": 5473,
            "fitTimeMean": 1048.4,
            "fitTimeStd": 295.1586691933679,
            "scoreTimeMean": 46.2,
            "scoreTimeStd": 21.88515478583599,
            "best_iteration": 23,
            "parameters": {
                "booster": "gbtree",
                "colsample_bylevel": 1.0,
                "colsample_bytree": 0.1,
                "gamma": 0.0,
                "learning_rate": 0.25,
                "max_delta_step": 0.0,
                "max_depth": 25,
                "min_child_weight": 10.0,
                "reg_alpha": 0.0,
                "reg_lambda": 1.0,
                "subsample": 1.0
            }
        },
        {
            "finishedAt": 1626105484308,
            "score": 0.9141021635858252,
            "testScoreGibMean": 0.9141021635858252,
            "testScoreMean": 0.9141021635858252,
            "testScoreStd": 0.01651273003398185,
            "trainScoreMean": 0.9358804658405785,
            "trainScoreStd": 0.014461502559041153,
            "time": 2908,
            "fitTimeMean": 521.0,
            "fitTimeStd": 173.41741550374923,
            "scoreTimeMean": 60.6,
            "scoreTimeStd": 26.40151510803878,
            "best_iteration": 9,
            "parameters": {
                "booster": "gbtree",
                "colsample_bylevel": 1.0,
                "colsample_bytree": 0.1,
                "gamma": 0.0,
                "learning_rate": 0.01,
                "max_delta_step": 0.0,
                "max_depth": 10,
                "min_child_weight": 10.0,
                "reg_alpha": 0.0,
                "reg_lambda": 1.0,
                "subsample": 1.0
            }
        },
        {
            "finishedAt": 1626105485228,
            "score": 0.9553754979718455,
            "testScoreGibMean": 0.9553754979718455,
            "testScoreMean": 0.9553754979718455,
            "testScoreStd": 0.008799449219865843,
            "trainScoreMean": 0.9723799217630957,
            "trainScoreStd": 0.002702469969653453,
            "time": 5306,
            "fitTimeMean": 1032.8,
            "fitTimeStd": 257.1034033224765,
            "scoreTimeMean": 28.4,
            "scoreTimeStd": 4.029888335921977,
            "best_iteration": 23,
            "parameters": {
                "booster": "gbtree",
                "colsample_bylevel": 1.0,
                "colsample_bytree": 0.6,
                "gamma": 0.5,
                "learning_rate": 0.01,
                "max_delta_step": 0.0,
                "max_depth": 5,
                "min_child_weight": 1.0,
                "reg_alpha": 0.0,
                "reg_lambda": 1.0,
                "subsample": 1.0
            }
        },
        {
            "finishedAt": 1626105486669,
            "score": 0.9710975699872869,
            "testScoreGibMean": 0.9710975699872869,
            "testScoreMean": 0.9710975699872869,
            "testScoreStd": 0.004374897931312559,
            "trainScoreMean": 0.9945689777862898,
            "trainScoreStd": 0.001098603135061883,
            "time": 8527,
            "fitTimeMean": 1669.4,
            "fitTimeStd": 287.08786111572186,
            "scoreTimeMean": 36.0,
            "scoreTimeStd": 7.536577472566709,
            "best_iteration": 16,
            "parameters": {
                "booster": "dart",
                "colsample_bylevel": 1.0,
                "colsample_bytree": 0.6,
                "gamma": 0.5,
                "learning_rate": 0.01,
                "max_delta_step": 0.0,
                "max_depth": 10,
                "min_child_weight": 1.0,
                "reg_alpha": 0.0,
                "reg_lambda": 1.0,
                "subsample": 1.0
            }
        },
        {
            "finishedAt": 1626105486944,
            "score": 0.9828179881921785,
            "testScoreGibMean": 0.9828179881921785,
            "testScoreMean": 0.9828179881921785,
            "testScoreStd": 0.0034704717258402613,
            "trainScoreMean": 0.9981253968244413,
            "trainScoreStd": 0.0007250256646589923,
            "time": 11699,
            "fitTimeMean": 2283.8,
            "fitTimeStd": 466.0962990627581,
            "scoreTimeMean": 56.0,
            "scoreTimeStd": 17.23948955160796,
            "best_iteration": 40,
            "parameters": {
                "booster": "dart",
                "colsample_bylevel": 1.0,
                "colsample_bytree": 0.6,
                "gamma": 0.0,
                "learning_rate": 0.25,
                "max_delta_step": 0.0,
                "max_depth": 5,
                "min_child_weight": 1.0,
                "reg_alpha": 0.0,
                "reg_lambda": 1.0,
                "subsample": 1.0
            }
        },
        {
            "finishedAt": 1626105487615,
            "score": 0.9595487488240704,
            "testScoreGibMean": 0.9595487488240704,
            "testScoreMean": 0.9595487488240704,
            "testScoreStd": 0.0036942676890373153,
            "trainScoreMean": 0.9737103118922289,
            "trainScoreStd": 0.002519395457490139,
            "time": 4997,
            "fitTimeMean": 905.2,
            "fitTimeStd": 358.9949303263209,
            "scoreTimeMean": 94.2,
            "scoreTimeStd": 24.67711490429949,
            "best_iteration": 15,
            "parameters": {
                "booster": "dart",
                "colsample_bylevel": 1.0,
                "colsample_bytree": 0.6,
                "gamma": 0.5,
                "learning_rate": 0.01,
                "max_delta_step": 0.0,
                "max_depth": 10,
                "min_child_weight": 10.0,
                "reg_alpha": 0.0,
                "reg_lambda": 1.0,
                "subsample": 1.0
            }
        },
        {
            "finishedAt": 1626105487681,
            "score": 0.9247381070610832,
            "testScoreGibMean": 0.9247381070610832,
            "testScoreMean": 0.9247381070610832,
            "testScoreStd": 0.004897542668418262,
            "trainScoreMean": 0.9454312942575823,
            "trainScoreStd": 0.004818800564830193,
            "time": 3504,
            "fitTimeMean": 591.6,
            "fitTimeStd": 198.4838532475627,
            "scoreTimeMean": 109.2,
            "scoreTimeStd": 64.05435192084921,
            "best_iteration": 7,
            "parameters": {
                "booster": "dart",
                "colsample_bylevel": 1.0,
                "colsample_bytree": 0.1,
                "gamma": 0.0,
                "learning_rate": 0.01,
                "max_delta_step": 0.0,
                "max_depth": 25,
                "min_child_weight": 10.0,
                "reg_alpha": 0.0,
                "reg_lambda": 1.0,
                "subsample": 1.0
            }
        },
        {
            "finishedAt": 1626105488188,
            "score": 0.9832104677748226,
            "testScoreGibMean": 0.9832104677748226,
            "testScoreMean": 0.9832104677748226,
            "testScoreStd": 0.0032175472112023567,
            "trainScoreMean": 0.9999987761255563,
            "trainScoreStd": 1.9523896793707388e-06,
            "time": 19544,
            "fitTimeMean": 3862.8,
            "fitTimeStd": 968.6818672815137,
            "scoreTimeMean": 46.0,
            "scoreTimeStd": 15.517731793016658,
            "best_iteration": 38,
            "parameters": {
                "booster": "dart",
                "colsample_bylevel": 1.0,
                "colsample_bytree": 0.6,
                "gamma": 0.5,
                "learning_rate": 0.25,
                "max_delta_step": 0.0,
                "max_depth": 10,
                "min_child_weight": 1.0,
                "reg_alpha": 0.0,
                "reg_lambda": 1.0,
                "subsample": 1.0
            }
        },
        {
            "finishedAt": 1626105488536,
            "score": 0.9499282169229928,
            "testScoreGibMean": 0.9499282169229928,
            "testScoreMean": 0.9499282169229928,
            "testScoreStd": 0.015496534083465343,
            "trainScoreMean": 0.9744342118779639,
            "trainScoreStd": 0.015707109370603427,
            "time": 4713,
            "fitTimeMean": 904.0,
            "fitTimeStd": 308.0259729308553,
            "scoreTimeMean": 38.6,
            "scoreTimeStd": 11.253443917308159,
            "best_iteration": 23,
            "parameters": {
                "booster": "gbtree",
                "colsample_bylevel": 1.0,
                "colsample_bytree": 0.1,
                "gamma": 0.0,
                "learning_rate": 0.25,
                "max_delta_step": 0.0,
                "max_depth": 10,
                "min_child_weight": 10.0,
                "reg_alpha": 0.0,
                "reg_lambda": 1.0,
                "subsample": 1.0
            }
        },
        {
            "finishedAt": 1626105488638,
            "score": 0.9804757381227034,
            "testScoreGibMean": 0.9804757381227034,
            "testScoreMean": 0.9804757381227034,
            "testScoreStd": 0.0026627979642539876,
            "trainScoreMean": 0.9959702817220528,
            "trainScoreStd": 0.0013527406080753362,
            "time": 10414,
            "fitTimeMean": 2013.2,
            "fitTimeStd": 479.8230507176578,
            "scoreTimeMean": 69.6,
            "scoreTimeStd": 13.215142829345433,
            "best_iteration": 22,
            "parameters": {
                "booster": "dart",
                "colsample_bylevel": 1.0,
                "colsample_bytree": 0.6,
                "gamma": 0.5,
                "learning_rate": 0.25,
                "max_delta_step": 0.0,
                "max_depth": 10,
                "min_child_weight": 10.0,
                "reg_alpha": 0.0,
                "reg_lambda": 1.0,
                "subsample": 1.0
            }
        },
        {
            "finishedAt": 1626105488963,
            "score": 0.9572734071555197,
            "testScoreGibMean": 0.9572734071555197,
            "testScoreMean": 0.9572734071555197,
            "testScoreStd": 0.006071462435306596,
            "trainScoreMean": 0.9752629896176978,
            "trainScoreStd": 0.0028346175502447076,
            "time": 4925,
            "fitTimeMean": 946.8,
            "fitTimeStd": 223.91373338855303,
            "scoreTimeMean": 38.2,
            "scoreTimeStd": 10.186265262597475,
            "best_iteration": 22,
            "parameters": {
                "booster": "gbtree",
                "colsample_bylevel": 1.0,
                "colsample_bytree": 0.6,
                "gamma": 0.5,
                "learning_rate": 0.01,
                "max_delta_step": 0.0,
                "max_depth": 25,
                "min_child_weight": 10.0,
                "reg_alpha": 0.0,
                "reg_lambda": 1.0,
                "subsample": 1.0
            }
        },
        {
            "finishedAt": 1626105489139,
            "score": 0.9585588979548697,
            "testScoreGibMean": 0.9585588979548697,
            "testScoreMean": 0.9585588979548697,
            "testScoreStd": 0.007376817800936022,
            "trainScoreMean": 0.9760727707929672,
            "trainScoreStd": 0.0036373039280890073,
            "time": 5558,
            "fitTimeMean": 1062.0,
            "fitTimeStd": 349.8816942910846,
            "scoreTimeMean": 49.6,
            "scoreTimeStd": 19.622436138257655,
            "best_iteration": 21,
            "parameters": {
                "booster": "gbtree",
                "colsample_bylevel": 1.0,
                "colsample_bytree": 0.6,
                "gamma": 0.0,
                "learning_rate": 0.01,
                "max_delta_step": 0.0,
                "max_depth": 10,
                "min_child_weight": 10.0,
                "reg_alpha": 0.0,
                "reg_lambda": 1.0,
                "subsample": 1.0
            }
        },
        {
            "finishedAt": 1626105490118,
            "score": 0.9345257250077872,
            "testScoreGibMean": 0.9345257250077872,
            "testScoreMean": 0.9345257250077872,
            "testScoreStd": 0.008109680335310041,
            "trainScoreMean": 0.961538438822923,
            "trainScoreStd": 0.0071479178624440564,
            "time": 3136,
            "fitTimeMean": 572.0,
            "fitTimeStd": 206.50617424183716,
            "scoreTimeMean": 55.2,
            "scoreTimeStd": 14.79729705047513,
            "best_iteration": 7,
            "parameters": {
                "booster": "dart",
                "colsample_bylevel": 1.0,
                "colsample_bytree": 0.1,
                "gamma": 0.0,
                "learning_rate": 0.25,
                "max_delta_step": 0.0,
                "max_depth": 25,
                "min_child_weight": 10.0,
                "reg_alpha": 0.0,
                "reg_lambda": 1.0,
                "subsample": 1.0
            }
        },
        {
            "finishedAt": 1626105490515,
            "score": 0.9582782429220184,
            "testScoreGibMean": 0.9582782429220184,
            "testScoreMean": 0.9582782429220184,
            "testScoreStd": 0.007450030816304091,
            "trainScoreMean": 0.975688867333269,
            "trainScoreStd": 0.003495275203404148,
            "time": 5258,
            "fitTimeMean": 967.8,
            "fitTimeStd": 354.7299818171563,
            "scoreTimeMean": 83.8,
            "scoreTimeStd": 57.20629336008408,
            "best_iteration": 21,
            "parameters": {
                "booster": "gbtree",
                "colsample_bylevel": 1.0,
                "colsample_bytree": 0.6,
                "gamma": 0.5,
                "learning_rate": 0.01,
                "max_delta_step": 0.0,
                "max_depth": 10,
                "min_child_weight": 10.0,
                "reg_alpha": 0.0,
                "reg_lambda": 1.0,
                "subsample": 1.0
            }
        },
        {
            "finishedAt": 1626105490547,
            "score": 0.9467783388731543,
            "testScoreGibMean": 0.9467783388731543,
            "testScoreMean": 0.9467783388731543,
            "testScoreStd": 0.013753292454081124,
            "trainScoreMean": 0.9988442057768918,
            "trainScoreStd": 0.000900351273812664,
            "time": 7074,
            "fitTimeMean": 1339.6,
            "fitTimeStd": 402.107249375089,
            "scoreTimeMean": 75.2,
            "scoreTimeStd": 61.24181577974317,
            "best_iteration": 23,
            "parameters": {
                "booster": "gbtree",
                "colsample_bylevel": 1.0,
                "colsample_bytree": 0.1,
                "gamma": 0.0,
                "learning_rate": 0.25,
                "max_delta_step": 0.0,
                "max_depth": 25,
                "min_child_weight": 1.0,
                "reg_alpha": 0.0,
                "reg_lambda": 1.0,
                "subsample": 1.0
            }
        },
        {
            "finishedAt": 1626105490699,
            "score": 0.9177064695969283,
            "testScoreGibMean": 0.9177064695969283,
            "testScoreMean": 0.9177064695969283,
            "testScoreStd": 0.017053394468132393,
            "trainScoreMean": 0.9372316997661806,
            "trainScoreStd": 0.014436136639376764,
            "time": 3247,
            "fitTimeMean": 522.4,
            "fitTimeStd": 144.55255099789835,
            "scoreTimeMean": 127.0,
            "scoreTimeStd": 39.232639472765534,
            "best_iteration": 23,
            "parameters": {
                "booster": "gbtree",
                "colsample_bylevel": 1.0,
                "colsample_bytree": 0.1,
                "gamma": 0.5,
                "learning_rate": 0.01,
                "max_delta_step": 0.0,
                "max_depth": 5,
                "min_child_weight": 1.0,
                "reg_alpha": 0.0,
                "reg_lambda": 1.0,
                "subsample": 1.0
            }
        },
        {
            "finishedAt": 1626105490773,
            "score": 0.9190765378507852,
            "testScoreGibMean": 0.9190765378507852,
            "testScoreMean": 0.9190765378507852,
            "testScoreStd": 0.008492852386896675,
            "trainScoreMean": 0.9383419541100179,
            "trainScoreStd": 0.002334935225315808,
            "time": 3082,
            "fitTimeMean": 454.0,
            "fitTimeStd": 162.65669368335261,
            "scoreTimeMean": 162.4,
            "scoreTimeStd": 47.05146118878775,
            "best_iteration": 7,
            "parameters": {
                "booster": "dart",
                "colsample_bylevel": 1.0,
                "colsample_bytree": 0.1,
                "gamma": 0.5,
                "learning_rate": 0.01,
                "max_delta_step": 0.0,
                "max_depth": 5,
                "min_child_weight": 1.0,
                "reg_alpha": 0.0,
                "reg_lambda": 1.0,
                "subsample": 1.0
            }
        },
        {
            "finishedAt": 1626105491234,
            "score": 0.9208360600264988,
            "testScoreGibMean": 0.9208360600264988,
            "testScoreMean": 0.9208360600264988,
            "testScoreStd": 0.0172875319524666,
            "trainScoreMean": 0.9408922426152507,
            "trainScoreStd": 0.013841685348378506,
            "time": 3302,
            "fitTimeMean": 633.0,
            "fitTimeStd": 128.68410935309765,
            "scoreTimeMean": 27.4,
            "scoreTimeStd": 3.1368774282716245,
            "best_iteration": 23,
            "parameters": {
                "booster": "gbtree",
                "colsample_bylevel": 1.0,
                "colsample_bytree": 0.1,
                "gamma": 0.5,
                "learning_rate": 0.01,
                "max_delta_step": 0.0,
                "max_depth": 10,
                "min_child_weight": 10.0,
                "reg_alpha": 0.0,
                "reg_lambda": 1.0,
                "subsample": 1.0
            }
        },
        {
            "finishedAt": 1626105491724,
            "score": 0.9819231804717284,
            "testScoreGibMean": 0.9819231804717284,
            "testScoreMean": 0.9819231804717284,
            "testScoreStd": 0.004160653392017017,
            "trainScoreMean": 0.999989009853835,
            "trainScoreStd": 2.198515038995925e-05,
            "time": 12999,
            "fitTimeMean": 2544.2,
            "fitTimeStd": 750.3144407513427,
            "scoreTimeMean": 55.6,
            "scoreTimeStd": 19.71395444856257,
            "best_iteration": 52,
            "parameters": {
                "booster": "gbtree",
                "colsample_bylevel": 1.0,
                "colsample_bytree": 0.6,
                "gamma": 0.0,
                "learning_rate": 0.25,
                "max_delta_step": 0.0,
                "max_depth": 10,
                "min_child_weight": 1.0,
                "reg_alpha": 0.0,
                "reg_lambda": 1.0,
                "subsample": 1.0
            }
        },
        {
            "finishedAt": 1626105492120,
            "score": 0.9200220179881665,
            "testScoreGibMean": 0.9200220179881665,
            "testScoreMean": 0.9200220179881665,
            "testScoreStd": 0.006095190457060471,
            "trainScoreMean": 0.9336093860301726,
            "trainScoreStd": 0.002873581569658262,
            "time": 3020,
            "fitTimeMean": 556.4,
            "fitTimeStd": 159.52003009026797,
            "scoreTimeMean": 47.6,
            "scoreTimeStd": 22.17746604100658,
            "best_iteration": 10,
            "parameters": {
                "booster": "dart",
                "colsample_bylevel": 1.0,
                "colsample_bytree": 0.1,
                "gamma": 0.0,
                "learning_rate": 0.01,
                "max_delta_step": 0.0,
                "max_depth": 5,
                "min_child_weight": 10.0,
                "reg_alpha": 0.0,
                "reg_lambda": 1.0,
                "subsample": 1.0
            }
        },
        {
            "finishedAt": 1626105492268,
            "score": 0.955603761170074,
            "testScoreGibMean": 0.955603761170074,
            "testScoreMean": 0.955603761170074,
            "testScoreStd": 0.006333791169841945,
            "trainScoreMean": 0.9689838290371776,
            "trainScoreStd": 0.002600529206693692,
            "time": 5321,
            "fitTimeMean": 1008.2,
            "fitTimeStd": 242.77512228397705,
            "scoreTimeMean": 56.0,
            "scoreTimeStd": 31.12555220393688,
            "best_iteration": 32,
            "parameters": {
                "booster": "gbtree",
                "colsample_bylevel": 1.0,
                "colsample_bytree": 0.6,
                "gamma": 0.5,
                "learning_rate": 0.01,
                "max_delta_step": 0.0,
                "max_depth": 5,
                "min_child_weight": 10.0,
                "reg_alpha": 0.0,
                "reg_lambda": 1.0,
                "subsample": 1.0
            }
        },
        {
            "finishedAt": 1626105492932,
            "score": 0.9444076247123396,
            "testScoreGibMean": 0.9444076247123396,
            "testScoreMean": 0.9444076247123396,
            "testScoreStd": 0.02079398926049118,
            "trainScoreMean": 0.9585270764337129,
            "trainScoreStd": 0.019763859313058258,
            "time": 3158,
            "fitTimeMean": 516.4,
            "fitTimeStd": 237.85003678788868,
            "scoreTimeMean": 115.2,
            "scoreTimeStd": 70.1124810572269,
            "best_iteration": 23,
            "parameters": {
                "booster": "gbtree",
                "colsample_bylevel": 1.0,
                "colsample_bytree": 0.1,
                "gamma": 0.5,
                "learning_rate": 0.25,
                "max_delta_step": 0.0,
                "max_depth": 5,
                "min_child_weight": 10.0,
                "reg_alpha": 0.0,
                "reg_lambda": 1.0,
                "subsample": 1.0
            }
        },
        {
            "finishedAt": 1626105493103,
            "score": 0.9554205059926678,
            "testScoreGibMean": 0.9554205059926678,
            "testScoreMean": 0.9554205059926678,
            "testScoreStd": 0.008771850937583274,
            "trainScoreMean": 0.9724580871642816,
            "trainScoreStd": 0.002675745181419317,
            "time": 5559,
            "fitTimeMean": 1001.2,
            "fitTimeStd": 255.9620284339066,
            "scoreTimeMean": 110.6,
            "scoreTimeStd": 60.612209991057085,
            "best_iteration": 23,
            "parameters": {
                "booster": "gbtree",
                "colsample_bylevel": 1.0,
                "colsample_bytree": 0.6,
                "gamma": 0.0,
                "learning_rate": 0.01,
                "max_delta_step": 0.0,
                "max_depth": 5,
                "min_child_weight": 1.0,
                "reg_alpha": 0.0,
                "reg_lambda": 1.0,
                "subsample": 1.0
            }
        },
        {
            "finishedAt": 1626105493801,
            "score": 0.9158139586963479,
            "testScoreGibMean": 0.9158139586963479,
            "testScoreMean": 0.9158139586963479,
            "testScoreStd": 0.018537130316249453,
            "trainScoreMean": 0.9614475416148665,
            "trainScoreStd": 0.010362107083887996,
            "time": 3546,
            "fitTimeMean": 676.2,
            "fitTimeStd": 186.6509040963906,
            "scoreTimeMean": 33.0,
            "scoreTimeStd": 9.143303560529969,
            "best_iteration": 23,
            "parameters": {
                "booster": "gbtree",
                "colsample_bylevel": 1.0,
                "colsample_bytree": 0.1,
                "gamma": 0.5,
                "learning_rate": 0.01,
                "max_delta_step": 0.0,
                "max_depth": 10,
                "min_child_weight": 1.0,
                "reg_alpha": 0.0,
                "reg_lambda": 1.0,
                "subsample": 1.0
            }
        },
        {
            "finishedAt": 1626105494505,
            "score": 0.9810650455768601,
            "testScoreGibMean": 0.9810650455768601,
            "testScoreMean": 0.9810650455768601,
            "testScoreStd": 0.0028163860342700514,
            "trainScoreMean": 0.9999952484874537,
            "trainScoreStd": 9.499876483946336e-06,
            "time": 14556,
            "fitTimeMean": 2823.2,
            "fitTimeStd": 649.1318510133361,
            "scoreTimeMean": 88.0,
            "scoreTimeStd": 60.36555309114628,
            "best_iteration": 26,
            "parameters": {
                "booster": "dart",
                "colsample_bylevel": 1.0,
                "colsample_bytree": 0.6,
                "gamma": 0.0,
                "learning_rate": 0.25,
                "max_delta_step": 0.0,
                "max_depth": 25,
                "min_child_weight": 1.0,
                "reg_alpha": 0.0,
                "reg_lambda": 1.0,
                "subsample": 1.0
            }
        },
        {
            "finishedAt": 1626105495192,
            "score": 0.9500040860126661,
            "testScoreGibMean": 0.9500040860126661,
            "testScoreMean": 0.9500040860126661,
            "testScoreStd": 0.01500550400300661,
            "trainScoreMean": 0.9732916983715761,
            "trainScoreStd": 0.015664442773711935,
            "time": 4604,
            "fitTimeMean": 853.6,
            "fitTimeStd": 347.6795075928404,
            "scoreTimeMean": 67.2,
            "scoreTimeStd": 80.9577667676178,
            "best_iteration": 23,
            "parameters": {
                "booster": "gbtree",
                "colsample_bylevel": 1.0,
                "colsample_bytree": 0.1,
                "gamma": 0.5,
                "learning_rate": 0.25,
                "max_delta_step": 0.0,
                "max_depth": 10,
                "min_child_weight": 10.0,
                "reg_alpha": 0.0,
                "reg_lambda": 1.0,
                "subsample": 1.0
            }
        },
        {
            "finishedAt": 1626105495307,
            "score": 0.9252482833564758,
            "testScoreGibMean": 0.9252482833564758,
            "testScoreMean": 0.9252482833564758,
            "testScoreStd": 0.010048959364682447,
            "trainScoreMean": 0.984946979148276,
            "trainScoreStd": 0.005076948335795061,
            "time": 4238,
            "fitTimeMean": 685.4,
            "fitTimeStd": 218.33057504619,
            "scoreTimeMean": 162.2,
            "scoreTimeStd": 47.599999999999994,
            "best_iteration": 7,
            "parameters": {
                "booster": "dart",
                "colsample_bylevel": 1.0,
                "colsample_bytree": 0.1,
                "gamma": 0.0,
                "learning_rate": 0.25,
                "max_delta_step": 0.0,
                "max_depth": 10,
                "min_child_weight": 1.0,
                "reg_alpha": 0.0,
                "reg_lambda": 1.0,
                "subsample": 1.0
            }
        },
        {
            "finishedAt": 1626105495424,
            "score": 0.9300316118683956,
            "testScoreGibMean": 0.9300316118683956,
            "testScoreMean": 0.9300316118683956,
            "testScoreStd": 0.0115492596065531,
            "trainScoreMean": 0.9546902151153788,
            "trainScoreStd": 0.009116298110846032,
            "time": 3574,
            "fitTimeMean": 521.6,
            "fitTimeStd": 161.65716810584058,
            "scoreTimeMean": 193.2,
            "scoreTimeStd": 24.894979413528343,
            "best_iteration": 7,
            "parameters": {
                "booster": "dart",
                "colsample_bylevel": 1.0,
                "colsample_bytree": 0.1,
                "gamma": 0.5,
                "learning_rate": 0.25,
                "max_delta_step": 0.0,
                "max_depth": 5,
                "min_child_weight": 1.0,
                "reg_alpha": 0.0,
                "reg_lambda": 1.0,
                "subsample": 1.0
            }
        },
        {
            "finishedAt": 1626105495836,
            "score": 0.97992905546773,
            "testScoreGibMean": 0.97992905546773,
            "testScoreMean": 0.97992905546773,
            "testScoreStd": 0.0022348160526612926,
            "trainScoreMean": 0.9964247755216903,
            "trainScoreStd": 0.0014154518394577688,
            "time": 11075,
            "fitTimeMean": 2161.0,
            "fitTimeStd": 648.4705081960166,
            "scoreTimeMean": 54.0,
            "scoreTimeStd": 32.47768464653846,
            "best_iteration": 31,
            "parameters": {
                "booster": "dart",
                "colsample_bylevel": 1.0,
                "colsample_bytree": 0.6,
                "gamma": 0.0,
                "learning_rate": 0.25,
                "max_delta_step": 0.0,
                "max_depth": 10,
                "min_child_weight": 10.0,
                "reg_alpha": 0.0,
                "reg_lambda": 1.0,
                "subsample": 1.0
            }
        },
        {
            "finishedAt": 1626105496416,
            "score": 0.9575025740215801,
            "testScoreGibMean": 0.9575025740215801,
            "testScoreMean": 0.9575025740215801,
            "testScoreStd": 0.00610290042312322,
            "trainScoreMean": 0.9756574048017723,
            "trainScoreStd": 0.003015656619849173,
            "time": 6031,
            "fitTimeMean": 1078.4,
            "fitTimeStd": 201.3262029642441,
            "scoreTimeMean": 127.8,
            "scoreTimeStd": 53.48420327535973,
            "best_iteration": 21,
            "parameters": {
                "booster": "gbtree",
                "colsample_bylevel": 1.0,
                "colsample_bytree": 0.6,
                "gamma": 0.0,
                "learning_rate": 0.01,
                "max_delta_step": 0.0,
                "max_depth": 25,
                "min_child_weight": 10.0,
                "reg_alpha": 0.0,
                "reg_lambda": 1.0,
                "subsample": 1.0
            }
        },
        {
            "finishedAt": 1626105496440,
            "score": 0.9693523412270446,
            "testScoreGibMean": 0.9693523412270446,
            "testScoreMean": 0.9693523412270446,
            "testScoreStd": 0.007877155919900831,
            "trainScoreMean": 0.9958661484267565,
            "trainScoreStd": 0.0013123418334876932,
            "time": 10652,
            "fitTimeMean": 2014.6,
            "fitTimeStd": 773.743781881315,
            "scoreTimeMean": 115.8,
            "scoreTimeStd": 48.99142782160977,
            "best_iteration": 21,
            "parameters": {
                "booster": "gbtree",
                "colsample_bylevel": 1.0,
                "colsample_bytree": 0.6,
                "gamma": 0.0,
                "learning_rate": 0.01,
                "max_delta_step": 0.0,
                "max_depth": 10,
                "min_child_weight": 1.0,
                "reg_alpha": 0.0,
                "reg_lambda": 1.0,
                "subsample": 1.0
            }
        },
        {
            "finishedAt": 1626105496806,
            "score": 0.9422213088951537,
            "testScoreGibMean": 0.9422213088951537,
            "testScoreMean": 0.9422213088951537,
            "testScoreStd": 0.02384627139671778,
            "trainScoreMean": 0.9895163849788466,
            "trainScoreStd": 0.009105886391026306,
            "time": 5001,
            "fitTimeMean": 903.0,
            "fitTimeStd": 370.3182415166717,
            "scoreTimeMean": 97.2,
            "scoreTimeStd": 62.54726213032829,
            "best_iteration": 23,
            "parameters": {
                "booster": "gbtree",
                "colsample_bylevel": 1.0,
                "colsample_bytree": 0.1,
                "gamma": 0.5,
                "learning_rate": 0.25,
                "max_delta_step": 0.0,
                "max_depth": 10,
                "min_child_weight": 1.0,
                "reg_alpha": 0.0,
                "reg_lambda": 1.0,
                "subsample": 1.0
            }
        },
        {
            "finishedAt": 1626105497082,
            "score": 0.9493552457976051,
            "testScoreGibMean": 0.9493552457976051,
            "testScoreMean": 0.9493552457976051,
            "testScoreStd": 0.015387845064342145,
            "trainScoreMean": 0.9736569536070091,
            "trainScoreStd": 0.015579395400459656,
            "time": 4992,
            "fitTimeMean": 905.2,
            "fitTimeStd": 406.01891581550734,
            "scoreTimeMean": 93.2,
            "scoreTimeStd": 54.96689913029477,
            "best_iteration": 23,
            "parameters": {
                "booster": "gbtree",
                "colsample_bylevel": 1.0,
                "colsample_bytree": 0.1,
                "gamma": 0.5,
                "learning_rate": 0.25,
                "max_delta_step": 0.0,
                "max_depth": 25,
                "min_child_weight": 10.0,
                "reg_alpha": 0.0,
                "reg_lambda": 1.0,
                "subsample": 1.0
            }
        },
        {
            "finishedAt": 1626105497616,
            "score": 0.9204198579421863,
            "testScoreGibMean": 0.9204198579421863,
            "testScoreMean": 0.9204198579421863,
            "testScoreStd": 0.008146430829599661,
            "trainScoreMean": 0.9718924731213935,
            "trainScoreStd": 0.003662147243394125,
            "time": 4831,
            "fitTimeMean": 926.8,
            "fitTimeStd": 311.193444661034,
            "scoreTimeMean": 39.4,
            "scoreTimeStd": 12.15894732285653,
            "best_iteration": 9,
            "parameters": {
                "booster": "dart",
                "colsample_bylevel": 1.0,
                "colsample_bytree": 0.1,
                "gamma": 0.5,
                "learning_rate": 0.01,
                "max_delta_step": 0.0,
                "max_depth": 25,
                "min_child_weight": 1.0,
                "reg_alpha": 0.0,
                "reg_lambda": 1.0,
                "subsample": 1.0
            }
        },
        {
            "finishedAt": 1626105497924,
            "score": 0.9137256293195943,
            "testScoreGibMean": 0.9137256293195943,
            "testScoreMean": 0.9137256293195943,
            "testScoreStd": 0.01764298511112624,
            "trainScoreMean": 0.9365218202296652,
            "trainScoreStd": 0.01409811090169768,
            "time": 2588,
            "fitTimeMean": 477.4,
            "fitTimeStd": 168.94212026608403,
            "scoreTimeMean": 40.2,
            "scoreTimeStd": 22.79824554653274,
            "best_iteration": 9,
            "parameters": {
                "booster": "gbtree",
                "colsample_bylevel": 1.0,
                "colsample_bytree": 0.1,
                "gamma": 0.0,
                "learning_rate": 0.01,
                "max_delta_step": 0.0,
                "max_depth": 25,
                "min_child_weight": 10.0,
                "reg_alpha": 0.0,
                "reg_lambda": 1.0,
                "subsample": 1.0
            }
        },
        {
            "finishedAt": 1626105498019,
            "score": 0.9595347804658628,
            "testScoreGibMean": 0.9595347804658628,
            "testScoreMean": 0.9595347804658628,
            "testScoreStd": 0.003658400913613679,
            "trainScoreMean": 0.974028371441699,
            "trainScoreStd": 0.002485667447666476,
            "time": 4469,
            "fitTimeMean": 828.0,
            "fitTimeStd": 329.97696889328506,
            "scoreTimeMean": 65.8,
            "scoreTimeStd": 38.65953957304717,
            "best_iteration": 15,
            "parameters": {
                "booster": "dart",
                "colsample_bylevel": 1.0,
                "colsample_bytree": 0.6,
                "gamma": 0.0,
                "learning_rate": 0.01,
                "max_delta_step": 0.0,
                "max_depth": 10,
                "min_child_weight": 10.0,
                "reg_alpha": 0.0,
                "reg_lambda": 1.0,
                "subsample": 1.0
            }
        },
        {
            "finishedAt": 1626105498214,
            "score": 0.9341819289222395,
            "testScoreGibMean": 0.9341819289222395,
            "testScoreMean": 0.9341819289222395,
            "testScoreStd": 0.007696205836685141,
            "trainScoreMean": 0.9595308068176454,
            "trainScoreStd": 0.007348279549587919,
            "time": 3714,
            "fitTimeMean": 621.2,
            "fitTimeStd": 184.1025801014206,
            "scoreTimeMean": 121.6,
            "scoreTimeStd": 71.77631921462677,
            "best_iteration": 7,
            "parameters": {
                "booster": "dart",
                "colsample_bylevel": 1.0,
                "colsample_bytree": 0.1,
                "gamma": 0.5,
                "learning_rate": 0.25,
                "max_delta_step": 0.0,
                "max_depth": 10,
                "min_child_weight": 10.0,
                "reg_alpha": 0.0,
                "reg_lambda": 1.0,
                "subsample": 1.0
            }
        },
        {
            "finishedAt": 1626105499558,
            "score": 0.9225767796181641,
            "testScoreGibMean": 0.9225767796181641,
            "testScoreMean": 0.9225767796181641,
            "testScoreStd": 0.008308782576496431,
            "trainScoreMean": 0.9679432510367136,
            "trainScoreStd": 0.001422571125474678,
            "time": 3505,
            "fitTimeMean": 665.2,
            "fitTimeStd": 243.91342726467522,
            "scoreTimeMean": 35.8,
            "scoreTimeStd": 6.910861017268399,
            "best_iteration": 7,
            "parameters": {
                "booster": "dart",
                "colsample_bylevel": 1.0,
                "colsample_bytree": 0.1,
                "gamma": 0.0,
                "learning_rate": 0.01,
                "max_delta_step": 0.0,
                "max_depth": 10,
                "min_child_weight": 1.0,
                "reg_alpha": 0.0,
                "reg_lambda": 1.0,
                "subsample": 1.0
            }
        },
        {
            "finishedAt": 1626105500056,
            "score": 0.9707200421416479,
            "testScoreGibMean": 0.9707200421416479,
            "testScoreMean": 0.9707200421416479,
            "testScoreStd": 0.005168530984109475,
            "trainScoreMean": 0.9950382303797607,
            "trainScoreStd": 0.0012154059409557197,
            "time": 8670,
            "fitTimeMean": 1674.4,
            "fitTimeStd": 378.64896672247767,
            "scoreTimeMean": 59.6,
            "scoreTimeStd": 58.83400377332823,
            "best_iteration": 15,
            "parameters": {
                "booster": "dart",
                "colsample_bylevel": 1.0,
                "colsample_bytree": 0.6,
                "gamma": 0.5,
                "learning_rate": 0.01,
                "max_delta_step": 0.0,
                "max_depth": 25,
                "min_child_weight": 1.0,
                "reg_alpha": 0.0,
                "reg_lambda": 1.0,
                "subsample": 1.0
            }
        },
        {
            "finishedAt": 1626105500322,
            "score": 0.9816941891757979,
            "testScoreGibMean": 0.9816941891757979,
            "testScoreMean": 0.9816941891757979,
            "testScoreStd": 0.003996498909043915,
            "trainScoreMean": 0.9999989921033992,
            "trainScoreStd": 2.015125314745538e-06,
            "time": 16123,
            "fitTimeMean": 3168.6,
            "fitTimeStd": 682.5465844907584,
            "scoreTimeMean": 56.0,
            "scoreTimeStd": 40.29888335921977,
            "best_iteration": 34,
            "parameters": {
                "booster": "gbtree",
                "colsample_bylevel": 1.0,
                "colsample_bytree": 0.6,
                "gamma": 0.5,
                "learning_rate": 0.25,
                "max_delta_step": 0.0,
                "max_depth": 25,
                "min_child_weight": 1.0,
                "reg_alpha": 0.0,
                "reg_lambda": 1.0,
                "subsample": 1.0
            }
        },
        {
            "finishedAt": 1626105500411,
            "score": 0.9117773258600862,
            "testScoreGibMean": 0.9117773258600862,
            "testScoreMean": 0.9117773258600862,
            "testScoreStd": 0.017650646903696703,
            "trainScoreMean": 0.932621216508819,
            "trainScoreStd": 0.014236878494232923,
            "time": 2568,
            "fitTimeMean": 394.8,
            "fitTimeStd": 135.74888581494878,
            "scoreTimeMean": 118.8,
            "scoreTimeStd": 28.20921835145384,
            "best_iteration": 9,
            "parameters": {
                "booster": "gbtree",
                "colsample_bylevel": 1.0,
                "colsample_bytree": 0.1,
                "gamma": 0.0,
                "learning_rate": 0.01,
                "max_delta_step": 0.0,
                "max_depth": 5,
                "min_child_weight": 1.0,
                "reg_alpha": 0.0,
                "reg_lambda": 1.0,
                "subsample": 1.0
            }
        },
        {
            "finishedAt": 1626105501087,
            "score": 0.969580490789799,
            "testScoreGibMean": 0.969580490789799,
            "testScoreMean": 0.969580490789799,
            "testScoreStd": 0.0075559506449516265,
            "trainScoreMean": 0.9958766975315565,
            "trainScoreStd": 0.0009432602625452693,
            "time": 10754,
            "fitTimeMean": 2030.6,
            "fitTimeStd": 608.5867563462091,
            "scoreTimeMean": 120.2,
            "scoreTimeStd": 72.30048409243192,
            "best_iteration": 24,
            "parameters": {
                "booster": "gbtree",
                "colsample_bylevel": 1.0,
                "colsample_bytree": 0.6,
                "gamma": 0.5,
                "learning_rate": 0.01,
                "max_delta_step": 0.0,
                "max_depth": 10,
                "min_child_weight": 1.0,
                "reg_alpha": 0.0,
                "reg_lambda": 1.0,
                "subsample": 1.0
            }
        },
        {
            "finishedAt": 1626105501643,
            "score": 0.9201460577533265,
            "testScoreGibMean": 0.9201460577533265,
            "testScoreMean": 0.9201460577533265,
            "testScoreStd": 0.009228498344679913,
            "trainScoreMean": 0.9898799613846079,
            "trainScoreStd": 0.004169705991205329,
            "time": 5483,
            "fitTimeMean": 957.8,
            "fitTimeStd": 338.8612695484688,
            "scoreTimeMean": 138.8,
            "scoreTimeStd": 89.30711057916945,
            "best_iteration": 7,
            "parameters": {
                "booster": "dart",
                "colsample_bylevel": 1.0,
                "colsample_bytree": 0.1,
                "gamma": 0.5,
                "learning_rate": 0.25,
                "max_delta_step": 0.0,
                "max_depth": 25,
                "min_child_weight": 1.0,
                "reg_alpha": 0.0,
                "reg_lambda": 1.0,
                "subsample": 1.0
            }
        },
        {
            "finishedAt": 1626105502503,
            "score": 0.9352295881838676,
            "testScoreGibMean": 0.9352295881838676,
            "testScoreMean": 0.9352295881838676,
            "testScoreStd": 0.007834367887905598,
            "trainScoreMean": 0.9605504020418728,
            "trainScoreStd": 0.006979156703773462,
            "time": 3417,
            "fitTimeMean": 648.0,
            "fitTimeStd": 202.93151554157376,
            "scoreTimeMean": 35.4,
            "scoreTimeStd": 10.34601372510205,
            "best_iteration": 7,
            "parameters": {
                "booster": "dart",
                "colsample_bylevel": 1.0,
                "colsample_bytree": 0.1,
                "gamma": 0.0,
                "learning_rate": 0.25,
                "max_delta_step": 0.0,
                "max_depth": 10,
                "min_child_weight": 10.0,
                "reg_alpha": 0.0,
                "reg_lambda": 1.0,
                "subsample": 1.0
            }
        },
        {
            "finishedAt": 1626105502732,
            "score": 0.9778478282748713,
            "testScoreGibMean": 0.9778478282748713,
            "testScoreMean": 0.9778478282748713,
            "testScoreStd": 0.003981841526939327,
            "trainScoreMean": 0.9916546963842953,
            "trainScoreStd": 0.0022052486865925254,
            "time": 8047,
            "fitTimeMean": 1569.2,
            "fitTimeStd": 527.3561984086277,
            "scoreTimeMean": 40.2,
            "scoreTimeStd": 14.105318146004366,
            "best_iteration": 30,
            "parameters": {
                "booster": "dart",
                "colsample_bylevel": 1.0,
                "colsample_bytree": 0.6,
                "gamma": 0.5,
                "learning_rate": 0.25,
                "max_delta_step": 0.0,
                "max_depth": 5,
                "min_child_weight": 10.0,
                "reg_alpha": 0.0,
                "reg_lambda": 1.0,
                "subsample": 1.0
            }
        },
        {
            "finishedAt": 1626105503293,
            "score": 0.982000446015115,
            "testScoreGibMean": 0.982000446015115,
            "testScoreMean": 0.982000446015115,
            "testScoreStd": 0.005113598771996619,
            "trainScoreMean": 0.9969961784060376,
            "trainScoreStd": 0.002556520533416832,
            "time": 7297,
            "fitTimeMean": 1385.4,
            "fitTimeStd": 559.7465855188399,
            "scoreTimeMean": 74.0,
            "scoreTimeStd": 52.585169011804076,
            "best_iteration": 46,
            "parameters": {
                "booster": "gbtree",
                "colsample_bylevel": 1.0,
                "colsample_bytree": 0.6,
                "gamma": 0.5,
                "learning_rate": 0.25,
                "max_delta_step": 0.0,
                "max_depth": 5,
                "min_child_weight": 1.0,
                "reg_alpha": 0.0,
                "reg_lambda": 1.0,
                "subsample": 1.0
            }
        },
        {
            "finishedAt": 1626105503466,
            "score": 0.9258507111890358,
            "testScoreGibMean": 0.9258507111890358,
            "testScoreMean": 0.9258507111890358,
            "testScoreStd": 0.004158160963641892,
            "trainScoreMean": 0.9437264438260381,
            "trainScoreStd": 0.0047105849698154765,
            "time": 3484,
            "fitTimeMean": 609.8,
            "fitTimeStd": 174.76658719560783,
            "scoreTimeMean": 87.0,
            "scoreTimeStd": 52.41373865695901,
            "best_iteration": 7,
            "parameters": {
                "booster": "dart",
                "colsample_bylevel": 1.0,
                "colsample_bytree": 0.1,
                "gamma": 0.5,
                "learning_rate": 0.01,
                "max_delta_step": 0.0,
                "max_depth": 10,
                "min_child_weight": 10.0,
                "reg_alpha": 0.0,
                "reg_lambda": 1.0,
                "subsample": 1.0
            }
        },
        {
            "finishedAt": 1626105504282,
            "score": 0.9443087231076208,
            "testScoreGibMean": 0.9443087231076208,
            "testScoreMean": 0.9443087231076208,
            "testScoreStd": 0.026889021243028003,
            "trainScoreMean": 0.9916610040578702,
            "trainScoreStd": 0.009390367893435402,
            "time": 6485,
            "fitTimeMean": 1196.8,
            "fitTimeStd": 581.003063675227,
            "scoreTimeMean": 100.2,
            "scoreTimeStd": 49.52332783648531,
            "best_iteration": 23,
            "parameters": {
                "booster": "gbtree",
                "colsample_bylevel": 1.0,
                "colsample_bytree": 0.1,
                "gamma": 0.0,
                "learning_rate": 0.25,
                "max_delta_step": 0.0,
                "max_depth": 10,
                "min_child_weight": 1.0,
                "reg_alpha": 0.0,
                "reg_lambda": 1.0,
                "subsample": 1.0
            }
        },
        {
            "finishedAt": 1626105504677,
            "score": 0.9831923284298667,
            "testScoreGibMean": 0.9831923284298667,
            "testScoreMean": 0.9831923284298667,
            "testScoreStd": 0.003270143035586623,
            "trainScoreMean": 0.9999997845069379,
            "trainScoreStd": 4.310813801926676e-07,
            "time": 21587,
            "fitTimeMean": 4210.0,
            "fitTimeStd": 843.2821591851686,
            "scoreTimeMean": 107.4,
            "scoreTimeStd": 50.6067189215029,
            "best_iteration": 35,
            "parameters": {
                "booster": "dart",
                "colsample_bylevel": 1.0,
                "colsample_bytree": 0.6,
                "gamma": 0.5,
                "learning_rate": 0.25,
                "max_delta_step": 0.0,
                "max_depth": 25,
                "min_child_weight": 1.0,
                "reg_alpha": 0.0,
                "reg_lambda": 1.0,
                "subsample": 1.0
            }
        },
        {
            "finishedAt": 1626105504768,
            "score": 0.9297902891299373,
            "testScoreGibMean": 0.9297902891299373,
            "testScoreMean": 0.9297902891299373,
            "testScoreStd": 0.012547442667302313,
            "trainScoreMean": 0.9859377005131615,
            "trainScoreStd": 0.006425482337645934,
            "time": 5034,
            "fitTimeMean": 857.0,
            "fitTimeStd": 343.34530723456817,
            "scoreTimeMean": 149.8,
            "scoreTimeStd": 38.08096637429255,
            "best_iteration": 7,
            "parameters": {
                "booster": "dart",
                "colsample_bylevel": 1.0,
                "colsample_bytree": 0.1,
                "gamma": 0.5,
                "learning_rate": 0.25,
                "max_delta_step": 0.0,
                "max_depth": 10,
                "min_child_weight": 1.0,
                "reg_alpha": 0.0,
                "reg_lambda": 1.0,
                "subsample": 1.0
            }
        },
        {
            "finishedAt": 1626105505242,
            "score": 0.9789142179852801,
            "testScoreGibMean": 0.9789142179852801,
            "testScoreMean": 0.9789142179852801,
            "testScoreStd": 0.0027556180959835727,
            "trainScoreMean": 0.9963003561364476,
            "trainScoreStd": 0.0013675120863323356,
            "time": 8735,
            "fitTimeMean": 1659.6,
            "fitTimeStd": 384.7630959434649,
            "scoreTimeMean": 87.4,
            "scoreTimeStd": 43.77487864060847,
            "best_iteration": 29,
            "parameters": {
                "booster": "gbtree",
                "colsample_bylevel": 1.0,
                "colsample_bytree": 0.6,
                "gamma": 0.5,
                "learning_rate": 0.25,
                "max_delta_step": 0.0,
                "max_depth": 25,
                "min_child_weight": 10.0,
                "reg_alpha": 0.0,
                "reg_lambda": 1.0,
                "subsample": 1.0
            }
        },
        {
            "finishedAt": 1626105506140,
            "score": 0.9258833586606999,
            "testScoreGibMean": 0.9258833586606999,
            "testScoreMean": 0.9258833586606999,
            "testScoreStd": 0.004280732236768072,
            "trainScoreMean": 0.9450027655547524,
            "trainScoreStd": 0.0046826821121702025,
            "time": 3192,
            "fitTimeMean": 509.4,
            "fitTimeStd": 203.84759012556415,
            "scoreTimeMean": 129.0,
            "scoreTimeStd": 24.363907732545698,
            "best_iteration": 7,
            "parameters": {
                "booster": "dart",
                "colsample_bylevel": 1.0,
                "colsample_bytree": 0.1,
                "gamma": 0.0,
                "learning_rate": 0.01,
                "max_delta_step": 0.0,
                "max_depth": 10,
                "min_child_weight": 10.0,
                "reg_alpha": 0.0,
                "reg_lambda": 1.0,
                "subsample": 1.0
            }
        },
        {
            "finishedAt": 1626105506515,
            "score": 0.9789450977275629,
            "testScoreGibMean": 0.9789450977275629,
            "testScoreMean": 0.9789450977275629,
            "testScoreStd": 0.0027136204549698993,
            "trainScoreMean": 0.9932544140828717,
            "trainScoreStd": 0.0013702651647891093,
            "time": 6054,
            "fitTimeMean": 1117.0,
            "fitTimeStd": 193.225257148231,
            "scoreTimeMean": 93.8,
            "scoreTimeStd": 68.87786291690531,
            "best_iteration": 37,
            "parameters": {
                "booster": "gbtree",
                "colsample_bylevel": 1.0,
                "colsample_bytree": 0.6,
                "gamma": 0.5,
                "learning_rate": 0.25,
                "max_delta_step": 0.0,
                "max_depth": 5,
                "min_child_weight": 10.0,
                "reg_alpha": 0.0,
                "reg_lambda": 1.0,
                "subsample": 1.0
            }
        },
        {
            "finishedAt": 1626105506622,
            "score": 0.9784396453452116,
            "testScoreGibMean": 0.9784396453452116,
            "testScoreMean": 0.9784396453452116,
            "testScoreStd": 0.0033878370818598643,
            "trainScoreMean": 0.9961265352879443,
            "trainScoreStd": 0.0011878762824014126,
            "time": 8274,
            "fitTimeMean": 1602.2,
            "fitTimeStd": 432.6520079694534,
            "scoreTimeMean": 52.6,
            "scoreTimeStd": 26.597744265256782,
            "best_iteration": 28,
            "parameters": {
                "booster": "gbtree",
                "colsample_bylevel": 1.0,
                "colsample_bytree": 0.6,
                "gamma": 0.0,
                "learning_rate": 0.25,
                "max_delta_step": 0.0,
                "max_depth": 10,
                "min_child_weight": 10.0,
                "reg_alpha": 0.0,
                "reg_lambda": 1.0,
                "subsample": 1.0
            }
        },
        {
            "finishedAt": 1626105507862,
            "score": 0.9777281352991767,
            "testScoreGibMean": 0.9777281352991767,
            "testScoreMean": 0.9777281352991767,
            "testScoreStd": 0.0022332112461348357,
            "trainScoreMean": 0.9917591093506337,
            "trainScoreStd": 0.002755337667265762,
            "time": 5868,
            "fitTimeMean": 1151.8,
            "fitTimeStd": 383.5358653372589,
            "scoreTimeMean": 21.8,
            "scoreTimeStd": 4.621688003316537,
            "best_iteration": 29,
            "parameters": {
                "booster": "gbtree",
                "colsample_bylevel": 1.0,
                "colsample_bytree": 0.6,
                "gamma": 0.0,
                "learning_rate": 0.25,
                "max_delta_step": 0.0,
                "max_depth": 5,
                "min_child_weight": 10.0,
                "reg_alpha": 0.0,
                "reg_lambda": 1.0,
                "subsample": 1.0
            }
        },
        {
            "finishedAt": 1626105507946,
            "score": 0.9819128163184233,
            "testScoreGibMean": 0.9819128163184233,
            "testScoreMean": 0.9819128163184233,
            "testScoreStd": 0.0035492347939248083,
            "trainScoreMean": 0.9999951104811903,
            "trainScoreStd": 6.026111734153152e-06,
            "time": 12290,
            "fitTimeMean": 2386.4,
            "fitTimeStd": 781.721331421882,
            "scoreTimeMean": 71.6,
            "scoreTimeStd": 61.785435176908805,
            "best_iteration": 28,
            "parameters": {
                "booster": "gbtree",
                "colsample_bylevel": 1.0,
                "colsample_bytree": 0.6,
                "gamma": 0.5,
                "learning_rate": 0.25,
                "max_delta_step": 0.0,
                "max_depth": 10,
                "min_child_weight": 1.0,
                "reg_alpha": 0.0,
                "reg_lambda": 1.0,
                "subsample": 1.0
            }
        },
        {
            "finishedAt": 1626105508041,
            "score": 0.9780906435587942,
            "testScoreGibMean": 0.9780906435587942,
            "testScoreMean": 0.9780906435587942,
            "testScoreStd": 0.0030756193590487685,
            "trainScoreMean": 0.9959465566185037,
            "trainScoreStd": 0.0012331103199308573,
            "time": 6535,
            "fitTimeMean": 1290.0,
            "fitTimeStd": 252.75284370309268,
            "scoreTimeMean": 17.0,
            "scoreTimeStd": 4.857983120596447,
            "best_iteration": 31,
            "parameters": {
                "booster": "gbtree",
                "colsample_bylevel": 1.0,
                "colsample_bytree": 0.6,
                "gamma": 0.0,
                "learning_rate": 0.25,
                "max_delta_step": 0.0,
                "max_depth": 25,
                "min_child_weight": 10.0,
                "reg_alpha": 0.0,
                "reg_lambda": 1.0,
                "subsample": 1.0
            }
        },
        {
            "finishedAt": 1626105508089,
            "score": 0.9778757624660533,
            "testScoreGibMean": 0.9778757624660533,
            "testScoreMean": 0.9778757624660533,
            "testScoreStd": 0.004815420171373744,
            "trainScoreMean": 0.9918513411765123,
            "trainScoreStd": 0.0027566697702762883,
            "time": 7938,
            "fitTimeMean": 1557.2,
            "fitTimeStd": 474.52688016591856,
            "scoreTimeMean": 30.4,
            "scoreTimeStd": 21.35977527971678,
            "best_iteration": 22,
            "parameters": {
                "booster": "dart",
                "colsample_bylevel": 1.0,
                "colsample_bytree": 0.6,
                "gamma": 0.0,
                "learning_rate": 0.25,
                "max_delta_step": 0.0,
                "max_depth": 5,
                "min_child_weight": 10.0,
                "reg_alpha": 0.0,
                "reg_lambda": 1.0,
                "subsample": 1.0
            }
        }
    ]
}