{
  "state": "ABORTED",
  "failure": {
    "errorType": "java.lang.InterruptedException",
    "detailedMessage": "InterruptedException",
    "detailedMessageHTML": "\u003cspan\u003e\u003cspan class\u003d\"err-type\"\u003eInterruptedException\u003c/span\u003e\u003c/span\u003e",
    "stackTraceStr": "java.lang.InterruptedException\n\tat java.base/java.lang.Object.wait(Native Method)\n\tat java.base/java.lang.Thread.join(Thread.java:1300)\n\tat java.base/java.lang.Thread.join(Thread.java:1375)\n\tat com.dataiku.dip.analysis.ml.shared.PRNSTrainThread.join(PRNSTrainThread.java:279)\n\tat com.dataiku.dip.analysis.ml.prediction.PyKFoldPredictionHandler.train(PyKFoldPredictionHandler.java:94)\n\tat com.dataiku.dip.analysis.coreservices.PredictionService$TrainWorkThread.executeProcess(PredictionService.java:1131)\n\tat com.dataiku.dip.analysis.coreservices.PredictionService$TrainWorkThread.execute(PredictionService.java:1157)\n\tat com.dataiku.dip.futures.FutureThreadBase.run(FutureThreadBase.java:96)\n",
    "stackTrace": [
      {
        "file": "Object.java",
        "line": -2,
        "function": "java.lang.Object.wait"
      },
      {
        "file": "Thread.java",
        "line": 1300,
        "function": "java.lang.Thread.join"
      },
      {
        "file": "Thread.java",
        "line": 1375,
        "function": "java.lang.Thread.join"
      },
      {
        "file": "PRNSTrainThread.java",
        "line": 279,
        "function": "com.dataiku.dip.analysis.ml.shared.PRNSTrainThread.join"
      },
      {
        "file": "PyKFoldPredictionHandler.java",
        "line": 94,
        "function": "com.dataiku.dip.analysis.ml.prediction.PyKFoldPredictionHandler.train"
      },
      {
        "file": "PredictionService.java",
        "line": 1131,
        "function": "com.dataiku.dip.analysis.coreservices.PredictionService$TrainWorkThread.executeProcess"
      },
      {
        "file": "PredictionService.java",
        "line": 1157,
        "function": "com.dataiku.dip.analysis.coreservices.PredictionService$TrainWorkThread.execute"
      },
      {
        "file": "FutureThreadBase.java",
        "line": 96,
        "function": "com.dataiku.dip.futures.FutureThreadBase.run"
      }
    ]
  },
  "preSearchDescription": {
    "gridLength": 500,
    "searchStrategy": "RANDOM",
    "importantParams": [
      {
        "name": "trees",
        "val": "500"
      },
      {
        "name": "max_depth",
        "min": "3",
        "max": "10"
      }
    ]
  },
  "resumed": false,
  "timeOrderingEnabled": false,
  "sampleWeightsEnabled": false,
  "modelId": "m1",
  "progress": {
    "top_level_todo": [
      "Saving model",
      "Computing global stats",
      "Fitting folds"
    ],
    "stack": [
      {
        "name": "Fitting global model",
        "target": 0.0,
        "cur": 0.0,
        "important": false,
        "depth": 0,
        "startTimestamp": 1626106816977,
        "msSinceStart": 0
      }
    ],
    "top_level_done": [
      {
        "name": "Loading source dataset",
        "time": 8
      },
      {
        "name": "Collecting statistics",
        "time": 21
      },
      {
        "name": "Preprocessing input",
        "time": 40
      }
    ]
  },
  "startTime": 1626106816907,
  "endTime": 0,
  "preprocessingTime": 0,
  "trainingTime": 0,
  "hyperparamsSearchTime": 0
}