{
    "resolved": {
        "algorithm": "XGBOOST_CLASSIFICATION",
        "skipExpensiveReports": false,
        "xgboost": {
            "max_depth": 100,
            "learning_rate": 0.25,
            "n_estimators": 39,
            "nthread": -1,
            "gamma": 2.0,
            "min_child_weight": 1.0,
            "max_delta_step": 0.0,
            "subsample": 0.75,
            "colsample_bytree": 0.6,
            "colsample_bylevel": 1.0,
            "alpha": 0.0,
            "lambda": 1.0,
            "seed": 1337,
            "impute_missing": false,
            "missing": null,
            "base_score": 0.5,
            "scale_pos_weight": 1.0,
            "enable_early_stopping": true,
            "early_stopping_rounds": 5,
            "booster": "dart",
            "objective": "binary_logistic"
        }
    },
    "other": {}
}