{
  "state": "DONE",
  "preSearchDescription": {
    "gridLength": 5184,
    "searchStrategy": "GRID",
    "importantParams": [
      {
        "name": "trees",
        "val": "1000"
      },
      {
        "name": "max_depth",
        "vals": [
          "10",
          "50",
          "100",
          "25"
        ]
      }
    ]
  },
  "postSearchDescription": {
    "importantParams": [
      {
        "name": "trees",
        "val": "39"
      },
      {
        "name": "max_depth",
        "val": "100"
      }
    ]
  },
  "resumed": false,
  "timeOrderingEnabled": false,
  "sampleWeightsEnabled": false,
  "modelId": "m1",
  "progress": {
    "top_level_todo": [],
    "stack": [],
    "top_level_done": [
      {
        "name": "Loading source dataset",
        "time": 23
      },
      {
        "name": "Collecting statistics",
        "time": 24
      },
      {
        "name": "Preprocessing input",
        "time": 46
      },
      {
        "name": "Fitting global model",
        "time": 814218
      },
      {
        "name": "Saving model",
        "time": 3
      },
      {
        "name": "Computing global stats",
        "time": 52
      },
      {
        "name": "Fitting folds",
        "time": 17119
      }
    ]
  },
  "startTime": 1626103698425,
  "endTime": 1626104530222,
  "preprocessingTime": 95,
  "trainingTime": 831702,
  "hyperparamsSearchTime": 0
}