{
    "startedAt": 1626102693223,
    "gridSize": 48,
    "nThreads": 16,
    "nSplits": 5,
    "metric": "ROC_AUC",
    "timeout": null,
    "gridPoints": [
        {
            "finishedAt": 1626102695045,
            "score": 0.9780601679534326,
            "testScoreGibMean": 0.9780601679534326,
            "testScoreMean": 0.9780601679534326,
            "testScoreStd": 0.006228031838707746,
            "trainScoreMean": 0.9879186993440028,
            "trainScoreStd": 0.0044821519717349,
            "time": 5688,
            "fitTimeMean": 1097.4,
            "fitTimeStd": 410.3630587662588,
            "scoreTimeMean": 40.2,
            "scoreTimeStd": 14.810806865258895,
            "best_iteration": 22,
            "parameters": {
                "booster": "gbtree",
                "colsample_bylevel": 1.0,
                "colsample_bytree": 0.6,
                "gamma": 0.0,
                "learning_rate": 0.4,
                "max_delta_step": 0.0,
                "max_depth": 3,
                "min_child_weight": 1.0,
                "reg_alpha": 0.0,
                "reg_lambda": 1.0,
                "subsample": 1.0
            }
        },
        {
            "finishedAt": 1626102696940,
            "score": 0.9615955065566054,
            "testScoreGibMean": 0.9615955065566054,
            "testScoreMean": 0.9615955065566054,
            "testScoreStd": 0.02937628166369161,
            "trainScoreMean": 0.9707684082512261,
            "trainScoreStd": 0.033185682414719316,
            "time": 13860,
            "fitTimeMean": 2705.4,
            "fitTimeStd": 1178.6467833918693,
            "scoreTimeMean": 66.6,
            "scoreTimeStd": 31.193589084938594,
            "best_iteration": 83,
            "parameters": {
                "booster": "gbtree",
                "colsample_bylevel": 1.0,
                "colsample_bytree": 0.85,
                "gamma": 0.0,
                "learning_rate": 0.1,
                "max_delta_step": 0.0,
                "max_depth": 3,
                "min_child_weight": 1.0,
                "reg_alpha": 0.0,
                "reg_lambda": 1.0,
                "subsample": 0.75
            }
        },
        {
            "finishedAt": 1626102697834,
            "score": 0.9801078775658092,
            "testScoreGibMean": 0.9801078775658092,
            "testScoreMean": 0.9801078775658092,
            "testScoreStd": 0.00453055859878394,
            "trainScoreMean": 0.9907025492031077,
            "trainScoreStd": 0.0035942320046721725,
            "time": 9668,
            "fitTimeMean": 1886.8,
            "fitTimeStd": 637.3132353874349,
            "scoreTimeMean": 46.8,
            "scoreTimeStd": 20.133554082675023,
            "best_iteration": 33,
            "parameters": {
                "booster": "dart",
                "colsample_bylevel": 1.0,
                "colsample_bytree": 0.85,
                "gamma": 0.0,
                "learning_rate": 0.4,
                "max_delta_step": 0.0,
                "max_depth": 3,
                "min_child_weight": 1.0,
                "reg_alpha": 0.0,
                "reg_lambda": 1.0,
                "subsample": 0.75
            }
        },
        {
            "finishedAt": 1626102699359,
            "score": 0.9635637898570265,
            "testScoreGibMean": 0.9635637898570265,
            "testScoreMean": 0.9635637898570265,
            "testScoreStd": 0.016885385791905252,
            "trainScoreMean": 0.9745234902094996,
            "trainScoreStd": 0.017960411993782562,
            "time": 17199,
            "fitTimeMean": 3397.6,
            "fitTimeStd": 1874.486340307659,
            "scoreTimeMean": 42.2,
            "scoreTimeStd": 8.207313811473275,
            "best_iteration": 75,
            "parameters": {
                "booster": "dart",
                "colsample_bylevel": 1.0,
                "colsample_bytree": 0.6,
                "gamma": 0.0,
                "learning_rate": 0.1,
                "max_delta_step": 0.0,
                "max_depth": 3,
                "min_child_weight": 1.0,
                "reg_alpha": 0.0,
                "reg_lambda": 1.0,
                "subsample": 0.75
            }
        },
        {
            "finishedAt": 1626102700498,
            "score": 0.9813131369359025,
            "testScoreGibMean": 0.9813131369359025,
            "testScoreMean": 0.9813131369359025,
            "testScoreStd": 0.0035704484360393396,
            "trainScoreMean": 1.0,
            "trainScoreStd": 0.0,
            "time": 16746,
            "fitTimeMean": 3293.4,
            "fitTimeStd": 557.2857794704616,
            "scoreTimeMean": 55.8,
            "scoreTimeStd": 18.925115587493778,
            "best_iteration": 29,
            "parameters": {
                "booster": "dart",
                "colsample_bylevel": 1.0,
                "colsample_bytree": 0.85,
                "gamma": 0.0,
                "learning_rate": 0.4,
                "max_delta_step": 0.0,
                "max_depth": 10,
                "min_child_weight": 1.0,
                "reg_alpha": 0.0,
                "reg_lambda": 1.0,
                "subsample": 1.0
            }
        },
        {
            "finishedAt": 1626102704020,
            "score": 0.9762502405702855,
            "testScoreGibMean": 0.9762502405702855,
            "testScoreMean": 0.9762502405702855,
            "testScoreStd": 0.003875682872129031,
            "trainScoreMean": 0.9853270197204046,
            "trainScoreStd": 0.006230949854932972,
            "time": 6090,
            "fitTimeMean": 1181.4,
            "fitTimeStd": 446.63255591145617,
            "scoreTimeMean": 36.6,
            "scoreTimeStd": 16.10714127336071,
            "best_iteration": 40,
            "parameters": {
                "booster": "gbtree",
                "colsample_bylevel": 1.0,
                "colsample_bytree": 0.6,
                "gamma": 0.0,
                "learning_rate": 0.25,
                "max_delta_step": 0.0,
                "max_depth": 3,
                "min_child_weight": 1.0,
                "reg_alpha": 0.0,
                "reg_lambda": 1.0,
                "subsample": 0.75
            }
        },
        {
            "finishedAt": 1626102705536,
            "score": 0.9786620708366202,
            "testScoreGibMean": 0.9786620708366202,
            "testScoreMean": 0.9786620708366202,
            "testScoreStd": 0.005071602247790243,
            "trainScoreMean": 0.9898427114529547,
            "trainScoreStd": 0.004466949378730004,
            "time": 5904,
            "fitTimeMean": 1145.0,
            "fitTimeStd": 324.52549976850815,
            "scoreTimeMean": 35.8,
            "scoreTimeStd": 19.446336415890784,
            "best_iteration": 34,
            "parameters": {
                "booster": "gbtree",
                "colsample_bylevel": 1.0,
                "colsample_bytree": 0.85,
                "gamma": 0.0,
                "learning_rate": 0.4,
                "max_delta_step": 0.0,
                "max_depth": 3,
                "min_child_weight": 1.0,
                "reg_alpha": 0.0,
                "reg_lambda": 1.0,
                "subsample": 0.75
            }
        },
        {
            "finishedAt": 1626102706440,
            "score": 0.9828154577760517,
            "testScoreGibMean": 0.9828154577760517,
            "testScoreMean": 0.9828154577760517,
            "testScoreStd": 0.004017984136488691,
            "trainScoreMean": 0.9999997126759173,
            "trainScoreStd": 5.747751736050243e-07,
            "time": 25850,
            "fitTimeMean": 5118.4,
            "fitTimeStd": 1083.973542112537,
            "scoreTimeMean": 51.6,
            "scoreTimeStd": 12.690153663372245,
            "best_iteration": 37,
            "parameters": {
                "booster": "dart",
                "colsample_bylevel": 1.0,
                "colsample_bytree": 0.6,
                "gamma": 0.0,
                "learning_rate": 0.25,
                "max_delta_step": 0.0,
                "max_depth": 10,
                "min_child_weight": 1.0,
                "reg_alpha": 0.0,
                "reg_lambda": 1.0,
                "subsample": 1.0
            }
        },
        {
            "finishedAt": 1626102707328,
            "score": 0.9701366288133267,
            "testScoreGibMean": 0.9701366288133267,
            "testScoreMean": 0.9701366288133267,
            "testScoreStd": 0.016661036997359224,
            "trainScoreMean": 0.982059414079324,
            "trainScoreStd": 0.013712028766958675,
            "time": 34696,
            "fitTimeMean": 6827.0,
            "fitTimeStd": 4464.944837285227,
            "scoreTimeMean": 112.2,
            "scoreTimeStd": 82.74635943653352,
            "best_iteration": 97,
            "parameters": {
                "booster": "dart",
                "colsample_bylevel": 1.0,
                "colsample_bytree": 0.6,
                "gamma": 0.0,
                "learning_rate": 0.1,
                "max_delta_step": 0.0,
                "max_depth": 3,
                "min_child_weight": 1.0,
                "reg_alpha": 0.0,
                "reg_lambda": 1.0,
                "subsample": 1.0
            }
        },
        {
            "finishedAt": 1626102707520,
            "score": 0.9810626989046429,
            "testScoreGibMean": 0.9810626989046429,
            "testScoreMean": 0.9810626989046429,
            "testScoreStd": 0.0032055414756720197,
            "trainScoreMean": 1.0,
            "trainScoreStd": 0.0,
            "time": 12633,
            "fitTimeMean": 2397.0,
            "fitTimeStd": 217.18103047918342,
            "scoreTimeMean": 129.6,
            "scoreTimeStd": 117.1948804342579,
            "best_iteration": 25,
            "parameters": {
                "booster": "gbtree",
                "colsample_bylevel": 1.0,
                "colsample_bytree": 0.85,
                "gamma": 0.0,
                "learning_rate": 0.4,
                "max_delta_step": 0.0,
                "max_depth": 10,
                "min_child_weight": 1.0,
                "reg_alpha": 0.0,
                "reg_lambda": 1.0,
                "subsample": 1.0
            }
        },
        {
            "finishedAt": 1626102708418,
            "score": 0.9810948751545846,
            "testScoreGibMean": 0.9810948751545846,
            "testScoreMean": 0.9810948751545846,
            "testScoreStd": 0.005133597105620913,
            "trainScoreMean": 0.9999946107343248,
            "trainScoreStd": 8.722378430130821e-06,
            "time": 12656,
            "fitTimeMean": 2350.8,
            "fitTimeStd": 455.4072463191599,
            "scoreTimeMean": 180.4,
            "scoreTimeStd": 131.9054206619273,
            "best_iteration": 23,
            "parameters": {
                "booster": "gbtree",
                "colsample_bylevel": 1.0,
                "colsample_bytree": 0.85,
                "gamma": 0.0,
                "learning_rate": 0.4,
                "max_delta_step": 0.0,
                "max_depth": 10,
                "min_child_weight": 1.0,
                "reg_alpha": 0.0,
                "reg_lambda": 1.0,
                "subsample": 0.75
            }
        },
        {
            "finishedAt": 1626102708551,
            "score": 0.9792950504966993,
            "testScoreGibMean": 0.9792950504966993,
            "testScoreMean": 0.9792950504966993,
            "testScoreStd": 0.007382670636902352,
            "trainScoreMean": 0.9993876342940684,
            "trainScoreStd": 0.0011357600534095417,
            "time": 38343,
            "fitTimeMean": 7609.4,
            "fitTimeStd": 3387.658873027212,
            "scoreTimeMean": 59.2,
            "scoreTimeStd": 23.146490014686893,
            "best_iteration": 52,
            "parameters": {
                "booster": "dart",
                "colsample_bylevel": 1.0,
                "colsample_bytree": 0.85,
                "gamma": 0.0,
                "learning_rate": 0.1,
                "max_delta_step": 0.0,
                "max_depth": 10,
                "min_child_weight": 1.0,
                "reg_alpha": 0.0,
                "reg_lambda": 1.0,
                "subsample": 0.75
            }
        },
        {
            "finishedAt": 1626102708877,
            "score": 0.974636257193961,
            "testScoreGibMean": 0.974636257193961,
            "testScoreMean": 0.974636257193961,
            "testScoreStd": 0.009696914993627051,
            "trainScoreMean": 0.9851462542584946,
            "trainScoreStd": 0.007791245982222541,
            "time": 27129,
            "fitTimeMean": 5385.4,
            "fitTimeStd": 3053.5567851277956,
            "scoreTimeMean": 40.4,
            "scoreTimeStd": 7.4993333037010705,
            "best_iteration": 96,
            "parameters": {
                "booster": "dart",
                "colsample_bylevel": 1.0,
                "colsample_bytree": 0.85,
                "gamma": 0.0,
                "learning_rate": 0.1,
                "max_delta_step": 0.0,
                "max_depth": 3,
                "min_child_weight": 1.0,
                "reg_alpha": 0.0,
                "reg_lambda": 1.0,
                "subsample": 0.75
            }
        },
        {
            "finishedAt": 1626102710067,
            "score": 0.9792098794795879,
            "testScoreGibMean": 0.9792098794795879,
            "testScoreMean": 0.9792098794795879,
            "testScoreStd": 0.004760668502215076,
            "trainScoreMean": 0.9906183640903131,
            "trainScoreStd": 0.0015007970893907206,
            "time": 11877,
            "fitTimeMean": 2329.2,
            "fitTimeStd": 446.6427655296792,
            "scoreTimeMean": 46.2,
            "scoreTimeStd": 17.747112441183212,
            "best_iteration": 47,
            "parameters": {
                "booster": "dart",
                "colsample_bylevel": 1.0,
                "colsample_bytree": 0.6,
                "gamma": 0.0,
                "learning_rate": 0.25,
                "max_delta_step": 0.0,
                "max_depth": 3,
                "min_child_weight": 1.0,
                "reg_alpha": 0.0,
                "reg_lambda": 1.0,
                "subsample": 1.0
            }
        },
        {
            "finishedAt": 1626102710952,
            "score": 0.9825301732605733,
            "testScoreGibMean": 0.9825301732605733,
            "testScoreMean": 0.9825301732605733,
            "testScoreStd": 0.004108345643272794,
            "trainScoreMean": 0.9999966239420278,
            "trainScoreStd": 3.7994265309130345e-06,
            "time": 15057,
            "fitTimeMean": 2952.0,
            "fitTimeStd": 498.3922150274821,
            "scoreTimeMean": 59.4,
            "scoreTimeStd": 32.5613267542955,
            "best_iteration": 34,
            "parameters": {
                "booster": "gbtree",
                "colsample_bylevel": 1.0,
                "colsample_bytree": 0.85,
                "gamma": 0.0,
                "learning_rate": 0.25,
                "max_delta_step": 0.0,
                "max_depth": 10,
                "min_child_weight": 1.0,
                "reg_alpha": 0.0,
                "reg_lambda": 1.0,
                "subsample": 0.75
            }
        },
        {
            "finishedAt": 1626102711434,
            "score": 0.9793838122286537,
            "testScoreGibMean": 0.9793838122286537,
            "testScoreMean": 0.9793838122286537,
            "testScoreStd": 0.005371854685011841,
            "trainScoreMean": 0.992097841861281,
            "trainScoreStd": 0.003065419142987191,
            "time": 8813,
            "fitTimeMean": 1706.8,
            "fitTimeStd": 510.0907370262667,
            "scoreTimeMean": 55.8,
            "scoreTimeStd": 31.08311438707518,
            "best_iteration": 35,
            "parameters": {
                "booster": "dart",
                "colsample_bylevel": 1.0,
                "colsample_bytree": 0.85,
                "gamma": 0.0,
                "learning_rate": 0.4,
                "max_delta_step": 0.0,
                "max_depth": 3,
                "min_child_weight": 1.0,
                "reg_alpha": 0.0,
                "reg_lambda": 1.0,
                "subsample": 1.0
            }
        },
        {
            "finishedAt": 1626102711664,
            "score": 0.9827839507792435,
            "testScoreGibMean": 0.9827839507792435,
            "testScoreMean": 0.9827839507792435,
            "testScoreStd": 0.004288717879031831,
            "trainScoreMean": 0.9999998560147714,
            "trainScoreStd": 2.878750449573029e-07,
            "time": 14048,
            "fitTimeMean": 2756.2,
            "fitTimeStd": 467.45926025697685,
            "scoreTimeMean": 53.4,
            "scoreTimeStd": 27.659356463952662,
            "best_iteration": 29,
            "parameters": {
                "booster": "dart",
                "colsample_bylevel": 1.0,
                "colsample_bytree": 0.6,
                "gamma": 0.0,
                "learning_rate": 0.4,
                "max_delta_step": 0.0,
                "max_depth": 10,
                "min_child_weight": 1.0,
                "reg_alpha": 0.0,
                "reg_lambda": 1.0,
                "subsample": 1.0
            }
        },
        {
            "finishedAt": 1626102713000,
            "score": 0.9773332191991924,
            "testScoreGibMean": 0.9773332191991924,
            "testScoreMean": 0.9773332191991924,
            "testScoreStd": 0.007056563909361986,
            "trainScoreMean": 0.99960637111534,
            "trainScoreStd": 0.00036793370123809827,
            "time": 11484,
            "fitTimeMean": 2259.6,
            "fitTimeStd": 646.2546247416725,
            "scoreTimeMean": 37.2,
            "scoreTimeStd": 7.756287771866127,
            "best_iteration": 24,
            "parameters": {
                "booster": "gbtree",
                "colsample_bylevel": 1.0,
                "colsample_bytree": 0.6,
                "gamma": 0.0,
                "learning_rate": 0.1,
                "max_delta_step": 0.0,
                "max_depth": 10,
                "min_child_weight": 1.0,
                "reg_alpha": 0.0,
                "reg_lambda": 1.0,
                "subsample": 1.0
            }
        },
        {
            "finishedAt": 1626102713480,
            "score": 0.9802486083884872,
            "testScoreGibMean": 0.9802486083884872,
            "testScoreMean": 0.9802486083884872,
            "testScoreStd": 0.003661152165060022,
            "trainScoreMean": 0.9921066087385667,
            "trainScoreStd": 0.0015447559258968575,
            "time": 5156,
            "fitTimeMean": 989.6,
            "fitTimeStd": 124.04612045525647,
            "scoreTimeMean": 41.6,
            "scoreTimeStd": 15.551205741035002,
            "best_iteration": 38,
            "parameters": {
                "booster": "gbtree",
                "colsample_bylevel": 1.0,
                "colsample_bytree": 0.85,
                "gamma": 0.0,
                "learning_rate": 0.4,
                "max_delta_step": 0.0,
                "max_depth": 3,
                "min_child_weight": 1.0,
                "reg_alpha": 0.0,
                "reg_lambda": 1.0,
                "subsample": 1.0
            }
        },
        {
            "finishedAt": 1626102714669,
            "score": 0.980650997914808,
            "testScoreGibMean": 0.980650997914808,
            "testScoreMean": 0.980650997914808,
            "testScoreStd": 0.004108769187233708,
            "trainScoreMean": 0.9999187501497993,
            "trainScoreStd": 8.749226805013524e-05,
            "time": 11665,
            "fitTimeMean": 2257.2,
            "fitTimeStd": 966.0212005955149,
            "scoreTimeMean": 75.8,
            "scoreTimeStd": 24.59593462342913,
            "best_iteration": 17,
            "parameters": {
                "booster": "dart",
                "colsample_bylevel": 1.0,
                "colsample_bytree": 0.6,
                "gamma": 0.0,
                "learning_rate": 0.4,
                "max_delta_step": 0.0,
                "max_depth": 10,
                "min_child_weight": 1.0,
                "reg_alpha": 0.0,
                "reg_lambda": 1.0,
                "subsample": 0.75
            }
        },
        {
            "finishedAt": 1626102716006,
            "score": 0.974535445715838,
            "testScoreGibMean": 0.974535445715838,
            "testScoreMean": 0.974535445715838,
            "testScoreStd": 0.004293545023740241,
            "trainScoreMean": 0.9986038360505635,
            "trainScoreStd": 0.0012900755859564326,
            "time": 12835,
            "fitTimeMean": 2520.8,
            "fitTimeStd": 702.606120098594,
            "scoreTimeMean": 46.2,
            "scoreTimeStd": 12.023310692151309,
            "best_iteration": 21,
            "parameters": {
                "booster": "dart",
                "colsample_bylevel": 1.0,
                "colsample_bytree": 0.6,
                "gamma": 0.0,
                "learning_rate": 0.1,
                "max_delta_step": 0.0,
                "max_depth": 10,
                "min_child_weight": 1.0,
                "reg_alpha": 0.0,
                "reg_lambda": 1.0,
                "subsample": 1.0
            }
        },
        {
            "finishedAt": 1626102716183,
            "score": 0.9787034741541394,
            "testScoreGibMean": 0.9787034741541394,
            "testScoreMean": 0.9787034741541394,
            "testScoreStd": 0.0048352949630899485,
            "trainScoreMean": 0.9909489251851453,
            "trainScoreStd": 0.00304612808733563,
            "time": 9146,
            "fitTimeMean": 1783.8,
            "fitTimeStd": 511.84935283733626,
            "scoreTimeMean": 45.4,
            "scoreTimeStd": 16.230834852218784,
            "best_iteration": 37,
            "parameters": {
                "booster": "dart",
                "colsample_bylevel": 1.0,
                "colsample_bytree": 0.6,
                "gamma": 0.0,
                "learning_rate": 0.4,
                "max_delta_step": 0.0,
                "max_depth": 3,
                "min_child_weight": 1.0,
                "reg_alpha": 0.0,
                "reg_lambda": 1.0,
                "subsample": 1.0
            }
        },
        {
            "finishedAt": 1626102717454,
            "score": 0.968096864646451,
            "testScoreGibMean": 0.968096864646451,
            "testScoreMean": 0.968096864646451,
            "testScoreStd": 0.01911971384502748,
            "trainScoreMean": 0.9780898425803912,
            "trainScoreStd": 0.020745620006377214,
            "time": 5226,
            "fitTimeMean": 1008.6,
            "fitTimeStd": 555.1697398093668,
            "scoreTimeMean": 36.6,
            "scoreTimeStd": 8.890444308357148,
            "best_iteration": 43,
            "parameters": {
                "booster": "gbtree",
                "colsample_bylevel": 1.0,
                "colsample_bytree": 0.6,
                "gamma": 0.0,
                "learning_rate": 0.25,
                "max_delta_step": 0.0,
                "max_depth": 3,
                "min_child_weight": 1.0,
                "reg_alpha": 0.0,
                "reg_lambda": 1.0,
                "subsample": 1.0
            }
        },
        {
            "finishedAt": 1626102719287,
            "score": 0.9772725979965176,
            "testScoreGibMean": 0.9772725979965176,
            "testScoreMean": 0.9772725979965176,
            "testScoreStd": 0.00789357763554176,
            "trainScoreMean": 0.9894057527495494,
            "trainScoreStd": 0.007149906818502275,
            "time": 14301,
            "fitTimeMean": 2810.6,
            "fitTimeStd": 1400.5251300851405,
            "scoreTimeMean": 49.6,
            "scoreTimeStd": 13.879481258317979,
            "best_iteration": 61,
            "parameters": {
                "booster": "dart",
                "colsample_bylevel": 1.0,
                "colsample_bytree": 0.6,
                "gamma": 0.0,
                "learning_rate": 0.25,
                "max_delta_step": 0.0,
                "max_depth": 3,
                "min_child_weight": 1.0,
                "reg_alpha": 0.0,
                "reg_lambda": 1.0,
                "subsample": 0.75
            }
        },
        {
            "finishedAt": 1626102721654,
            "score": 0.9709705148948575,
            "testScoreGibMean": 0.9709705148948575,
            "testScoreMean": 0.9709705148948575,
            "testScoreStd": 0.014171586136311498,
            "trainScoreMean": 0.9981097199589355,
            "trainScoreStd": 0.003434043812298342,
            "time": 17635,
            "fitTimeMean": 3454.6,
            "fitTimeStd": 1992.9303650654733,
            "scoreTimeMean": 72.4,
            "scoreTimeStd": 61.4055372096035,
            "best_iteration": 41,
            "parameters": {
                "booster": "gbtree",
                "colsample_bylevel": 1.0,
                "colsample_bytree": 0.85,
                "gamma": 0.0,
                "learning_rate": 0.1,
                "max_delta_step": 0.0,
                "max_depth": 10,
                "min_child_weight": 1.0,
                "reg_alpha": 0.0,
                "reg_lambda": 1.0,
                "subsample": 1.0
            }
        },
        {
            "finishedAt": 1626102721829,
            "score": 0.9816237252803817,
            "testScoreGibMean": 0.9816237252803817,
            "testScoreMean": 0.9816237252803817,
            "testScoreStd": 0.00426835094682449,
            "trainScoreMean": 0.9930388173837872,
            "trainScoreStd": 0.001221517508104382,
            "time": 15662,
            "fitTimeMean": 3073.0,
            "fitTimeStd": 742.7992999458198,
            "scoreTimeMean": 59.4,
            "scoreTimeStd": 22.826300620118012,
            "best_iteration": 60,
            "parameters": {
                "booster": "dart",
                "colsample_bylevel": 1.0,
                "colsample_bytree": 0.85,
                "gamma": 0.0,
                "learning_rate": 0.25,
                "max_delta_step": 0.0,
                "max_depth": 3,
                "min_child_weight": 1.0,
                "reg_alpha": 0.0,
                "reg_lambda": 1.0,
                "subsample": 1.0
            }
        },
        {
            "finishedAt": 1626102722121,
            "score": 0.9803564701835532,
            "testScoreGibMean": 0.9803564701835532,
            "testScoreMean": 0.9803564701835532,
            "testScoreStd": 0.004503746721237966,
            "trainScoreMean": 0.9999994960516996,
            "trainScoreStd": 1.0075626573949779e-06,
            "time": 10107,
            "fitTimeMean": 1945.6,
            "fitTimeStd": 442.1694697737509,
            "scoreTimeMean": 75.8,
            "scoreTimeStd": 24.473659309551564,
            "best_iteration": 28,
            "parameters": {
                "booster": "gbtree",
                "colsample_bylevel": 1.0,
                "colsample_bytree": 0.6,
                "gamma": 0.0,
                "learning_rate": 0.4,
                "max_delta_step": 0.0,
                "max_depth": 10,
                "min_child_weight": 1.0,
                "reg_alpha": 0.0,
                "reg_lambda": 1.0,
                "subsample": 1.0
            }
        },
        {
            "finishedAt": 1626102722642,
            "score": 0.9788114461955513,
            "testScoreGibMean": 0.9788114461955513,
            "testScoreMean": 0.9788114461955513,
            "testScoreStd": 0.004954878027282834,
            "trainScoreMean": 0.9903490746560183,
            "trainScoreStd": 0.003226132513070759,
            "time": 7007,
            "fitTimeMean": 1335.2,
            "fitTimeStd": 456.5349493740868,
            "scoreTimeMean": 66.2,
            "scoreTimeStd": 25.007198963498492,
            "best_iteration": 51,
            "parameters": {
                "booster": "gbtree",
                "colsample_bylevel": 1.0,
                "colsample_bytree": 0.85,
                "gamma": 0.0,
                "learning_rate": 0.25,
                "max_delta_step": 0.0,
                "max_depth": 3,
                "min_child_weight": 1.0,
                "reg_alpha": 0.0,
                "reg_lambda": 1.0,
                "subsample": 1.0
            }
        },
        {
            "finishedAt": 1626102723049,
            "score": 0.9784591492462038,
            "testScoreGibMean": 0.9784591492462038,
            "testScoreMean": 0.9784591492462038,
            "testScoreStd": 0.0089100265094366,
            "trainScoreMean": 0.9989694235806827,
            "trainScoreStd": 0.0019284017927413083,
            "time": 19907,
            "fitTimeMean": 3921.6,
            "fitTimeStd": 1594.0832600588967,
            "scoreTimeMean": 59.8,
            "scoreTimeStd": 27.014070407844873,
            "best_iteration": 47,
            "parameters": {
                "booster": "gbtree",
                "colsample_bylevel": 1.0,
                "colsample_bytree": 0.85,
                "gamma": 0.0,
                "learning_rate": 0.1,
                "max_delta_step": 0.0,
                "max_depth": 10,
                "min_child_weight": 1.0,
                "reg_alpha": 0.0,
                "reg_lambda": 1.0,
                "subsample": 0.75
            }
        },
        {
            "finishedAt": 1626102723454,
            "score": 0.9791490972600982,
            "testScoreGibMean": 0.9791490972600982,
            "testScoreMean": 0.9791490972600982,
            "testScoreStd": 0.005763594640446869,
            "trainScoreMean": 0.9894393308067734,
            "trainScoreStd": 0.004036945886838225,
            "time": 6827,
            "fitTimeMean": 1311.0,
            "fitTimeStd": 386.7846946299711,
            "scoreTimeMean": 54.4,
            "scoreTimeStd": 20.214846029589243,
            "best_iteration": 42,
            "parameters": {
                "booster": "gbtree",
                "colsample_bylevel": 1.0,
                "colsample_bytree": 0.85,
                "gamma": 0.0,
                "learning_rate": 0.25,
                "max_delta_step": 0.0,
                "max_depth": 3,
                "min_child_weight": 1.0,
                "reg_alpha": 0.0,
                "reg_lambda": 1.0,
                "subsample": 0.75
            }
        },
        {
            "finishedAt": 1626102724317,
            "score": 0.9773463251239606,
            "testScoreGibMean": 0.9773463251239606,
            "testScoreMean": 0.9773463251239606,
            "testScoreStd": 0.007092066564700225,
            "trainScoreMean": 0.9997509062736365,
            "trainScoreStd": 0.0003177901742031776,
            "time": 40901,
            "fitTimeMean": 8115.6,
            "fitTimeStd": 4696.359381478381,
            "scoreTimeMean": 64.6,
            "scoreTimeStd": 25.160286166894046,
            "best_iteration": 69,
            "parameters": {
                "booster": "dart",
                "colsample_bylevel": 1.0,
                "colsample_bytree": 0.85,
                "gamma": 0.0,
                "learning_rate": 0.1,
                "max_delta_step": 0.0,
                "max_depth": 10,
                "min_child_weight": 1.0,
                "reg_alpha": 0.0,
                "reg_lambda": 1.0,
                "subsample": 1.0
            }
        },
        {
            "finishedAt": 1626102725794,
            "score": 0.9822416122555963,
            "testScoreGibMean": 0.9822416122555963,
            "testScoreMean": 0.9822416122555963,
            "testScoreStd": 0.0041569853410022735,
            "trainScoreMean": 0.9999941077555863,
            "trainScoreStd": 9.619184369573916e-06,
            "time": 11493,
            "fitTimeMean": 2260.2,
            "fitTimeStd": 793.5795864310019,
            "scoreTimeMean": 38.4,
            "scoreTimeStd": 6.280127387243033,
            "best_iteration": 25,
            "parameters": {
                "booster": "gbtree",
                "colsample_bylevel": 1.0,
                "colsample_bytree": 0.6,
                "gamma": 0.0,
                "learning_rate": 0.4,
                "max_delta_step": 0.0,
                "max_depth": 10,
                "min_child_weight": 1.0,
                "reg_alpha": 0.0,
                "reg_lambda": 1.0,
                "subsample": 0.75
            }
        },
        {
            "finishedAt": 1626102726179,
            "score": 0.9785035803842485,
            "testScoreGibMean": 0.9785035803842485,
            "testScoreMean": 0.9785035803842485,
            "testScoreStd": 0.003448332598458562,
            "trainScoreMean": 0.9902035251594696,
            "trainScoreStd": 0.002904470126592297,
            "time": 7933,
            "fitTimeMean": 1548.0,
            "fitTimeStd": 323.7363124519707,
            "scoreTimeMean": 38.6,
            "scoreTimeStd": 6.916646586316233,
            "best_iteration": 38,
            "parameters": {
                "booster": "dart",
                "colsample_bylevel": 1.0,
                "colsample_bytree": 0.6,
                "gamma": 0.0,
                "learning_rate": 0.4,
                "max_delta_step": 0.0,
                "max_depth": 3,
                "min_child_weight": 1.0,
                "reg_alpha": 0.0,
                "reg_lambda": 1.0,
                "subsample": 0.75
            }
        },
        {
            "finishedAt": 1626102726458,
            "score": 0.9818121108336224,
            "testScoreGibMean": 0.9818121108336224,
            "testScoreMean": 0.9818121108336224,
            "testScoreStd": 0.004270835111422913,
            "trainScoreMean": 0.9996732337383728,
            "trainScoreStd": 0.0006387876306268366,
            "time": 16227,
            "fitTimeMean": 3196.4,
            "fitTimeStd": 1228.6989216240079,
            "scoreTimeMean": 49.0,
            "scoreTimeStd": 13.038404810405298,
            "best_iteration": 32,
            "parameters": {
                "booster": "dart",
                "colsample_bylevel": 1.0,
                "colsample_bytree": 0.6,
                "gamma": 0.0,
                "learning_rate": 0.25,
                "max_delta_step": 0.0,
                "max_depth": 10,
                "min_child_weight": 1.0,
                "reg_alpha": 0.0,
                "reg_lambda": 1.0,
                "subsample": 0.75
            }
        },
        {
            "finishedAt": 1626102728494,
            "score": 0.9819219228393633,
            "testScoreGibMean": 0.9819219228393633,
            "testScoreMean": 0.9819219228393633,
            "testScoreStd": 0.002450803361948462,
            "trainScoreMean": 0.9999976281219746,
            "trainScoreStd": 3.3670981518387e-06,
            "time": 22020,
            "fitTimeMean": 4347.0,
            "fitTimeStd": 681.0929451991116,
            "scoreTimeMean": 57.0,
            "scoreTimeStd": 20.06987792688336,
            "best_iteration": 36,
            "parameters": {
                "booster": "dart",
                "colsample_bylevel": 1.0,
                "colsample_bytree": 0.85,
                "gamma": 0.0,
                "learning_rate": 0.25,
                "max_delta_step": 0.0,
                "max_depth": 10,
                "min_child_weight": 1.0,
                "reg_alpha": 0.0,
                "reg_lambda": 1.0,
                "subsample": 0.75
            }
        },
        {
            "finishedAt": 1626102728700,
            "score": 0.9825718157442156,
            "testScoreGibMean": 0.9825718157442156,
            "testScoreMean": 0.9825718157442156,
            "testScoreStd": 0.0033569382351563,
            "trainScoreMean": 0.9999997843453443,
            "trainScoreStd": 2.8744464430968673e-07,
            "time": 14673,
            "fitTimeMean": 2875.8,
            "fitTimeStd": 397.0805459853202,
            "scoreTimeMean": 58.8,
            "scoreTimeStd": 23.17239737273638,
            "best_iteration": 34,
            "parameters": {
                "booster": "gbtree",
                "colsample_bylevel": 1.0,
                "colsample_bytree": 0.85,
                "gamma": 0.0,
                "learning_rate": 0.25,
                "max_delta_step": 0.0,
                "max_depth": 10,
                "min_child_weight": 1.0,
                "reg_alpha": 0.0,
                "reg_lambda": 1.0,
                "subsample": 1.0
            }
        },
        {
            "finishedAt": 1626102731346,
            "score": 0.9797790900682298,
            "testScoreGibMean": 0.9797790900682298,
            "testScoreMean": 0.9797790900682298,
            "testScoreStd": 0.002864030379585006,
            "trainScoreMean": 0.990262691709879,
            "trainScoreStd": 0.0019904732434178098,
            "time": 15296,
            "fitTimeMean": 2986.8,
            "fitTimeStd": 556.4384602092131,
            "scoreTimeMean": 72.4,
            "scoreTimeStd": 31.840854259896982,
            "best_iteration": 116,
            "parameters": {
                "booster": "gbtree",
                "colsample_bylevel": 1.0,
                "colsample_bytree": 0.85,
                "gamma": 0.0,
                "learning_rate": 0.1,
                "max_delta_step": 0.0,
                "max_depth": 3,
                "min_child_weight": 1.0,
                "reg_alpha": 0.0,
                "reg_lambda": 1.0,
                "subsample": 1.0
            }
        },
        {
            "finishedAt": 1626102731768,
            "score": 0.9773995193845177,
            "testScoreGibMean": 0.9773995193845177,
            "testScoreMean": 0.9773995193845177,
            "testScoreStd": 0.005224248032263641,
            "trainScoreMean": 0.9999134733585907,
            "trainScoreStd": 5.9791012851976086e-05,
            "time": 10413,
            "fitTimeMean": 2023.6,
            "fitTimeStd": 682.3212146782482,
            "scoreTimeMean": 59.0,
            "scoreTimeStd": 23.383755044902433,
            "best_iteration": 15,
            "parameters": {
                "booster": "dart",
                "colsample_bylevel": 1.0,
                "colsample_bytree": 0.85,
                "gamma": 0.0,
                "learning_rate": 0.4,
                "max_delta_step": 0.0,
                "max_depth": 10,
                "min_child_weight": 1.0,
                "reg_alpha": 0.0,
                "reg_lambda": 1.0,
                "subsample": 0.75
            }
        },
        {
            "finishedAt": 1626102732074,
            "score": 0.9822837381219501,
            "testScoreGibMean": 0.9822837381219501,
            "testScoreMean": 0.9822837381219501,
            "testScoreStd": 0.0051187607388933345,
            "trainScoreMean": 0.999975504813978,
            "trainScoreStd": 4.2245568098157024e-05,
            "time": 12181,
            "fitTimeMean": 2364.2,
            "fitTimeStd": 466.4814680134678,
            "scoreTimeMean": 72.0,
            "scoreTimeStd": 27.9069883720906,
            "best_iteration": 30,
            "parameters": {
                "booster": "gbtree",
                "colsample_bylevel": 1.0,
                "colsample_bytree": 0.6,
                "gamma": 0.0,
                "learning_rate": 0.25,
                "max_delta_step": 0.0,
                "max_depth": 10,
                "min_child_weight": 1.0,
                "reg_alpha": 0.0,
                "reg_lambda": 1.0,
                "subsample": 0.75
            }
        },
        {
            "finishedAt": 1626102734529,
            "score": 0.9801115959045864,
            "testScoreGibMean": 0.9801115959045864,
            "testScoreMean": 0.9801115959045864,
            "testScoreStd": 0.0023323392177801027,
            "trainScoreMean": 0.9915444369721299,
            "trainScoreStd": 0.0026025550710996313,
            "time": 5443,
            "fitTimeMean": 1000.0,
            "fitTimeStd": 233.34180936985982,
            "scoreTimeMean": 88.6,
            "scoreTimeStd": 54.573253522215445,
            "best_iteration": 40,
            "parameters": {
                "booster": "gbtree",
                "colsample_bylevel": 1.0,
                "colsample_bytree": 0.6,
                "gamma": 0.0,
                "learning_rate": 0.4,
                "max_delta_step": 0.0,
                "max_depth": 3,
                "min_child_weight": 1.0,
                "reg_alpha": 0.0,
                "reg_lambda": 1.0,
                "subsample": 0.75
            }
        },
        {
            "finishedAt": 1626102735045,
            "score": 0.9685750632881677,
            "testScoreGibMean": 0.9685750632881677,
            "testScoreMean": 0.9685750632881677,
            "testScoreStd": 0.012775750669782105,
            "trainScoreMean": 0.9788463794902277,
            "trainScoreStd": 0.014844573093143226,
            "time": 11412,
            "fitTimeMean": 2188.8,
            "fitTimeStd": 1364.3321296517208,
            "scoreTimeMean": 93.6,
            "scoreTimeStd": 66.24681124401386,
            "best_iteration": 98,
            "parameters": {
                "booster": "gbtree",
                "colsample_bylevel": 1.0,
                "colsample_bytree": 0.6,
                "gamma": 0.0,
                "learning_rate": 0.1,
                "max_delta_step": 0.0,
                "max_depth": 3,
                "min_child_weight": 1.0,
                "reg_alpha": 0.0,
                "reg_lambda": 1.0,
                "subsample": 1.0
            }
        },
        {
            "finishedAt": 1626102735512,
            "score": 0.9819874701730605,
            "testScoreGibMean": 0.9819874701730605,
            "testScoreMean": 0.9819874701730605,
            "testScoreStd": 0.0029363609155371308,
            "trainScoreMean": 0.9999996408448967,
            "trainScoreStd": 7.184689669729782e-07,
            "time": 20007,
            "fitTimeMean": 3898.8,
            "fitTimeStd": 1034.9004589814424,
            "scoreTimeMean": 102.6,
            "scoreTimeStd": 45.70601710934787,
            "best_iteration": 37,
            "parameters": {
                "booster": "dart",
                "colsample_bylevel": 1.0,
                "colsample_bytree": 0.85,
                "gamma": 0.0,
                "learning_rate": 0.25,
                "max_delta_step": 0.0,
                "max_depth": 10,
                "min_child_weight": 1.0,
                "reg_alpha": 0.0,
                "reg_lambda": 1.0,
                "subsample": 1.0
            }
        },
        {
            "finishedAt": 1626102735674,
            "score": 0.9797832812900672,
            "testScoreGibMean": 0.9797832812900672,
            "testScoreMean": 0.9797832812900672,
            "testScoreStd": 0.004588599782762811,
            "trainScoreMean": 0.9999885788677109,
            "trainScoreStd": 2.178570543490291e-05,
            "time": 11083,
            "fitTimeMean": 2128.6,
            "fitTimeStd": 811.109265142496,
            "scoreTimeMean": 88.0,
            "scoreTimeStd": 54.96544368964923,
            "best_iteration": 23,
            "parameters": {
                "booster": "gbtree",
                "colsample_bylevel": 1.0,
                "colsample_bytree": 0.6,
                "gamma": 0.0,
                "learning_rate": 0.25,
                "max_delta_step": 0.0,
                "max_depth": 10,
                "min_child_weight": 1.0,
                "reg_alpha": 0.0,
                "reg_lambda": 1.0,
                "subsample": 1.0
            }
        },
        {
            "finishedAt": 1626102735911,
            "score": 0.9780742102079245,
            "testScoreGibMean": 0.9780742102079245,
            "testScoreMean": 0.9780742102079245,
            "testScoreStd": 0.004260739914690276,
            "trainScoreMean": 0.9885040084148292,
            "trainScoreStd": 0.0024506450614546036,
            "time": 31012,
            "fitTimeMean": 6091.4,
            "fitTimeStd": 2303.800737911159,
            "scoreTimeMean": 111.0,
            "scoreTimeStd": 58.36437269430727,
            "best_iteration": 102,
            "parameters": {
                "booster": "dart",
                "colsample_bylevel": 1.0,
                "colsample_bytree": 0.85,
                "gamma": 0.0,
                "learning_rate": 0.1,
                "max_delta_step": 0.0,
                "max_depth": 3,
                "min_child_weight": 1.0,
                "reg_alpha": 0.0,
                "reg_lambda": 1.0,
                "subsample": 1.0
            }
        },
        {
            "finishedAt": 1626102736281,
            "score": 0.9800456220723677,
            "testScoreGibMean": 0.9800456220723677,
            "testScoreMean": 0.9800456220723677,
            "testScoreStd": 0.003204438644091457,
            "trainScoreMean": 0.9916862174211849,
            "trainScoreStd": 0.0008589192790710927,
            "time": 12793,
            "fitTimeMean": 2502.4,
            "fitTimeStd": 342.65702969587534,
            "scoreTimeMean": 56.2,
            "scoreTimeStd": 30.707653769052435,
            "best_iteration": 53,
            "parameters": {
                "booster": "dart",
                "colsample_bylevel": 1.0,
                "colsample_bytree": 0.85,
                "gamma": 0.0,
                "learning_rate": 0.25,
                "max_delta_step": 0.0,
                "max_depth": 3,
                "min_child_weight": 1.0,
                "reg_alpha": 0.0,
                "reg_lambda": 1.0,
                "subsample": 0.75
            }
        },
        {
            "finishedAt": 1626102738208,
            "score": 0.9780448243401765,
            "testScoreGibMean": 0.9780448243401765,
            "testScoreMean": 0.9780448243401765,
            "testScoreStd": 0.004885794909818952,
            "trainScoreMean": 0.9990159664973942,
            "trainScoreStd": 0.0008196181040901584,
            "time": 15245,
            "fitTimeMean": 3020.4,
            "fitTimeStd": 911.6362432461754,
            "scoreTimeMean": 28.6,
            "scoreTimeStd": 17.939899665271263,
            "best_iteration": 29,
            "parameters": {
                "booster": "dart",
                "colsample_bylevel": 1.0,
                "colsample_bytree": 0.6,
                "gamma": 0.0,
                "learning_rate": 0.1,
                "max_delta_step": 0.0,
                "max_depth": 10,
                "min_child_weight": 1.0,
                "reg_alpha": 0.0,
                "reg_lambda": 1.0,
                "subsample": 0.75
            }
        },
        {
            "finishedAt": 1626102738426,
            "score": 0.9774440084700092,
            "testScoreGibMean": 0.9774440084700092,
            "testScoreMean": 0.9774440084700092,
            "testScoreStd": 0.004350700285470944,
            "trainScoreMean": 0.9882143341002444,
            "trainScoreStd": 0.0024041299502732976,
            "time": 10450,
            "fitTimeMean": 2056.0,
            "fitTimeStd": 382.3234232949899,
            "scoreTimeMean": 34.0,
            "scoreTimeStd": 19.493588689617926,
            "best_iteration": 94,
            "parameters": {
                "booster": "gbtree",
                "colsample_bylevel": 1.0,
                "colsample_bytree": 0.6,
                "gamma": 0.0,
                "learning_rate": 0.1,
                "max_delta_step": 0.0,
                "max_depth": 3,
                "min_child_weight": 1.0,
                "reg_alpha": 0.0,
                "reg_lambda": 1.0,
                "subsample": 0.75
            }
        },
        {
            "finishedAt": 1626102739261,
            "score": 0.9761865337989988,
            "testScoreGibMean": 0.9761865337989988,
            "testScoreMean": 0.9761865337989988,
            "testScoreStd": 0.00351737195430096,
            "trainScoreMean": 0.9980343856137532,
            "trainScoreStd": 0.0028049849324203544,
            "time": 12329,
            "fitTimeMean": 2438.0,
            "fitTimeStd": 1195.4850061795003,
            "scoreTimeMean": 27.8,
            "scoreTimeStd": 19.600000000000005,
            "best_iteration": 36,
            "parameters": {
                "booster": "gbtree",
                "colsample_bylevel": 1.0,
                "colsample_bytree": 0.6,
                "gamma": 0.0,
                "learning_rate": 0.1,
                "max_delta_step": 0.0,
                "max_depth": 10,
                "min_child_weight": 1.0,
                "reg_alpha": 0.0,
                "reg_lambda": 1.0,
                "subsample": 0.75
            }
        }
    ]
}