{
    "modelInputNRows": 5657,
    "modelInputNCols": 31,
    "modelInputIsSparse": false,
    "modelInputMemory": 1402936,
    "usedGridSearch": true,
    "gridSize": 48,
    "gridBestScore": 0.9828154577760517,
    "gridCells": [
        {
            "params": {
                "booster": "dart",
                "colsample_bylevel": 1.0,
                "colsample_bytree": 0.6,
                "gamma": 0.0,
                "learning_rate": 0.1,
                "max_delta_step": 0.0,
                "max_depth": 3,
                "min_child_weight": 1.0,
                "reg_alpha": 0.0,
                "reg_lambda": 1.0,
                "subsample": 1.0
            },
            "score": 0.9701366288133267,
            "scoreStd": 0.016661036997359224,
            "fitTime": 6.827,
            "fitTimeStd": 4.464944837285227,
            "scoreTime": 0.11220000000000001,
            "scoreTimeStd": 0.08274635943653352
        },
        {
            "params": {
                "booster": "gbtree",
                "colsample_bylevel": 1.0,
                "colsample_bytree": 0.6,
                "gamma": 0.0,
                "learning_rate": 0.4,
                "max_delta_step": 0.0,
                "max_depth": 3,
                "min_child_weight": 1.0,
                "reg_alpha": 0.0,
                "reg_lambda": 1.0,
                "subsample": 1.0
            },
            "score": 0.9780601679534326,
            "scoreStd": 0.006228031838707746,
            "fitTime": 1.0974000000000002,
            "fitTimeStd": 0.4103630587662588,
            "scoreTime": 0.0402,
            "scoreTimeStd": 0.014810806865258895
        },
        {
            "params": {
                "booster": "gbtree",
                "colsample_bylevel": 1.0,
                "colsample_bytree": 0.85,
                "gamma": 0.0,
                "learning_rate": 0.1,
                "max_delta_step": 0.0,
                "max_depth": 3,
                "min_child_weight": 1.0,
                "reg_alpha": 0.0,
                "reg_lambda": 1.0,
                "subsample": 0.75
            },
            "score": 0.9615955065566054,
            "scoreStd": 0.02937628166369161,
            "fitTime": 2.7054,
            "fitTimeStd": 1.1786467833918695,
            "scoreTime": 0.06659999999999999,
            "scoreTimeStd": 0.031193589084938595
        },
        {
            "params": {
                "booster": "dart",
                "colsample_bylevel": 1.0,
                "colsample_bytree": 0.6,
                "gamma": 0.0,
                "learning_rate": 0.1,
                "max_delta_step": 0.0,
                "max_depth": 3,
                "min_child_weight": 1.0,
                "reg_alpha": 0.0,
                "reg_lambda": 1.0,
                "subsample": 0.75
            },
            "score": 0.9635637898570265,
            "scoreStd": 0.016885385791905252,
            "fitTime": 3.3975999999999997,
            "fitTimeStd": 1.874486340307659,
            "scoreTime": 0.0422,
            "scoreTimeStd": 0.008207313811473275
        },
        {
            "params": {
                "booster": "dart",
                "colsample_bylevel": 1.0,
                "colsample_bytree": 0.85,
                "gamma": 0.0,
                "learning_rate": 0.4,
                "max_delta_step": 0.0,
                "max_depth": 3,
                "min_child_weight": 1.0,
                "reg_alpha": 0.0,
                "reg_lambda": 1.0,
                "subsample": 0.75
            },
            "score": 0.9801078775658092,
            "scoreStd": 0.00453055859878394,
            "fitTime": 1.8868,
            "fitTimeStd": 0.6373132353874349,
            "scoreTime": 0.046799999999999994,
            "scoreTimeStd": 0.02013355408267502
        },
        {
            "params": {
                "booster": "dart",
                "colsample_bylevel": 1.0,
                "colsample_bytree": 0.85,
                "gamma": 0.0,
                "learning_rate": 0.4,
                "max_delta_step": 0.0,
                "max_depth": 10,
                "min_child_weight": 1.0,
                "reg_alpha": 0.0,
                "reg_lambda": 1.0,
                "subsample": 1.0
            },
            "score": 0.9813131369359025,
            "scoreStd": 0.0035704484360393396,
            "fitTime": 3.2934,
            "fitTimeStd": 0.5572857794704617,
            "scoreTime": 0.055799999999999995,
            "scoreTimeStd": 0.01892511558749378
        },
        {
            "params": {
                "booster": "dart",
                "colsample_bylevel": 1.0,
                "colsample_bytree": 0.85,
                "gamma": 0.0,
                "learning_rate": 0.1,
                "max_delta_step": 0.0,
                "max_depth": 10,
                "min_child_weight": 1.0,
                "reg_alpha": 0.0,
                "reg_lambda": 1.0,
                "subsample": 0.75
            },
            "score": 0.9792950504966993,
            "scoreStd": 0.007382670636902352,
            "fitTime": 7.6094,
            "fitTimeStd": 3.387658873027212,
            "scoreTime": 0.0592,
            "scoreTimeStd": 0.023146490014686893
        },
        {
            "params": {
                "booster": "dart",
                "colsample_bylevel": 1.0,
                "colsample_bytree": 0.85,
                "gamma": 0.0,
                "learning_rate": 0.1,
                "max_delta_step": 0.0,
                "max_depth": 3,
                "min_child_weight": 1.0,
                "reg_alpha": 0.0,
                "reg_lambda": 1.0,
                "subsample": 0.75
            },
            "score": 0.974636257193961,
            "scoreStd": 0.009696914993627051,
            "fitTime": 5.3854,
            "fitTimeStd": 3.0535567851277956,
            "scoreTime": 0.0404,
            "scoreTimeStd": 0.007499333303701071
        },
        {
            "params": {
                "booster": "dart",
                "colsample_bylevel": 1.0,
                "colsample_bytree": 0.6,
                "gamma": 0.0,
                "learning_rate": 0.25,
                "max_delta_step": 0.0,
                "max_depth": 10,
                "min_child_weight": 1.0,
                "reg_alpha": 0.0,
                "reg_lambda": 1.0,
                "subsample": 1.0,
                "n_estimators": 38
            },
            "score": 0.9828154577760517,
            "scoreStd": 0.004017984136488691,
            "fitTime": 5.118399999999999,
            "fitTimeStd": 1.083973542112537,
            "scoreTime": 0.0516,
            "scoreTimeStd": 0.012690153663372245
        },
        {
            "params": {
                "booster": "gbtree",
                "colsample_bylevel": 1.0,
                "colsample_bytree": 0.6,
                "gamma": 0.0,
                "learning_rate": 0.25,
                "max_delta_step": 0.0,
                "max_depth": 3,
                "min_child_weight": 1.0,
                "reg_alpha": 0.0,
                "reg_lambda": 1.0,
                "subsample": 0.75
            },
            "score": 0.9762502405702855,
            "scoreStd": 0.003875682872129031,
            "fitTime": 1.1814,
            "fitTimeStd": 0.4466325559114562,
            "scoreTime": 0.0366,
            "scoreTimeStd": 0.01610714127336071
        },
        {
            "params": {
                "booster": "gbtree",
                "colsample_bylevel": 1.0,
                "colsample_bytree": 0.85,
                "gamma": 0.0,
                "learning_rate": 0.4,
                "max_delta_step": 0.0,
                "max_depth": 3,
                "min_child_weight": 1.0,
                "reg_alpha": 0.0,
                "reg_lambda": 1.0,
                "subsample": 0.75
            },
            "score": 0.9786620708366202,
            "scoreStd": 0.005071602247790243,
            "fitTime": 1.145,
            "fitTimeStd": 0.32452549976850814,
            "scoreTime": 0.0358,
            "scoreTimeStd": 0.019446336415890785
        },
        {
            "params": {
                "booster": "gbtree",
                "colsample_bylevel": 1.0,
                "colsample_bytree": 0.85,
                "gamma": 0.0,
                "learning_rate": 0.4,
                "max_delta_step": 0.0,
                "max_depth": 10,
                "min_child_weight": 1.0,
                "reg_alpha": 0.0,
                "reg_lambda": 1.0,
                "subsample": 1.0
            },
            "score": 0.9810626989046429,
            "scoreStd": 0.0032055414756720197,
            "fitTime": 2.397,
            "fitTimeStd": 0.2171810304791834,
            "scoreTime": 0.1296,
            "scoreTimeStd": 0.1171948804342579
        },
        {
            "params": {
                "booster": "gbtree",
                "colsample_bylevel": 1.0,
                "colsample_bytree": 0.85,
                "gamma": 0.0,
                "learning_rate": 0.4,
                "max_delta_step": 0.0,
                "max_depth": 10,
                "min_child_weight": 1.0,
                "reg_alpha": 0.0,
                "reg_lambda": 1.0,
                "subsample": 0.75
            },
            "score": 0.9810948751545846,
            "scoreStd": 0.005133597105620913,
            "fitTime": 2.3508,
            "fitTimeStd": 0.4554072463191599,
            "scoreTime": 0.1804,
            "scoreTimeStd": 0.13190542066192731
        },
        {
            "params": {
                "booster": "dart",
                "colsample_bylevel": 1.0,
                "colsample_bytree": 0.6,
                "gamma": 0.0,
                "learning_rate": 0.25,
                "max_delta_step": 0.0,
                "max_depth": 3,
                "min_child_weight": 1.0,
                "reg_alpha": 0.0,
                "reg_lambda": 1.0,
                "subsample": 1.0
            },
            "score": 0.9792098794795879,
            "scoreStd": 0.004760668502215076,
            "fitTime": 2.3291999999999997,
            "fitTimeStd": 0.4466427655296792,
            "scoreTime": 0.046200000000000005,
            "scoreTimeStd": 0.017747112441183214
        },
        {
            "params": {
                "booster": "gbtree",
                "colsample_bylevel": 1.0,
                "colsample_bytree": 0.85,
                "gamma": 0.0,
                "learning_rate": 0.25,
                "max_delta_step": 0.0,
                "max_depth": 10,
                "min_child_weight": 1.0,
                "reg_alpha": 0.0,
                "reg_lambda": 1.0,
                "subsample": 0.75
            },
            "score": 0.9825301732605733,
            "scoreStd": 0.004108345643272794,
            "fitTime": 2.952,
            "fitTimeStd": 0.4983922150274821,
            "scoreTime": 0.0594,
            "scoreTimeStd": 0.0325613267542955
        },
        {
            "params": {
                "booster": "dart",
                "colsample_bylevel": 1.0,
                "colsample_bytree": 0.6,
                "gamma": 0.0,
                "learning_rate": 0.4,
                "max_delta_step": 0.0,
                "max_depth": 10,
                "min_child_weight": 1.0,
                "reg_alpha": 0.0,
                "reg_lambda": 1.0,
                "subsample": 1.0
            },
            "score": 0.9827839507792435,
            "scoreStd": 0.004288717879031831,
            "fitTime": 2.7561999999999998,
            "fitTimeStd": 0.46745926025697687,
            "scoreTime": 0.053399999999999996,
            "scoreTimeStd": 0.02765935646395266
        },
        {
            "params": {
                "booster": "dart",
                "colsample_bylevel": 1.0,
                "colsample_bytree": 0.85,
                "gamma": 0.0,
                "learning_rate": 0.4,
                "max_delta_step": 0.0,
                "max_depth": 3,
                "min_child_weight": 1.0,
                "reg_alpha": 0.0,
                "reg_lambda": 1.0,
                "subsample": 1.0
            },
            "score": 0.9793838122286537,
            "scoreStd": 0.005371854685011841,
            "fitTime": 1.7067999999999999,
            "fitTimeStd": 0.5100907370262667,
            "scoreTime": 0.055799999999999995,
            "scoreTimeStd": 0.03108311438707518
        },
        {
            "params": {
                "booster": "gbtree",
                "colsample_bylevel": 1.0,
                "colsample_bytree": 0.6,
                "gamma": 0.0,
                "learning_rate": 0.1,
                "max_delta_step": 0.0,
                "max_depth": 10,
                "min_child_weight": 1.0,
                "reg_alpha": 0.0,
                "reg_lambda": 1.0,
                "subsample": 1.0
            },
            "score": 0.9773332191991924,
            "scoreStd": 0.007056563909361986,
            "fitTime": 2.2596,
            "fitTimeStd": 0.6462546247416725,
            "scoreTime": 0.037200000000000004,
            "scoreTimeStd": 0.007756287771866127
        },
        {
            "params": {
                "booster": "dart",
                "colsample_bylevel": 1.0,
                "colsample_bytree": 0.85,
                "gamma": 0.0,
                "learning_rate": 0.1,
                "max_delta_step": 0.0,
                "max_depth": 10,
                "min_child_weight": 1.0,
                "reg_alpha": 0.0,
                "reg_lambda": 1.0,
                "subsample": 1.0
            },
            "score": 0.9773463251239606,
            "scoreStd": 0.007092066564700225,
            "fitTime": 8.1156,
            "fitTimeStd": 4.696359381478381,
            "scoreTime": 0.06459999999999999,
            "scoreTimeStd": 0.025160286166894048
        },
        {
            "params": {
                "booster": "dart",
                "colsample_bylevel": 1.0,
                "colsample_bytree": 0.6,
                "gamma": 0.0,
                "learning_rate": 0.4,
                "max_delta_step": 0.0,
                "max_depth": 10,
                "min_child_weight": 1.0,
                "reg_alpha": 0.0,
                "reg_lambda": 1.0,
                "subsample": 0.75
            },
            "score": 0.980650997914808,
            "scoreStd": 0.004108769187233708,
            "fitTime": 2.2571999999999997,
            "fitTimeStd": 0.9660212005955149,
            "scoreTime": 0.07579999999999999,
            "scoreTimeStd": 0.02459593462342913
        },
        {
            "params": {
                "booster": "gbtree",
                "colsample_bylevel": 1.0,
                "colsample_bytree": 0.85,
                "gamma": 0.0,
                "learning_rate": 0.4,
                "max_delta_step": 0.0,
                "max_depth": 3,
                "min_child_weight": 1.0,
                "reg_alpha": 0.0,
                "reg_lambda": 1.0,
                "subsample": 1.0
            },
            "score": 0.9802486083884872,
            "scoreStd": 0.003661152165060022,
            "fitTime": 0.9896,
            "fitTimeStd": 0.12404612045525647,
            "scoreTime": 0.0416,
            "scoreTimeStd": 0.015551205741035001
        },
        {
            "params": {
                "booster": "dart",
                "colsample_bylevel": 1.0,
                "colsample_bytree": 0.6,
                "gamma": 0.0,
                "learning_rate": 0.1,
                "max_delta_step": 0.0,
                "max_depth": 10,
                "min_child_weight": 1.0,
                "reg_alpha": 0.0,
                "reg_lambda": 1.0,
                "subsample": 1.0
            },
            "score": 0.974535445715838,
            "scoreStd": 0.004293545023740241,
            "fitTime": 2.5208000000000004,
            "fitTimeStd": 0.702606120098594,
            "scoreTime": 0.046200000000000005,
            "scoreTimeStd": 0.012023310692151309
        },
        {
            "params": {
                "booster": "dart",
                "colsample_bylevel": 1.0,
                "colsample_bytree": 0.6,
                "gamma": 0.0,
                "learning_rate": 0.4,
                "max_delta_step": 0.0,
                "max_depth": 3,
                "min_child_weight": 1.0,
                "reg_alpha": 0.0,
                "reg_lambda": 1.0,
                "subsample": 1.0
            },
            "score": 0.9787034741541394,
            "scoreStd": 0.0048352949630899485,
            "fitTime": 1.7838,
            "fitTimeStd": 0.5118493528373362,
            "scoreTime": 0.045399999999999996,
            "scoreTimeStd": 0.016230834852218785
        },
        {
            "params": {
                "booster": "dart",
                "colsample_bylevel": 1.0,
                "colsample_bytree": 0.6,
                "gamma": 0.0,
                "learning_rate": 0.25,
                "max_delta_step": 0.0,
                "max_depth": 3,
                "min_child_weight": 1.0,
                "reg_alpha": 0.0,
                "reg_lambda": 1.0,
                "subsample": 0.75
            },
            "score": 0.9772725979965176,
            "scoreStd": 0.00789357763554176,
            "fitTime": 2.8106,
            "fitTimeStd": 1.4005251300851405,
            "scoreTime": 0.0496,
            "scoreTimeStd": 0.013879481258317979
        },
        {
            "params": {
                "booster": "gbtree",
                "colsample_bylevel": 1.0,
                "colsample_bytree": 0.85,
                "gamma": 0.0,
                "learning_rate": 0.1,
                "max_delta_step": 0.0,
                "max_depth": 10,
                "min_child_weight": 1.0,
                "reg_alpha": 0.0,
                "reg_lambda": 1.0,
                "subsample": 1.0
            },
            "score": 0.9709705148948575,
            "scoreStd": 0.014171586136311498,
            "fitTime": 3.4546,
            "fitTimeStd": 1.9929303650654733,
            "scoreTime": 0.0724,
            "scoreTimeStd": 0.061405537209603504
        },
        {
            "params": {
                "booster": "gbtree",
                "colsample_bylevel": 1.0,
                "colsample_bytree": 0.6,
                "gamma": 0.0,
                "learning_rate": 0.25,
                "max_delta_step": 0.0,
                "max_depth": 3,
                "min_child_weight": 1.0,
                "reg_alpha": 0.0,
                "reg_lambda": 1.0,
                "subsample": 1.0
            },
            "score": 0.968096864646451,
            "scoreStd": 0.01911971384502748,
            "fitTime": 1.0086,
            "fitTimeStd": 0.5551697398093668,
            "scoreTime": 0.0366,
            "scoreTimeStd": 0.008890444308357148
        },
        {
            "params": {
                "booster": "gbtree",
                "colsample_bylevel": 1.0,
                "colsample_bytree": 0.85,
                "gamma": 0.0,
                "learning_rate": 0.1,
                "max_delta_step": 0.0,
                "max_depth": 10,
                "min_child_weight": 1.0,
                "reg_alpha": 0.0,
                "reg_lambda": 1.0,
                "subsample": 0.75
            },
            "score": 0.9784591492462038,
            "scoreStd": 0.0089100265094366,
            "fitTime": 3.9215999999999998,
            "fitTimeStd": 1.5940832600588968,
            "scoreTime": 0.0598,
            "scoreTimeStd": 0.027014070407844874
        },
        {
            "params": {
                "booster": "dart",
                "colsample_bylevel": 1.0,
                "colsample_bytree": 0.85,
                "gamma": 0.0,
                "learning_rate": 0.25,
                "max_delta_step": 0.0,
                "max_depth": 3,
                "min_child_weight": 1.0,
                "reg_alpha": 0.0,
                "reg_lambda": 1.0,
                "subsample": 1.0
            },
            "score": 0.9816237252803817,
            "scoreStd": 0.00426835094682449,
            "fitTime": 3.073,
            "fitTimeStd": 0.7427992999458198,
            "scoreTime": 0.0594,
            "scoreTimeStd": 0.022826300620118013
        },
        {
            "params": {
                "booster": "gbtree",
                "colsample_bylevel": 1.0,
                "colsample_bytree": 0.6,
                "gamma": 0.0,
                "learning_rate": 0.4,
                "max_delta_step": 0.0,
                "max_depth": 10,
                "min_child_weight": 1.0,
                "reg_alpha": 0.0,
                "reg_lambda": 1.0,
                "subsample": 1.0
            },
            "score": 0.9803564701835532,
            "scoreStd": 0.004503746721237966,
            "fitTime": 1.9456,
            "fitTimeStd": 0.4421694697737509,
            "scoreTime": 0.07579999999999999,
            "scoreTimeStd": 0.024473659309551563
        },
        {
            "params": {
                "booster": "gbtree",
                "colsample_bylevel": 1.0,
                "colsample_bytree": 0.85,
                "gamma": 0.0,
                "learning_rate": 0.25,
                "max_delta_step": 0.0,
                "max_depth": 3,
                "min_child_weight": 1.0,
                "reg_alpha": 0.0,
                "reg_lambda": 1.0,
                "subsample": 1.0
            },
            "score": 0.9788114461955513,
            "scoreStd": 0.004954878027282834,
            "fitTime": 1.3352,
            "fitTimeStd": 0.4565349493740868,
            "scoreTime": 0.06620000000000001,
            "scoreTimeStd": 0.02500719896349849
        },
        {
            "params": {
                "booster": "gbtree",
                "colsample_bylevel": 1.0,
                "colsample_bytree": 0.85,
                "gamma": 0.0,
                "learning_rate": 0.25,
                "max_delta_step": 0.0,
                "max_depth": 3,
                "min_child_weight": 1.0,
                "reg_alpha": 0.0,
                "reg_lambda": 1.0,
                "subsample": 0.75
            },
            "score": 0.9791490972600982,
            "scoreStd": 0.005763594640446869,
            "fitTime": 1.311,
            "fitTimeStd": 0.3867846946299711,
            "scoreTime": 0.0544,
            "scoreTimeStd": 0.020214846029589242
        },
        {
            "params": {
                "booster": "dart",
                "colsample_bylevel": 1.0,
                "colsample_bytree": 0.6,
                "gamma": 0.0,
                "learning_rate": 0.25,
                "max_delta_step": 0.0,
                "max_depth": 10,
                "min_child_weight": 1.0,
                "reg_alpha": 0.0,
                "reg_lambda": 1.0,
                "subsample": 0.75
            },
            "score": 0.9818121108336224,
            "scoreStd": 0.004270835111422913,
            "fitTime": 3.1964,
            "fitTimeStd": 1.2286989216240078,
            "scoreTime": 0.049,
            "scoreTimeStd": 0.013038404810405298
        },
        {
            "params": {
                "booster": "gbtree",
                "colsample_bylevel": 1.0,
                "colsample_bytree": 0.6,
                "gamma": 0.0,
                "learning_rate": 0.4,
                "max_delta_step": 0.0,
                "max_depth": 10,
                "min_child_weight": 1.0,
                "reg_alpha": 0.0,
                "reg_lambda": 1.0,
                "subsample": 0.75
            },
            "score": 0.9822416122555963,
            "scoreStd": 0.0041569853410022735,
            "fitTime": 2.2601999999999998,
            "fitTimeStd": 0.7935795864310019,
            "scoreTime": 0.0384,
            "scoreTimeStd": 0.006280127387243034
        },
        {
            "params": {
                "booster": "dart",
                "colsample_bylevel": 1.0,
                "colsample_bytree": 0.85,
                "gamma": 0.0,
                "learning_rate": 0.25,
                "max_delta_step": 0.0,
                "max_depth": 10,
                "min_child_weight": 1.0,
                "reg_alpha": 0.0,
                "reg_lambda": 1.0,
                "subsample": 0.75
            },
            "score": 0.9819219228393633,
            "scoreStd": 0.002450803361948462,
            "fitTime": 4.347,
            "fitTimeStd": 0.6810929451991116,
            "scoreTime": 0.057,
            "scoreTimeStd": 0.02006987792688336
        },
        {
            "params": {
                "booster": "dart",
                "colsample_bylevel": 1.0,
                "colsample_bytree": 0.6,
                "gamma": 0.0,
                "learning_rate": 0.4,
                "max_delta_step": 0.0,
                "max_depth": 3,
                "min_child_weight": 1.0,
                "reg_alpha": 0.0,
                "reg_lambda": 1.0,
                "subsample": 0.75
            },
            "score": 0.9785035803842485,
            "scoreStd": 0.003448332598458562,
            "fitTime": 1.548,
            "fitTimeStd": 0.3237363124519707,
            "scoreTime": 0.0386,
            "scoreTimeStd": 0.006916646586316233
        },
        {
            "params": {
                "booster": "gbtree",
                "colsample_bylevel": 1.0,
                "colsample_bytree": 0.85,
                "gamma": 0.0,
                "learning_rate": 0.25,
                "max_delta_step": 0.0,
                "max_depth": 10,
                "min_child_weight": 1.0,
                "reg_alpha": 0.0,
                "reg_lambda": 1.0,
                "subsample": 1.0
            },
            "score": 0.9825718157442156,
            "scoreStd": 0.0033569382351563,
            "fitTime": 2.8758000000000004,
            "fitTimeStd": 0.3970805459853202,
            "scoreTime": 0.0588,
            "scoreTimeStd": 0.02317239737273638
        },
        {
            "params": {
                "booster": "dart",
                "colsample_bylevel": 1.0,
                "colsample_bytree": 0.85,
                "gamma": 0.0,
                "learning_rate": 0.1,
                "max_delta_step": 0.0,
                "max_depth": 3,
                "min_child_weight": 1.0,
                "reg_alpha": 0.0,
                "reg_lambda": 1.0,
                "subsample": 1.0
            },
            "score": 0.9780742102079245,
            "scoreStd": 0.004260739914690276,
            "fitTime": 6.091399999999999,
            "fitTimeStd": 2.303800737911159,
            "scoreTime": 0.111,
            "scoreTimeStd": 0.05836437269430727
        },
        {
            "params": {
                "booster": "gbtree",
                "colsample_bylevel": 1.0,
                "colsample_bytree": 0.85,
                "gamma": 0.0,
                "learning_rate": 0.1,
                "max_delta_step": 0.0,
                "max_depth": 3,
                "min_child_weight": 1.0,
                "reg_alpha": 0.0,
                "reg_lambda": 1.0,
                "subsample": 1.0
            },
            "score": 0.9797790900682298,
            "scoreStd": 0.002864030379585006,
            "fitTime": 2.9868,
            "fitTimeStd": 0.5564384602092131,
            "scoreTime": 0.0724,
            "scoreTimeStd": 0.03184085425989698
        },
        {
            "params": {
                "booster": "dart",
                "colsample_bylevel": 1.0,
                "colsample_bytree": 0.85,
                "gamma": 0.0,
                "learning_rate": 0.4,
                "max_delta_step": 0.0,
                "max_depth": 10,
                "min_child_weight": 1.0,
                "reg_alpha": 0.0,
                "reg_lambda": 1.0,
                "subsample": 0.75
            },
            "score": 0.9773995193845177,
            "scoreStd": 0.005224248032263641,
            "fitTime": 2.0236,
            "fitTimeStd": 0.6823212146782482,
            "scoreTime": 0.059,
            "scoreTimeStd": 0.02338375504490243
        },
        {
            "params": {
                "booster": "gbtree",
                "colsample_bylevel": 1.0,
                "colsample_bytree": 0.6,
                "gamma": 0.0,
                "learning_rate": 0.25,
                "max_delta_step": 0.0,
                "max_depth": 10,
                "min_child_weight": 1.0,
                "reg_alpha": 0.0,
                "reg_lambda": 1.0,
                "subsample": 0.75
            },
            "score": 0.9822837381219501,
            "scoreStd": 0.0051187607388933345,
            "fitTime": 2.3642,
            "fitTimeStd": 0.4664814680134678,
            "scoreTime": 0.072,
            "scoreTimeStd": 0.0279069883720906
        },
        {
            "params": {
                "booster": "dart",
                "colsample_bylevel": 1.0,
                "colsample_bytree": 0.85,
                "gamma": 0.0,
                "learning_rate": 0.25,
                "max_delta_step": 0.0,
                "max_depth": 10,
                "min_child_weight": 1.0,
                "reg_alpha": 0.0,
                "reg_lambda": 1.0,
                "subsample": 1.0
            },
            "score": 0.9819874701730605,
            "scoreStd": 0.0029363609155371308,
            "fitTime": 3.8988,
            "fitTimeStd": 1.0349004589814423,
            "scoreTime": 0.1026,
            "scoreTimeStd": 0.045706017109347866
        },
        {
            "params": {
                "booster": "gbtree",
                "colsample_bylevel": 1.0,
                "colsample_bytree": 0.6,
                "gamma": 0.0,
                "learning_rate": 0.1,
                "max_delta_step": 0.0,
                "max_depth": 3,
                "min_child_weight": 1.0,
                "reg_alpha": 0.0,
                "reg_lambda": 1.0,
                "subsample": 1.0
            },
            "score": 0.9685750632881677,
            "scoreStd": 0.012775750669782105,
            "fitTime": 2.1888,
            "fitTimeStd": 1.3643321296517208,
            "scoreTime": 0.09359999999999999,
            "scoreTimeStd": 0.06624681124401385
        },
        {
            "params": {
                "booster": "gbtree",
                "colsample_bylevel": 1.0,
                "colsample_bytree": 0.6,
                "gamma": 0.0,
                "learning_rate": 0.25,
                "max_delta_step": 0.0,
                "max_depth": 10,
                "min_child_weight": 1.0,
                "reg_alpha": 0.0,
                "reg_lambda": 1.0,
                "subsample": 1.0
            },
            "score": 0.9797832812900672,
            "scoreStd": 0.004588599782762811,
            "fitTime": 2.1286,
            "fitTimeStd": 0.811109265142496,
            "scoreTime": 0.088,
            "scoreTimeStd": 0.05496544368964923
        },
        {
            "params": {
                "booster": "gbtree",
                "colsample_bylevel": 1.0,
                "colsample_bytree": 0.6,
                "gamma": 0.0,
                "learning_rate": 0.4,
                "max_delta_step": 0.0,
                "max_depth": 3,
                "min_child_weight": 1.0,
                "reg_alpha": 0.0,
                "reg_lambda": 1.0,
                "subsample": 0.75
            },
            "score": 0.9801115959045864,
            "scoreStd": 0.0023323392177801027,
            "fitTime": 1.0,
            "fitTimeStd": 0.23334180936985982,
            "scoreTime": 0.0886,
            "scoreTimeStd": 0.05457325352221545
        },
        {
            "params": {
                "booster": "dart",
                "colsample_bylevel": 1.0,
                "colsample_bytree": 0.85,
                "gamma": 0.0,
                "learning_rate": 0.25,
                "max_delta_step": 0.0,
                "max_depth": 3,
                "min_child_weight": 1.0,
                "reg_alpha": 0.0,
                "reg_lambda": 1.0,
                "subsample": 0.75
            },
            "score": 0.9800456220723677,
            "scoreStd": 0.003204438644091457,
            "fitTime": 2.5024,
            "fitTimeStd": 0.34265702969587536,
            "scoreTime": 0.0562,
            "scoreTimeStd": 0.030707653769052434
        },
        {
            "params": {
                "booster": "dart",
                "colsample_bylevel": 1.0,
                "colsample_bytree": 0.6,
                "gamma": 0.0,
                "learning_rate": 0.1,
                "max_delta_step": 0.0,
                "max_depth": 10,
                "min_child_weight": 1.0,
                "reg_alpha": 0.0,
                "reg_lambda": 1.0,
                "subsample": 0.75
            },
            "score": 0.9780448243401765,
            "scoreStd": 0.004885794909818952,
            "fitTime": 3.0204,
            "fitTimeStd": 0.9116362432461753,
            "scoreTime": 0.0286,
            "scoreTimeStd": 0.017939899665271264
        },
        {
            "params": {
                "booster": "gbtree",
                "colsample_bylevel": 1.0,
                "colsample_bytree": 0.6,
                "gamma": 0.0,
                "learning_rate": 0.1,
                "max_delta_step": 0.0,
                "max_depth": 10,
                "min_child_weight": 1.0,
                "reg_alpha": 0.0,
                "reg_lambda": 1.0,
                "subsample": 0.75
            },
            "score": 0.9761865337989988,
            "scoreStd": 0.00351737195430096,
            "fitTime": 2.438,
            "fitTimeStd": 1.1954850061795002,
            "scoreTime": 0.027800000000000002,
            "scoreTimeStd": 0.019600000000000006
        },
        {
            "params": {
                "booster": "gbtree",
                "colsample_bylevel": 1.0,
                "colsample_bytree": 0.6,
                "gamma": 0.0,
                "learning_rate": 0.1,
                "max_delta_step": 0.0,
                "max_depth": 3,
                "min_child_weight": 1.0,
                "reg_alpha": 0.0,
                "reg_lambda": 1.0,
                "subsample": 0.75
            },
            "score": 0.9774440084700092,
            "scoreStd": 0.004350700285470944,
            "fitTime": 2.056,
            "fitTimeStd": 0.38232342329498986,
            "scoreTime": 0.034,
            "scoreTimeStd": 0.019493588689617928
        }
    ],
    "nBoostedEstimators": 29,
    "probaAware": true
}