{
  "state": "DONE",
  "preSearchDescription": {
    "gridLength": 48,
    "searchStrategy": "GRID",
    "importantParams": [
      {
        "name": "trees",
        "val": "300"
      },
      {
        "name": "max_depth",
        "vals": [
          "3",
          "10"
        ]
      }
    ]
  },
  "postSearchDescription": {
    "importantParams": [
      {
        "name": "trees",
        "val": "38"
      },
      {
        "name": "max_depth",
        "val": "10"
      }
    ]
  },
  "resumed": false,
  "timeOrderingEnabled": false,
  "sampleWeightsEnabled": false,
  "modelId": "m1",
  "progress": {
    "top_level_todo": [],
    "stack": [],
    "top_level_done": [
      {
        "name": "Loading source dataset",
        "time": 34
      },
      {
        "name": "Collecting statistics",
        "time": 38
      },
      {
        "name": "Preprocessing input",
        "time": 71
      },
      {
        "name": "Fitting global model",
        "time": 46345
      },
      {
        "name": "Saving model",
        "time": 3
      },
      {
        "name": "Computing global stats",
        "time": 48
      },
      {
        "name": "Fitting folds",
        "time": 16320
      }
    ]
  },
  "startTime": 1626102693032,
  "endTime": 1626102756219,
  "preprocessingTime": 145,
  "trainingTime": 63042,
  "hyperparamsSearchTime": 0
}