{
  "description": "",
  "name": "Gradient Boosted Trees (gtb default)",
  "starred": false,
  "clusterMetas": {},
  "customMeta": {
    "kv": {}
  },
  "tags": [],
  "activeClassifierThreshold": 0.24999999999999997,
  "labels": [
    {
      "key": "trainDataset:dataset-name",
      "value": "df_train_missing_dummies"
    },
    {
      "key": "testDataset:dataset-name",
      "value": "df_train_missing_dummies"
    },
    {
      "key": "model:date",
      "value": "2021-07-12 18:28:29"
    },
    {
      "key": "model:algorithm",
      "value": "GBT_CLASSIFICATION"
    }
  ]
}