{
  "publishPolicy": "UNCONDITIONAL",
  "rebuildBehavior": "EXPLICIT",
  "name": "Prediction (XGBOOST_CLASSIFICATION) on df_train_missing_dummies",
  "contentType": "prediction/py_memory",
  "activeVersion": "1626110189790",
  "conditionalOutputs": [],
  "partitioning": {
    "ignoreNonMatchingFile": false,
    "considerMissingRequestedPartitionsAsEmpty": false,
    "dimensions": []
  },
  "flowOptions": {
    "virtualizable": false,
    "rebuildBehavior": "NORMAL",
    "crossProjectBuildBehavior": "DEFAULT"
  },
  "lastExportedFrom": "A-COMPETITION3-8gFnVhVa-SJLu5VEV-s8-pp1-m1",
  "metrics": {
    "probes": [],
    "engineConfig": {
      "padRunsWithMetrics": false,
      "hive": {
        "active": true,
        "extraConf": []
      },
      "basic": {},
      "dss": {
        "active": true,
        "selection": {
          "useMemTable": false,
          "filter": {
            "distinct": false,
            "enabled": false
          },
          "partitionSelectionMethod": "ALL",
          "latestPartitionsN": 1,
          "ordering": {
            "enabled": false,
            "rules": []
          },
          "samplingMethod": "FULL",
          "maxRecords": -1,
          "targetRatio": 0.02,
          "withinFirstN": -1,
          "maxReadUncompressedBytes": -1
        }
      },
      "sql": {
        "active": true
      },
      "impala": {
        "active": true
      },
      "spark": {
        "active": true,
        "extraConf": []
      },
      "python": {}
    },
    "displayedState": {
      "partition": "NP",
      "columns": [],
      "metrics": [
        "reporting:BUILD_DURATION"
      ]
    }
  },
  "metricsChecks": {
    "runOnBuild": false,
    "checks": [],
    "displayedState": {
      "partition": "NP",
      "checks": []
    }
  },
  "miniTask": {
    "predictionType": "BINARY_CLASSIFICATION",
    "targetVariable": "cancellation",
    "weight": {},
    "time": {
      "enabled": false,
      "ascending": true
    },
    "calibration": {
      "calibrationMethod": "NO_CALIBRATION"
    },
    "guessPolicy": "DEFAULT",
    "modeling": {
      "skipExpensiveReports": false,
      "random_forest_regression": {
        "n_estimators": {
          "gridMode": "EXPLICIT",
          "randomMode": "RANGE",
          "limit": {
            "min": 1
          },
          "values": [
            100
          ],
          "range": {
            "min": 80,
            "max": 200,
            "nbValues": 3,
            "scaling": "LINEAR"
          }
        },
        "n_jobs": 4,
        "max_tree_depth": {
          "gridMode": "EXPLICIT",
          "randomMode": "RANGE",
          "limit": {
            "min": 1
          },
          "values": [
            8
          ],
          "range": {
            "min": 10,
            "max": 20,
            "nbValues": 3,
            "scaling": "LINEAR"
          }
        },
        "min_samples_leaf": {
          "gridMode": "EXPLICIT",
          "randomMode": "RANGE",
          "limit": {
            "min": 1
          },
          "values": [
            1
          ],
          "range": {
            "min": 1,
            "max": 20,
            "nbValues": 3,
            "scaling": "LINEAR"
          }
        },
        "selection_mode": "auto",
        "max_features": {
          "gridMode": "EXPLICIT",
          "randomMode": "RANGE",
          "limit": {
            "min": 1
          },
          "values": [
            5
          ],
          "range": {
            "min": 1,
            "max": 20,
            "nbValues": 3,
            "scaling": "LINEAR"
          }
        },
        "max_feature_prop": {
          "gridMode": "EXPLICIT",
          "randomMode": "RANGE",
          "limit": {
            "min": 1.0E-23,
            "max": 1.0
          },
          "values": [
            0.3
          ],
          "range": {
            "min": 0.1,
            "max": 0.7,
            "nbValues": 3,
            "scaling": "LINEAR"
          }
        },
        "enabled": false
      },
      "random_forest_classification": {
        "n_estimators": {
          "gridMode": "EXPLICIT",
          "randomMode": "RANGE",
          "limit": {
            "min": 1
          },
          "values": [
            100
          ],
          "range": {
            "min": 80,
            "max": 200,
            "nbValues": 3,
            "scaling": "LINEAR"
          }
        },
        "n_jobs": 4,
        "max_tree_depth": {
          "gridMode": "EXPLICIT",
          "randomMode": "RANGE",
          "limit": {
            "min": 1
          },
          "values": [
            8
          ],
          "range": {
            "min": 6,
            "max": 20,
            "nbValues": 3,
            "scaling": "LINEAR"
          }
        },
        "min_samples_leaf": {
          "gridMode": "EXPLICIT",
          "randomMode": "RANGE",
          "limit": {
            "min": 1
          },
          "values": [
            1
          ],
          "range": {
            "min": 1,
            "max": 20,
            "nbValues": 3,
            "scaling": "LINEAR"
          }
        },
        "selection_mode": "auto",
        "max_features": {
          "gridMode": "EXPLICIT",
          "randomMode": "RANGE",
          "limit": {
            "min": 1
          },
          "values": [
            5
          ],
          "range": {
            "min": 1,
            "max": 20,
            "nbValues": 3,
            "scaling": "LINEAR"
          }
        },
        "max_feature_prop": {
          "gridMode": "EXPLICIT",
          "randomMode": "RANGE",
          "limit": {
            "min": 1.0E-23,
            "max": 1.0
          },
          "values": [
            0.3
          ],
          "range": {
            "min": 0.1,
            "max": 0.7,
            "nbValues": 3,
            "scaling": "LINEAR"
          }
        },
        "enabled": false
      },
      "extra_trees": {
        "n_estimators": {
          "gridMode": "EXPLICIT",
          "randomMode": "RANGE",
          "limit": {
            "min": 1
          },
          "values": [
            100
          ],
          "range": {
            "min": 50,
            "max": 150,
            "nbValues": 3,
            "scaling": "LINEAR"
          }
        },
        "n_jobs": 4,
        "max_tree_depth": {
          "gridMode": "EXPLICIT",
          "randomMode": "RANGE",
          "limit": {
            "min": 1
          },
          "values": [
            8
          ],
          "range": {
            "min": 6,
            "max": 20,
            "nbValues": 3,
            "scaling": "LINEAR"
          }
        },
        "min_samples_leaf": {
          "gridMode": "EXPLICIT",
          "randomMode": "RANGE",
          "limit": {
            "min": 1
          },
          "values": [
            1
          ],
          "range": {
            "min": 1,
            "max": 20,
            "nbValues": 3,
            "scaling": "LINEAR"
          }
        },
        "selection_mode": "auto",
        "max_features": {
          "gridMode": "EXPLICIT",
          "randomMode": "RANGE",
          "limit": {
            "min": 1
          },
          "values": [
            5
          ],
          "range": {
            "min": 1,
            "max": 20,
            "nbValues": 3,
            "scaling": "LINEAR"
          }
        },
        "max_feature_prop": {
          "gridMode": "EXPLICIT",
          "randomMode": "RANGE",
          "limit": {
            "min": 1.0E-23,
            "max": 1.0
          },
          "values": [
            0.3
          ],
          "range": {
            "min": 0.1,
            "max": 0.7,
            "nbValues": 3,
            "scaling": "LINEAR"
          }
        },
        "enabled": false
      },
      "gbt_classification": {
        "n_estimators": {
          "gridMode": "EXPLICIT",
          "randomMode": "RANGE",
          "limit": {
            "min": 1
          },
          "values": [
            100
          ],
          "range": {
            "min": 80,
            "max": 300,
            "nbValues": 3,
            "scaling": "LINEAR"
          }
        },
        "max_depth": {
          "gridMode": "EXPLICIT",
          "randomMode": "RANGE",
          "limit": {
            "min": 1
          },
          "values": [
            3
          ],
          "range": {
            "min": 3,
            "max": 10,
            "nbValues": 3,
            "scaling": "LINEAR"
          }
        },
        "min_samples_leaf": {
          "gridMode": "EXPLICIT",
          "randomMode": "RANGE",
          "limit": {
            "min": 1
          },
          "values": [
            1
          ],
          "range": {
            "min": 1,
            "max": 20,
            "nbValues": 3,
            "scaling": "LINEAR"
          }
        },
        "selection_mode": "auto",
        "max_features": {
          "gridMode": "EXPLICIT",
          "randomMode": "RANGE",
          "limit": {
            "min": 1
          },
          "values": [
            0
          ],
          "range": {
            "min": 1,
            "max": 20,
            "nbValues": 3,
            "scaling": "LINEAR"
          }
        },
        "max_feature_prop": {
          "gridMode": "EXPLICIT",
          "randomMode": "RANGE",
          "limit": {
            "min": 1.0E-23,
            "max": 1.0
          },
          "values": [
            0.3
          ],
          "range": {
            "min": 0.1,
            "max": 0.7,
            "nbValues": 3,
            "scaling": "LINEAR"
          }
        },
        "learning_rate": {
          "gridMode": "EXPLICIT",
          "randomMode": "RANGE",
          "limit": {
            "min": 1.0E-23,
            "max": 1.0
          },
          "values": [
            0.1
          ],
          "range": {
            "min": 0.05,
            "max": 0.5,
            "nbValues": 3,
            "scaling": "LINEAR"
          }
        },
        "loss": {
          "values": {
            "deviance": {
              "enabled": true
            },
            "exponential": {
              "enabled": false
            }
          }
        },
        "enabled": false
      },
      "gbt_regression": {
        "n_estimators": {
          "gridMode": "EXPLICIT",
          "randomMode": "RANGE",
          "limit": {
            "min": 1
          },
          "values": [
            100
          ],
          "range": {
            "min": 80,
            "max": 300,
            "nbValues": 3,
            "scaling": "LINEAR"
          }
        },
        "max_depth": {
          "gridMode": "EXPLICIT",
          "randomMode": "RANGE",
          "limit": {
            "min": 1
          },
          "values": [
            3
          ],
          "range": {
            "min": 3,
            "max": 10,
            "nbValues": 3,
            "scaling": "LINEAR"
          }
        },
        "min_samples_leaf": {
          "gridMode": "EXPLICIT",
          "randomMode": "RANGE",
          "limit": {
            "min": 1
          },
          "values": [
            1
          ],
          "range": {
            "min": 1,
            "max": 20,
            "nbValues": 3,
            "scaling": "LINEAR"
          }
        },
        "selection_mode": "auto",
        "max_features": {
          "gridMode": "EXPLICIT",
          "randomMode": "RANGE",
          "limit": {
            "min": 1
          },
          "values": [
            0
          ],
          "range": {
            "min": 1,
            "max": 20,
            "nbValues": 3,
            "scaling": "LINEAR"
          }
        },
        "max_feature_prop": {
          "gridMode": "EXPLICIT",
          "randomMode": "RANGE",
          "limit": {
            "min": 1.0E-23,
            "max": 1.0
          },
          "values": [
            0.3
          ],
          "range": {
            "min": 0.1,
            "max": 0.7,
            "nbValues": 3,
            "scaling": "LINEAR"
          }
        },
        "learning_rate": {
          "gridMode": "EXPLICIT",
          "randomMode": "RANGE",
          "limit": {
            "min": 1.0E-23,
            "max": 1.0
          },
          "values": [
            0.1
          ],
          "range": {
            "min": 0.05,
            "max": 0.5,
            "nbValues": 3,
            "scaling": "LINEAR"
          }
        },
        "loss": {
          "values": {
            "huber": {
              "enabled": false
            },
            "lad": {
              "enabled": false
            },
            "ls": {
              "enabled": true
            }
          }
        },
        "enabled": false
      },
      "decision_tree_classification": {
        "max_depth": {
          "gridMode": "EXPLICIT",
          "randomMode": "RANGE",
          "limit": {
            "min": 1
          },
          "values": [
            5
          ],
          "range": {
            "min": 3,
            "max": 10,
            "nbValues": 3,
            "scaling": "LINEAR"
          }
        },
        "min_samples_leaf": {
          "gridMode": "EXPLICIT",
          "randomMode": "RANGE",
          "limit": {
            "min": 1
          },
          "values": [
            1
          ],
          "range": {
            "min": 1,
            "max": 20,
            "nbValues": 3,
            "scaling": "LINEAR"
          }
        },
        "criterion": {
          "values": {
            "entropy": {
              "enabled": false
            },
            "gini": {
              "enabled": true
            }
          }
        },
        "splitter": {
          "values": {
            "best": {
              "enabled": true
            },
            "random": {
              "enabled": false
            }
          }
        },
        "enabled": false
      },
      "decision_tree_regression": {
        "max_depth": {
          "gridMode": "EXPLICIT",
          "randomMode": "RANGE",
          "limit": {
            "min": 1
          },
          "values": [
            5
          ],
          "range": {
            "min": 3,
            "max": 10,
            "nbValues": 3,
            "scaling": "LINEAR"
          }
        },
        "min_samples_leaf": {
          "gridMode": "EXPLICIT",
          "randomMode": "RANGE",
          "limit": {
            "min": 1
          },
          "values": [
            1
          ],
          "range": {
            "min": 1,
            "max": 20,
            "nbValues": 3,
            "scaling": "LINEAR"
          }
        },
        "criterion": {
          "values": {
            "entropy": {
              "enabled": false
            },
            "gini": {
              "enabled": true
            }
          }
        },
        "splitter": {
          "values": {
            "best": {
              "enabled": true
            },
            "random": {
              "enabled": false
            }
          }
        },
        "enabled": false
      },
      "ridge_regression": {
        "alphaMode": "MANUAL",
        "alpha": {
          "gridMode": "EXPLICIT",
          "randomMode": "RANGE",
          "limit": {
            "min": 1.0E-23
          },
          "values": [
            0.1,
            1.0,
            3.0
          ],
          "range": {
            "min": 0.1,
            "max": 3.0,
            "nbValues": 3,
            "scaling": "LOGARITHMIC"
          }
        },
        "enabled": false
      },
      "lasso_regression": {
        "alphaMode": "AUTO_CV",
        "alpha": {
          "gridMode": "EXPLICIT",
          "randomMode": "RANGE",
          "limit": {
            "min": 1.0E-23
          },
          "values": [
            0.1,
            1.0,
            10.0
          ],
          "range": {
            "min": 0.1,
            "max": 10.0,
            "nbValues": 3,
            "scaling": "LOGARITHMIC"
          }
        },
        "enabled": false
      },
      "leastsquare_regression": {
        "n_jobs": 2,
        "enabled": false
      },
      "sgd_regression": {
        "epsilon": {
          "gridMode": "EXPLICIT",
          "randomMode": "RANGE",
          "limit": {
            "min": 1.0E-23
          },
          "values": [
            0.01
          ],
          "range": {
            "min": 0.01,
            "max": 0.1,
            "nbValues": 3,
            "scaling": "LOGARITHMIC"
          }
        },
        "loss": {
          "values": {
            "huber": {
              "enabled": false
            },
            "squared_loss": {
              "enabled": true
            }
          }
        },
        "penalty": {
          "values": {
            "elasticnet": {
              "enabled": false
            },
            "l1": {
              "enabled": true
            },
            "l2": {
              "enabled": false
            }
          }
        },
        "alpha": {
          "gridMode": "EXPLICIT",
          "randomMode": "RANGE",
          "limit": {
            "min": 1.0E-23
          },
          "values": [
            0.001,
            1.0E-4,
            1.0E-5
          ],
          "range": {
            "min": 1.0E-5,
            "max": 0.001,
            "nbValues": 3,
            "scaling": "LOGARITHMIC"
          }
        },
        "l1_ratio": 0.15,
        "max_iter": 1000,
        "tol": 0.001,
        "n_jobs": 2,
        "enabled": false
      },
      "sgd_classifier": {
        "loss": {
          "values": {
            "log": {
              "enabled": true
            },
            "modified_huber": {
              "enabled": false
            }
          }
        },
        "penalty": {
          "values": {
            "elasticnet": {
              "enabled": false
            },
            "l1": {
              "enabled": true
            },
            "l2": {
              "enabled": false
            }
          }
        },
        "alpha": {
          "gridMode": "EXPLICIT",
          "randomMode": "RANGE",
          "limit": {
            "min": 1.0E-23
          },
          "values": [
            0.001,
            1.0E-4,
            1.0E-5
          ],
          "range": {
            "min": 1.0E-5,
            "max": 0.001,
            "nbValues": 3,
            "scaling": "LOGARITHMIC"
          }
        },
        "l1_ratio": 0.15,
        "max_iter": 1000,
        "tol": 0.001,
        "n_jobs": 2,
        "enabled": false
      },
      "knn": {
        "k": {
          "gridMode": "EXPLICIT",
          "randomMode": "RANGE",
          "limit": {
            "min": 1
          },
          "values": [
            5
          ],
          "range": {
            "min": 3,
            "max": 7,
            "nbValues": 3,
            "scaling": "LINEAR"
          }
        },
        "distance_weighting": false,
        "algorithm": "auto",
        "p": 2,
        "leaf_size": 30,
        "enabled": false
      },
      "logistic_regression": {
        "multi_class": "ovr",
        "penalty": {
          "values": {
            "l1": {
              "enabled": false
            },
            "l2": {
              "enabled": true
            }
          }
        },
        "C": {
          "gridMode": "EXPLICIT",
          "randomMode": "RANGE",
          "limit": {
            "min": 1.0E-23
          },
          "values": [
            0.01,
            0.1,
            1.0,
            10.0,
            100.0
          ],
          "range": {
            "min": 0.01,
            "max": 100.0,
            "nbValues": 3,
            "scaling": "LOGARITHMIC"
          }
        },
        "n_jobs": 2,
        "enabled": false
      },
      "neural_network": {
        "layer_sizes": {
          "gridMode": "EXPLICIT",
          "randomMode": "RANGE",
          "limit": {
            "min": 1
          },
          "values": [
            10
          ],
          "range": {
            "min": 8,
            "max": 16,
            "nbValues": 3,
            "scaling": "LINEAR"
          }
        },
        "activation": "relu",
        "solver": "adam",
        "alpha": 0.001,
        "batch_size": 200,
        "auto_batch": true,
        "max_iter": 200,
        "seed": 1337,
        "tol": 1.0E-4,
        "early_stopping": false,
        "validation_fraction": 0.1,
        "beta_1": 0.9,
        "beta_2": 0.999,
        "epsilon": 1.0E-8,
        "learning_rate": "constant",
        "power_t": 0.5,
        "momentum": 0.8,
        "nesterovs_momentum": true,
        "shuffle": true,
        "learning_rate_init": 0.001,
        "enabled": false
      },
      "svc_classifier": {
        "C": {
          "gridMode": "EXPLICIT",
          "randomMode": "RANGE",
          "limit": {
            "min": 1.0E-23
          },
          "values": [
            1.0
          ],
          "range": {
            "min": 0.1,
            "max": 10.0,
            "nbValues": 3,
            "scaling": "LOGARITHMIC"
          }
        },
        "gamma": {
          "values": {
            "auto": {
              "enabled": false
            },
            "custom": {
              "enabled": false
            },
            "scale": {
              "enabled": true
            }
          }
        },
        "custom_gamma": {
          "gridMode": "EXPLICIT",
          "randomMode": "RANGE",
          "limit": {
            "min": 1.0E-23
          },
          "values": [
            0.001
          ],
          "range": {
            "min": 1.0E-4,
            "max": 1.0,
            "nbValues": 3,
            "scaling": "LOGARITHMIC"
          }
        },
        "kernel": {
          "values": {
            "linear": {
              "enabled": false
            },
            "poly": {
              "enabled": false
            },
            "rbf": {
              "enabled": true
            },
            "sigmoid": {
              "enabled": false
            }
          }
        },
        "coef0": 0.0,
        "tol": 0.001,
        "max_iter": -1,
        "enabled": false
      },
      "svm_regression": {
        "C": {
          "gridMode": "EXPLICIT",
          "randomMode": "RANGE",
          "limit": {
            "min": 1.0E-23
          },
          "values": [
            1.0
          ],
          "range": {
            "min": 0.1,
            "max": 10.0,
            "nbValues": 3,
            "scaling": "LOGARITHMIC"
          }
        },
        "gamma": {
          "values": {
            "auto": {
              "enabled": false
            },
            "custom": {
              "enabled": false
            },
            "scale": {
              "enabled": true
            }
          }
        },
        "custom_gamma": {
          "gridMode": "EXPLICIT",
          "randomMode": "RANGE",
          "limit": {
            "min": 1.0E-23
          },
          "values": [
            0.001
          ],
          "range": {
            "min": 1.0E-4,
            "max": 1.0,
            "nbValues": 3,
            "scaling": "LOGARITHMIC"
          }
        },
        "kernel": {
          "values": {
            "linear": {
              "enabled": false
            },
            "poly": {
              "enabled": false
            },
            "rbf": {
              "enabled": true
            },
            "sigmoid": {
              "enabled": false
            }
          }
        },
        "coef0": 0.0,
        "tol": 0.001,
        "max_iter": -1,
        "enabled": false
      },
      "lars_params": {
        "max_features": 0,
        "K": 100,
        "enabled": false
      },
      "xgboost": {
        "max_depth": {
          "gridMode": "EXPLICIT",
          "randomMode": "RANGE",
          "limit": {
            "min": 1
          },
          "values": [
            3
          ],
          "range": {
            "min": 3,
            "max": 10,
            "nbValues": 3,
            "scaling": "LINEAR"
          }
        },
        "learning_rate": {
          "gridMode": "EXPLICIT",
          "randomMode": "RANGE",
          "limit": {
            "min": 1.0E-23,
            "max": 1.0
          },
          "values": [
            0.2
          ],
          "range": {
            "min": 0.1,
            "max": 0.5,
            "nbValues": 3,
            "scaling": "LINEAR"
          }
        },
        "gamma": {
          "gridMode": "EXPLICIT",
          "randomMode": "RANGE",
          "limit": {
            "min": 0.0
          },
          "values": [
            0.0
          ],
          "range": {
            "min": 0.0,
            "max": 1.0,
            "nbValues": 3,
            "scaling": "LINEAR"
          }
        },
        "min_child_weight": {
          "gridMode": "EXPLICIT",
          "randomMode": "RANGE",
          "limit": {
            "min": 0.0
          },
          "values": [
            1.0
          ],
          "range": {
            "min": 0.5,
            "max": 5.0,
            "nbValues": 3,
            "scaling": "LINEAR"
          }
        },
        "max_delta_step": {
          "gridMode": "EXPLICIT",
          "randomMode": "RANGE",
          "limit": {
            "min": 0.0
          },
          "values": [
            0.0
          ],
          "range": {
            "min": 0.0,
            "max": 1.0,
            "nbValues": 3,
            "scaling": "LINEAR"
          }
        },
        "subsample": {
          "gridMode": "EXPLICIT",
          "randomMode": "RANGE",
          "limit": {
            "min": 1.0E-23,
            "max": 1.0
          },
          "values": [
            1.0
          ],
          "range": {
            "min": 0.5,
            "max": 1.0,
            "nbValues": 3,
            "scaling": "LINEAR"
          }
        },
        "colsample_bytree": {
          "gridMode": "EXPLICIT",
          "randomMode": "RANGE",
          "limit": {
            "min": 1.0E-23,
            "max": 1.0
          },
          "values": [
            1.0
          ],
          "range": {
            "min": 0.5,
            "max": 1.0,
            "nbValues": 3,
            "scaling": "LINEAR"
          }
        },
        "colsample_bylevel": {
          "gridMode": "EXPLICIT",
          "randomMode": "RANGE",
          "limit": {
            "min": 1.0E-23,
            "max": 1.0
          },
          "values": [
            1.0
          ],
          "range": {
            "min": 0.5,
            "max": 1.0,
            "nbValues": 3,
            "scaling": "LINEAR"
          }
        },
        "alpha": {
          "gridMode": "EXPLICIT",
          "randomMode": "RANGE",
          "limit": {
            "min": 0.0,
            "max": 1.0
          },
          "values": [
            0.0
          ],
          "range": {
            "min": 0.0,
            "max": 1.0,
            "nbValues": 3,
            "scaling": "LINEAR"
          }
        },
        "lambda": {
          "gridMode": "EXPLICIT",
          "randomMode": "RANGE",
          "limit": {
            "min": 1.0E-23,
            "max": 1.0
          },
          "values": [
            1.0
          ],
          "range": {
            "min": 0.01,
            "max": 1.0,
            "nbValues": 3,
            "scaling": "LINEAR"
          }
        },
        "booster": {
          "values": {
            "dart": {
              "enabled": false
            },
            "gbtree": {
              "enabled": true
            }
          }
        },
        "objective": {
          "values": {
            "binary_logistic": {
              "enabled": false
            },
            "multi_softprob": {
              "enabled": false
            },
            "reg_gamma": {
              "enabled": false
            },
            "reg_linear": {
              "enabled": true
            },
            "reg_logistic": {
              "enabled": false
            }
          }
        },
        "n_estimators": 300,
        "nthread": 4,
        "scale_pos_weight": 1.0,
        "base_score": 0.5,
        "impute_missing": false,
        "missing": 0.0,
        "cpu_tree_method": "auto",
        "gpu_tree_method": "gpu_exact",
        "enable_cuda": false,
        "seed": 1337,
        "enable_early_stopping": true,
        "early_stopping_rounds": 4,
        "enabled": false
      },
      "deep_learning_sparkling": {
        "enabled": false,
        "hidden": [
          10,
          10
        ],
        "activation": "RECTIFIER",
        "epochs": 10.0,
        "l1": 0.0,
        "l2": 0.0,
        "max_w2": -1.0,
        "dropout": false,
        "input_dropout_ratio": 0.0,
        "hidden_dropout_ratios": [
          0.1,
          0.2
        ],
        "use_adaptative": true,
        "rho": 0.99,
        "epsilon": 1.0E-8,
        "rate": 0.005,
        "rate_annealing": 1.0E-6,
        "rate_decay": 1.0,
        "momentum_start": 0.0,
        "momentum_ramp": 1000000.0,
        "momentum_stable": 0.0
      },
      "gbm_sparkling": {
        "enabled": false,
        "learn_rate": 0.1,
        "ntrees": 50,
        "max_depth": 5,
        "min_rows": 10,
        "family": "AUTO",
        "nbins": 20,
        "nbins_cats": 1024,
        "balance_classes": false,
        "max_after_balance_size": 2.0,
        "tweedie_power": 1.5
      },
      "glm_sparkling": {
        "enabled": false,
        "family": "gaussian",
        "alpha": 0.5,
        "lambda": 0.0,
        "max_iter": 100,
        "beta_epsilon": 1.0E-4,
        "tweedie_variance_power": 0.5
      },
      "rf_sparkling": {
        "enabled": false,
        "ntrees": 50,
        "max_depth": 5,
        "min_rows": 1,
        "mtries": -1,
        "sample_rate": 0.6666,
        "nbins": 20,
        "nbins_cats": 1024
      },
      "nb_sparkling": {
        "enabled": false,
        "laplace": 0.0,
        "min_std_dev": 0.001
      },
      "mllib_naive_bayes": {
        "enabled": false,
        "lambda": {
          "gridMode": "EXPLICIT",
          "randomMode": "RANGE",
          "limit": {
            "min": 1.0E-23
          },
          "values": [
            1.0
          ],
          "range": {
            "min": 0.1,
            "max": 10.0,
            "nbValues": 3,
            "scaling": "LOGARITHMIC"
          }
        }
      },
      "mllib_logit": {
        "enabled": false,
        "max_iter": 30,
        "reg_param": {
          "gridMode": "EXPLICIT",
          "randomMode": "RANGE",
          "limit": {
            "min": 0.0
          },
          "values": [
            0.1
          ],
          "range": {
            "min": 0.001,
            "max": 10.0,
            "nbValues": 3,
            "scaling": "LOGARITHMIC"
          }
        },
        "enet_param": {
          "gridMode": "EXPLICIT",
          "randomMode": "RANGE",
          "limit": {
            "min": 0.0
          },
          "values": [
            0.0
          ],
          "range": {
            "min": 0.0,
            "max": 1.0,
            "nbValues": 3,
            "scaling": "LINEAR"
          }
        }
      },
      "mllib_linreg": {
        "enabled": false,
        "max_iter": 30,
        "reg_param": {
          "gridMode": "EXPLICIT",
          "randomMode": "RANGE",
          "limit": {
            "min": 0.0
          },
          "values": [
            0.1
          ],
          "range": {
            "min": 0.001,
            "max": 10.0,
            "nbValues": 3,
            "scaling": "LOGARITHMIC"
          }
        },
        "enet_param": {
          "gridMode": "EXPLICIT",
          "randomMode": "RANGE",
          "limit": {
            "min": 0.0
          },
          "values": [
            0.0
          ],
          "range": {
            "min": 0.0,
            "max": 1.0,
            "nbValues": 3,
            "scaling": "LINEAR"
          }
        }
      },
      "mllib_dt": {
        "enabled": false,
        "max_depth": {
          "gridMode": "EXPLICIT",
          "randomMode": "RANGE",
          "limit": {
            "min": 1
          },
          "values": [
            3
          ],
          "range": {
            "min": 3,
            "max": 8,
            "nbValues": 3,
            "scaling": "LINEAR"
          }
        },
        "max_bins": 32,
        "max_memory_mb": 256,
        "min_info_gain": 0.0,
        "min_instance_per_node": 1,
        "cache_node_ids": false,
        "checkpoint_interval": 10
      },
      "mllib_rf": {
        "enabled": false,
        "cache_node_ids": false,
        "checkpoint_interval": 10,
        "impurity": "gini",
        "max_bins": 32,
        "max_depth": {
          "gridMode": "EXPLICIT",
          "randomMode": "RANGE",
          "limit": {
            "min": 1
          },
          "values": [
            3
          ],
          "range": {
            "min": 3,
            "max": 8,
            "nbValues": 3,
            "scaling": "LINEAR"
          }
        },
        "max_memory_mb": 256,
        "min_info_gain": 0.0,
        "min_instance_per_node": 1,
        "seed": 1337,
        "subsampling_rate": 1.0,
        "num_trees": {
          "gridMode": "EXPLICIT",
          "randomMode": "RANGE",
          "limit": {
            "min": 1
          },
          "values": [
            20
          ],
          "range": {
            "min": 10,
            "max": 50,
            "nbValues": 3,
            "scaling": "LINEAR"
          }
        },
        "subset_strategy": "auto",
        "step_size": {
          "gridMode": "EXPLICIT",
          "randomMode": "RANGE",
          "limit": {
            "min": 1.0E-23,
            "max": 1.0
          },
          "values": [
            0.1
          ],
          "range": {
            "min": 0.05,
            "max": 0.5,
            "nbValues": 3,
            "scaling": "LINEAR"
          }
        }
      },
      "mllib_gbt": {
        "enabled": false,
        "cache_node_ids": false,
        "checkpoint_interval": 10,
        "impurity": "gini",
        "max_bins": 32,
        "max_depth": {
          "gridMode": "EXPLICIT",
          "randomMode": "RANGE",
          "limit": {
            "min": 1
          },
          "values": [
            3
          ],
          "range": {
            "min": 3,
            "max": 8,
            "nbValues": 3,
            "scaling": "LINEAR"
          }
        },
        "max_memory_mb": 256,
        "min_info_gain": 0.0,
        "min_instance_per_node": 1,
        "seed": 1337,
        "subsampling_rate": 1.0,
        "num_trees": {
          "gridMode": "EXPLICIT",
          "randomMode": "RANGE",
          "limit": {
            "min": 1
          },
          "values": [
            20
          ],
          "range": {
            "min": 10,
            "max": 50,
            "nbValues": 3,
            "scaling": "LINEAR"
          }
        },
        "subset_strategy": "auto",
        "step_size": {
          "gridMode": "EXPLICIT",
          "randomMode": "RANGE",
          "limit": {
            "min": 1.0E-23,
            "max": 1.0
          },
          "values": [
            0.1
          ],
          "range": {
            "min": 0.05,
            "max": 0.5,
            "nbValues": 3,
            "scaling": "LINEAR"
          }
        }
      },
      "vertica_linear_regression": {
        "enabled": false,
        "maxIterations": 200,
        "epsilon": 1.0E-6,
        "optimizer": "BFGS"
      },
      "vertica_logistic_regression": {
        "enabled": false,
        "maxIterations": 200,
        "epsilon": 1.0E-6,
        "optimizer": "BFGS"
      },
      "custom_python": [],
      "plugin_python": {},
      "keras": {
        "epochs": 10,
        "batchSize": 32,
        "trainOnAllData": true,
        "stepsPerEpoch": 100,
        "shuffleData": true,
        "useGPU": false,
        "gpuList": [
          0
        ],
        "perGPUMemoryFraction": 0.5,
        "gpuAllowGrowth": false,
        "advancedFitMode": false,
        "enabled": false,
        "kerasInputs": [
          "main"
        ]
      },
      "grid_search": false,
      "gridSearchParams": {
        "mode": "KFOLD",
        "splitRatio": 0.8,
        "shuffleIterations": 1,
        "nFolds": 5,
        "stratified": true,
        "strategy": "GRID",
        "bayesianOptimizer": "SCIKIT_OPTIMIZE",
        "randomized": true,
        "seed": 0,
        "nIter": 0,
        "nIterRandom": 10,
        "timeout": 0,
        "nJobs": 4,
        "distributed": false,
        "nContainers": 4
      },
      "metrics": {
        "evaluationMetric": "ROC_AUC",
        "customEvaluationMetricGIB": true,
        "customEvaluationMetricNeedsProba": false,
        "thresholdOptimizationMetric": "F1",
        "costMatrixWeights": {
          "tpGain": 1.0,
          "tnGain": 0.0,
          "fpGain": -0.3,
          "fnGain": 0.0
        },
        "liftPoint": 0.4
      },
      "custom_mllib": [],
      "max_ensemble_nodes_serialized": 6000
    },
    "assertionsParams": {
      "assertions": []
    },
    "diagnosticsSettings": {
      "enabled": true,
      "settings": [
        {
          "type": "ML_DIAGNOSTICS_DATASET_SANITY_CHECKS",
          "enabled": true
        },
        {
          "type": "ML_DIAGNOSTICS_MODELING_PARAMETERS",
          "enabled": true
        },
        {
          "type": "ML_DIAGNOSTICS_RUNTIME",
          "enabled": true
        },
        {
          "type": "ML_DIAGNOSTICS_TRAINING_OVERFIT",
          "enabled": true
        },
        {
          "type": "ML_DIAGNOSTICS_LEAKAGE_DETECTION",
          "enabled": true
        },
        {
          "type": "ML_DIAGNOSTICS_MODEL_CHECK",
          "enabled": true
        },
        {
          "type": "ML_DIAGNOSTICS_ML_ASSERTIONS",
          "enabled": true
        }
      ]
    },
    "taskType": "PREDICTION",
    "backendType": "PY_MEMORY",
    "maxConcurrentModelTraining": 2,
    "envSelection": {
      "envMode": "USE_BUILTIN_MODE"
    },
    "containerSelection": {
      "containerMode": "INHERIT"
    },
    "sparkParams": {
      "sparkConf": {
        "inheritConf": "default",
        "conf": []
      },
      "sparkUseGlobalMetastore": false,
      "sparkPreparedDFStorageLevel": "MEMORY_AND_DISK",
      "sparkRepartitionNonHDFS": 1,
      "pipelineAllowStart": true,
      "pipelineAllowMerge": true,
      "sparkExecutionEngine": "SPARK_SUBMIT"
    },
    "sparkCheckpoint": "NONE",
    "predictionDisplayScript": {
      "steps": [],
      "maxProcessedMemTableBytes": -1,
      "columnsSelection": {
        "mode": "ALL"
      },
      "columnWidthsByName": {},
      "coloring": {
        "scheme": "MEANING_AND_STATUS",
        "individualColumns": [],
        "valueColoringMode": "HASH"
      },
      "sorting": [],
      "analysisColumnData": {},
      "explorationSampling": {
        "selection": {
          "maxStoredBytes": -1,
          "timeout": -1,
          "filter": {
            "distinct": false,
            "enabled": false
          },
          "partitionSelectionMethod": "ALL",
          "latestPartitionsN": 1,
          "ordering": {
            "enabled": false,
            "rules": []
          },
          "samplingMethod": "HEAD_SEQUENTIAL",
          "maxRecords": 10000,
          "targetRatio": 0.02,
          "withinFirstN": -1,
          "maxReadUncompressedBytes": -1
        },
        "autoRefreshSample": false,
        "_refreshTrigger": 0
      },
      "vizSampling": {
        "autoRefreshSample": false,
        "_refreshTrigger": 0
      },
      "exploreUIParams": {},
      "globalSearchQuery": "",
      "explorationFilters": [],
      "previewMode": "ALL_ROWS"
    },
    "predictionDisplayCharts": [],
    "partitionedModel": {
      "enabled": false,
      "ssdSelection": {
        "useMemTable": false,
        "filter": {
          "distinct": false,
          "enabled": false
        },
        "partitionSelectionMethod": "ALL",
        "latestPartitionsN": 1,
        "ordering": {
          "enabled": false,
          "rules": []
        },
        "samplingMethod": "FULL",
        "maxRecords": -1,
        "targetRatio": 0.02,
        "withinFirstN": -1,
        "maxReadUncompressedBytes": -1
      }
    },
    "labels": []
  },
  "versionTag": {
    "versionNumber": 5,
    "lastModifiedBy": {
      "login": "admin"
    },
    "lastModifiedOn": 1626110189834
  },
  "creationTag": {
    "versionNumber": 0,
    "lastModifiedBy": {
      "login": "admin"
    },
    "lastModifiedOn": 1626102956794
  },
  "tags": [],
  "customFields": {},
  "checklists": {
    "checklists": []
  }
}