{
  "state": "DONE",
  "preSearchDescription": {
    "gridLength": 500,
    "searchStrategy": "RANDOM",
    "importantParams": [
      {
        "name": "trees",
        "val": "500"
      },
      {
        "name": "max_depth",
        "min": "3",
        "max": "10"
      }
    ]
  },
  "postSearchDescription": {
    "importantParams": [
      {
        "name": "trees",
        "val": "79"
      },
      {
        "name": "max_depth",
        "val": "10"
      }
    ]
  },
  "resumed": false,
  "timeOrderingEnabled": false,
  "sampleWeightsEnabled": false,
  "modelId": "m1",
  "progress": {
    "top_level_todo": [],
    "stack": [],
    "top_level_done": [
      {
        "name": "Loading source dataset",
        "time": 24
      },
      {
        "name": "Collecting statistics",
        "time": 25
      },
      {
        "name": "Preprocessing input",
        "time": 50
      },
      {
        "name": "Fitting global model",
        "time": 266703
      },
      {
        "name": "Saving model",
        "time": 3
      },
      {
        "name": "Computing global stats",
        "time": 52
      },
      {
        "name": "Fitting folds",
        "time": 15181
      }
    ]
  },
  "startTime": 1626106936648,
  "endTime": 1626107219002,
  "preprocessingTime": 100,
  "trainingTime": 282254,
  "hyperparamsSearchTime": 0
}