{
    "resolved": {
        "algorithm": "XGBOOST_CLASSIFICATION",
        "skipExpensiveReports": false,
        "xgboost": {
            "max_depth": 6,
            "learning_rate": 0.2445222726358865,
            "n_estimators": 37,
            "nthread": -1,
            "gamma": 0.6255279710627106,
            "min_child_weight": 0.6782698516078298,
            "max_delta_step": 0.9109939876750018,
            "subsample": 0.9538664787425197,
            "colsample_bytree": 0.6678154894719412,
            "colsample_bylevel": 0.5729350770306494,
            "alpha": 0.05994429824957326,
            "lambda": 0.07046775169611946,
            "seed": 1337,
            "impute_missing": false,
            "missing": null,
            "base_score": 0.5,
            "scale_pos_weight": 1.0,
            "enable_early_stopping": true,
            "early_stopping_rounds": 5,
            "booster": "dart",
            "objective": "binary_logistic"
        }
    },
    "other": {}
}