{
  "state": "DONE",
  "preSearchDescription": {
    "gridLength": 500,
    "searchStrategy": "RANDOM",
    "importantParams": [
      {
        "name": "trees",
        "val": "500"
      },
      {
        "name": "max_depth",
        "min": "3",
        "max": "10"
      }
    ]
  },
  "postSearchDescription": {
    "importantParams": [
      {
        "name": "trees",
        "val": "37"
      },
      {
        "name": "max_depth",
        "val": "6"
      }
    ]
  },
  "resumed": false,
  "timeOrderingEnabled": false,
  "sampleWeightsEnabled": false,
  "modelId": "m1",
  "progress": {
    "top_level_todo": [],
    "stack": [],
    "top_level_done": [
      {
        "name": "Loading source dataset",
        "time": 24
      },
      {
        "name": "Collecting statistics",
        "time": 28
      },
      {
        "name": "Preprocessing input",
        "time": 51
      },
      {
        "name": "Fitting global model",
        "time": 464782
      },
      {
        "name": "Saving model",
        "time": 2
      },
      {
        "name": "Computing global stats",
        "time": 30
      },
      {
        "name": "Fitting folds",
        "time": 14878
      }
    ]
  },
  "startTime": 1626106084287,
  "endTime": 1626106564405,
  "preprocessingTime": 104,
  "trainingTime": 480014,
  "hyperparamsSearchTime": 0
}