{
    "startedAt": 1626105085345,
    "gridSize": 96,
    "nThreads": 16,
    "nSplits": 5,
    "metric": "ROC_AUC",
    "timeout": null,
    "gridPoints": [
        {
            "finishedAt": 1626105087369,
            "score": 0.979516934491816,
            "testScoreGibMean": 0.979516934491816,
            "testScoreMean": 0.979516934491816,
            "testScoreStd": 0.003895441289033047,
            "trainScoreMean": 0.9968777914956591,
            "trainScoreStd": 0.0011141634609369469,
            "time": 7631,
            "fitTimeMean": 1490.8,
            "fitTimeStd": 315.1846442960063,
            "scoreTimeMean": 35.4,
            "scoreTimeStd": 11.959933110180842,
            "best_iteration": 19,
            "parameters": {
                "booster": "dart",
                "colsample_bylevel": 1.0,
                "colsample_bytree": 0.6,
                "gamma": 0.0,
                "learning_rate": 0.4,
                "max_delta_step": 0.0,
                "max_depth": 25,
                "min_child_weight": 10.0,
                "reg_alpha": 0.0,
                "reg_lambda": 1.0,
                "subsample": 1.0
            }
        },
        {
            "finishedAt": 1626105088009,
            "score": 0.9801939581651133,
            "testScoreGibMean": 0.9801939581651133,
            "testScoreMean": 0.9801939581651133,
            "testScoreStd": 0.004004075181561699,
            "trainScoreMean": 0.9965954882397805,
            "trainScoreStd": 0.0018022860398621194,
            "time": 7411,
            "fitTimeMean": 1456.4,
            "fitTimeStd": 619.3433942491031,
            "scoreTimeMean": 25.8,
            "scoreTimeStd": 6.20966987850401,
            "best_iteration": 21,
            "parameters": {
                "booster": "dart",
                "colsample_bylevel": 1.0,
                "colsample_bytree": 0.6,
                "gamma": 0.5,
                "learning_rate": 0.4,
                "max_delta_step": 0.0,
                "max_depth": 25,
                "min_child_weight": 10.0,
                "reg_alpha": 0.0,
                "reg_lambda": 1.0,
                "subsample": 1.0
            }
        },
        {
            "finishedAt": 1626105088455,
            "score": 0.979516934491816,
            "testScoreGibMean": 0.979516934491816,
            "testScoreMean": 0.979516934491816,
            "testScoreStd": 0.003895441289033047,
            "trainScoreMean": 0.9968777914956591,
            "trainScoreStd": 0.0011141634609369469,
            "time": 7441,
            "fitTimeMean": 1453.6,
            "fitTimeStd": 323.62484453453203,
            "scoreTimeMean": 34.6,
            "scoreTimeStd": 12.240914998479484,
            "best_iteration": 19,
            "parameters": {
                "booster": "dart",
                "colsample_bylevel": 1.0,
                "colsample_bytree": 0.6,
                "gamma": 0.0,
                "learning_rate": 0.4,
                "max_delta_step": 0.0,
                "max_depth": 50,
                "min_child_weight": 10.0,
                "reg_alpha": 0.0,
                "reg_lambda": 1.0,
                "subsample": 1.0
            }
        },
        {
            "finishedAt": 1626105089324,
            "score": 0.9827452326480376,
            "testScoreGibMean": 0.9827452326480376,
            "testScoreMean": 0.9827452326480376,
            "testScoreStd": 0.00340967377152599,
            "trainScoreMean": 1.0,
            "trainScoreStd": 0.0,
            "time": 15511,
            "fitTimeMean": 3050.4,
            "fitTimeStd": 562.3598847713091,
            "scoreTimeMean": 51.8,
            "scoreTimeStd": 16.951696080333672,
            "best_iteration": 37,
            "parameters": {
                "booster": "dart",
                "colsample_bylevel": 1.0,
                "colsample_bytree": 0.6,
                "gamma": 0.0,
                "learning_rate": 0.4,
                "max_delta_step": 0.0,
                "max_depth": 100,
                "min_child_weight": 1.0,
                "reg_alpha": 0.0,
                "reg_lambda": 1.0,
                "subsample": 1.0
            }
        },
        {
            "finishedAt": 1626105090095,
            "score": 0.982043923412621,
            "testScoreGibMean": 0.982043923412621,
            "testScoreMean": 0.982043923412621,
            "testScoreStd": 0.0039349364164139615,
            "trainScoreMean": 0.9999999280073856,
            "trainScoreStd": 1.439375225230692e-07,
            "time": 13178,
            "fitTimeMean": 2571.8,
            "fitTimeStd": 536.2474801805599,
            "scoreTimeMean": 63.8,
            "scoreTimeStd": 31.6379518932563,
            "best_iteration": 36,
            "parameters": {
                "booster": "gbtree",
                "colsample_bylevel": 1.0,
                "colsample_bytree": 0.6,
                "gamma": 0.0,
                "learning_rate": 0.25,
                "max_delta_step": 0.0,
                "max_depth": 50,
                "min_child_weight": 1.0,
                "reg_alpha": 0.0,
                "reg_lambda": 1.0,
                "subsample": 1.0
            }
        },
        {
            "finishedAt": 1626105090605,
            "score": 0.980806913028491,
            "testScoreGibMean": 0.980806913028491,
            "testScoreMean": 0.980806913028491,
            "testScoreStd": 0.002495941203458288,
            "trainScoreMean": 0.9966349951860062,
            "trainScoreStd": 0.0012100165385230826,
            "time": 10228,
            "fitTimeMean": 2008.8,
            "fitTimeStd": 586.5838047542738,
            "scoreTimeMean": 36.8,
            "scoreTimeStd": 5.775811631277461,
            "best_iteration": 31,
            "parameters": {
                "booster": "dart",
                "colsample_bylevel": 1.0,
                "colsample_bytree": 0.6,
                "gamma": 0.5,
                "learning_rate": 0.25,
                "max_delta_step": 0.0,
                "max_depth": 50,
                "min_child_weight": 10.0,
                "reg_alpha": 0.0,
                "reg_lambda": 1.0,
                "subsample": 1.0
            }
        },
        {
            "finishedAt": 1626105090705,
            "score": 0.9803990630850602,
            "testScoreGibMean": 0.9803990630850602,
            "testScoreMean": 0.9803990630850602,
            "testScoreStd": 0.002138130068270901,
            "trainScoreMean": 0.9968915208380753,
            "trainScoreStd": 0.000829723840082972,
            "time": 9676,
            "fitTimeMean": 1889.4,
            "fitTimeStd": 314.09208840720584,
            "scoreTimeMean": 45.8,
            "scoreTimeStd": 29.464554977124635,
            "best_iteration": 34,
            "parameters": {
                "booster": "dart",
                "colsample_bylevel": 1.0,
                "colsample_bytree": 0.6,
                "gamma": 0.0,
                "learning_rate": 0.25,
                "max_delta_step": 0.0,
                "max_depth": 50,
                "min_child_weight": 10.0,
                "reg_alpha": 0.0,
                "reg_lambda": 1.0,
                "subsample": 1.0
            }
        },
        {
            "finishedAt": 1626105090968,
            "score": 0.9452463416970366,
            "testScoreGibMean": 0.9452463416970366,
            "testScoreMean": 0.9452463416970366,
            "testScoreStd": 0.01336415192575315,
            "trainScoreMean": 0.9970645748865793,
            "trainScoreStd": 0.00189584559320085,
            "time": 5860,
            "fitTimeMean": 1116.0,
            "fitTimeStd": 314.96158495918195,
            "scoreTimeMean": 56.0,
            "scoreTimeStd": 45.917316994789665,
            "best_iteration": 23,
            "parameters": {
                "booster": "gbtree",
                "colsample_bylevel": 1.0,
                "colsample_bytree": 0.1,
                "gamma": 0.5,
                "learning_rate": 0.25,
                "max_delta_step": 0.0,
                "max_depth": 25,
                "min_child_weight": 1.0,
                "reg_alpha": 0.0,
                "reg_lambda": 1.0,
                "subsample": 1.0
            }
        },
        {
            "finishedAt": 1626105091066,
            "score": 0.9633742160488676,
            "testScoreGibMean": 0.9633742160488676,
            "testScoreMean": 0.9633742160488676,
            "testScoreStd": 0.007130417384587526,
            "trainScoreMean": 0.9873700589524662,
            "trainScoreStd": 0.004473861015186278,
            "time": 4893,
            "fitTimeMean": 947.8,
            "fitTimeStd": 208.55445332094925,
            "scoreTimeMean": 30.8,
            "scoreTimeStd": 10.087616170334792,
            "best_iteration": 32,
            "parameters": {
                "booster": "gbtree",
                "colsample_bylevel": 1.0,
                "colsample_bytree": 0.1,
                "gamma": 0.5,
                "learning_rate": 0.4,
                "max_delta_step": 0.0,
                "max_depth": 50,
                "min_child_weight": 10.0,
                "reg_alpha": 0.0,
                "reg_lambda": 1.0,
                "subsample": 1.0
            }
        },
        {
            "finishedAt": 1626105092272,
            "score": 0.9799552966897105,
            "testScoreGibMean": 0.9799552966897105,
            "testScoreMean": 0.9799552966897105,
            "testScoreStd": 0.004273308128528033,
            "trainScoreMean": 0.9999966957730485,
            "trainScoreStd": 6.60991449630237e-06,
            "time": 7218,
            "fitTimeMean": 1409.2,
            "fitTimeStd": 364.92158061698683,
            "scoreTimeMean": 34.4,
            "scoreTimeStd": 6.1838499334961226,
            "best_iteration": 26,
            "parameters": {
                "booster": "gbtree",
                "colsample_bylevel": 1.0,
                "colsample_bytree": 0.6,
                "gamma": 0.0,
                "learning_rate": 0.4,
                "max_delta_step": 0.0,
                "max_depth": 50,
                "min_child_weight": 1.0,
                "reg_alpha": 0.0,
                "reg_lambda": 1.0,
                "subsample": 1.0
            }
        },
        {
            "finishedAt": 1626105092414,
            "score": 0.9789142179852801,
            "testScoreGibMean": 0.9789142179852801,
            "testScoreMean": 0.9789142179852801,
            "testScoreStd": 0.0027556180959835727,
            "trainScoreMean": 0.9963003561364476,
            "trainScoreStd": 0.0013675120863323356,
            "time": 5847,
            "fitTimeMean": 1140.6,
            "fitTimeStd": 268.41058101349137,
            "scoreTimeMean": 28.8,
            "scoreTimeStd": 5.528109984434102,
            "best_iteration": 29,
            "parameters": {
                "booster": "gbtree",
                "colsample_bylevel": 1.0,
                "colsample_bytree": 0.6,
                "gamma": 0.5,
                "learning_rate": 0.25,
                "max_delta_step": 0.0,
                "max_depth": 100,
                "min_child_weight": 10.0,
                "reg_alpha": 0.0,
                "reg_lambda": 1.0,
                "subsample": 1.0
            }
        },
        {
            "finishedAt": 1626105092786,
            "score": 0.9341152373258373,
            "testScoreGibMean": 0.9341152373258373,
            "testScoreMean": 0.9341152373258373,
            "testScoreStd": 0.008250006738079345,
            "trainScoreMean": 0.9604244568739083,
            "trainScoreStd": 0.007533944146109993,
            "time": 2904,
            "fitTimeMean": 554.8,
            "fitTimeStd": 185.36385839747723,
            "scoreTimeMean": 26.0,
            "scoreTimeStd": 5.138093031466052,
            "best_iteration": 7,
            "parameters": {
                "booster": "dart",
                "colsample_bylevel": 1.0,
                "colsample_bytree": 0.1,
                "gamma": 0.5,
                "learning_rate": 0.25,
                "max_delta_step": 0.0,
                "max_depth": 25,
                "min_child_weight": 10.0,
                "reg_alpha": 0.0,
                "reg_lambda": 1.0,
                "subsample": 1.0
            }
        },
        {
            "finishedAt": 1626105094189,
            "score": 0.982043923412621,
            "testScoreGibMean": 0.982043923412621,
            "testScoreMean": 0.982043923412621,
            "testScoreStd": 0.0039349364164139615,
            "trainScoreMean": 0.9999999280073856,
            "trainScoreStd": 1.439375225230692e-07,
            "time": 11477,
            "fitTimeMean": 2245.0,
            "fitTimeStd": 483.9657012640462,
            "scoreTimeMean": 50.4,
            "scoreTimeStd": 33.115555257310724,
            "best_iteration": 36,
            "parameters": {
                "booster": "gbtree",
                "colsample_bylevel": 1.0,
                "colsample_bytree": 0.6,
                "gamma": 0.0,
                "learning_rate": 0.25,
                "max_delta_step": 0.0,
                "max_depth": 25,
                "min_child_weight": 1.0,
                "reg_alpha": 0.0,
                "reg_lambda": 1.0,
                "subsample": 1.0
            }
        },
        {
            "finishedAt": 1626105094504,
            "score": 0.9475393931883872,
            "testScoreGibMean": 0.9475393931883872,
            "testScoreMean": 0.9475393931883872,
            "testScoreStd": 0.01650799150719472,
            "trainScoreMean": 0.9997230229829869,
            "trainScoreStd": 0.0002758244101108661,
            "time": 6835,
            "fitTimeMean": 1298.0,
            "fitTimeStd": 442.62173466742456,
            "scoreTimeMean": 69.0,
            "scoreTimeStd": 35.73793502708292,
            "best_iteration": 23,
            "parameters": {
                "booster": "gbtree",
                "colsample_bylevel": 1.0,
                "colsample_bytree": 0.1,
                "gamma": 0.0,
                "learning_rate": 0.4,
                "max_delta_step": 0.0,
                "max_depth": 50,
                "min_child_weight": 1.0,
                "reg_alpha": 0.0,
                "reg_lambda": 1.0,
                "subsample": 1.0
            }
        },
        {
            "finishedAt": 1626105094629,
            "score": 0.9831923284298667,
            "testScoreGibMean": 0.9831923284298667,
            "testScoreMean": 0.9831923284298667,
            "testScoreStd": 0.003270143035586623,
            "trainScoreMean": 0.9999997845069379,
            "trainScoreStd": 4.310813801926676e-07,
            "time": 16966,
            "fitTimeMean": 3339.6,
            "fitTimeStd": 645.1277702905061,
            "scoreTimeMean": 53.6,
            "scoreTimeStd": 26.21907702418222,
            "best_iteration": 35,
            "parameters": {
                "booster": "dart",
                "colsample_bylevel": 1.0,
                "colsample_bytree": 0.6,
                "gamma": 0.5,
                "learning_rate": 0.25,
                "max_delta_step": 0.0,
                "max_depth": 25,
                "min_child_weight": 1.0,
                "reg_alpha": 0.0,
                "reg_lambda": 1.0,
                "subsample": 1.0
            }
        },
        {
            "finishedAt": 1626105095031,
            "score": 0.9385852388119023,
            "testScoreGibMean": 0.9385852388119023,
            "testScoreMean": 0.9385852388119023,
            "testScoreStd": 0.015211231539279158,
            "trainScoreMean": 0.9689095201768302,
            "trainScoreStd": 0.011767615400075435,
            "time": 3894,
            "fitTimeMean": 724.8,
            "fitTimeStd": 322.27032131426563,
            "scoreTimeMean": 54.0,
            "scoreTimeStd": 27.327641683833605,
            "best_iteration": 7,
            "parameters": {
                "booster": "dart",
                "colsample_bylevel": 1.0,
                "colsample_bytree": 0.1,
                "gamma": 0.5,
                "learning_rate": 0.4,
                "max_delta_step": 0.0,
                "max_depth": 25,
                "min_child_weight": 10.0,
                "reg_alpha": 0.0,
                "reg_lambda": 1.0,
                "subsample": 1.0
            }
        },
        {
            "finishedAt": 1626105096022,
            "score": 0.9810650455768601,
            "testScoreGibMean": 0.9810650455768601,
            "testScoreMean": 0.9810650455768601,
            "testScoreStd": 0.0028163860342700514,
            "trainScoreMean": 0.9999952484874537,
            "trainScoreStd": 9.499876483946336e-06,
            "time": 12337,
            "fitTimeMean": 2421.6,
            "fitTimeStd": 550.0103999016745,
            "scoreTimeMean": 45.8,
            "scoreTimeStd": 18.301912468373352,
            "best_iteration": 26,
            "parameters": {
                "booster": "dart",
                "colsample_bylevel": 1.0,
                "colsample_bytree": 0.6,
                "gamma": 0.0,
                "learning_rate": 0.25,
                "max_delta_step": 0.0,
                "max_depth": 100,
                "min_child_weight": 1.0,
                "reg_alpha": 0.0,
                "reg_lambda": 1.0,
                "subsample": 1.0
            }
        },
        {
            "finishedAt": 1626105096067,
            "score": 0.9450147019635748,
            "testScoreGibMean": 0.9450147019635748,
            "testScoreMean": 0.9450147019635748,
            "testScoreStd": 0.013402886123818158,
            "trainScoreMean": 0.9970741284123306,
            "trainScoreStd": 0.0019142898755538224,
            "time": 5653,
            "fitTimeMean": 1085.6,
            "fitTimeStd": 388.4145208408151,
            "scoreTimeMean": 45.0,
            "scoreTimeStd": 28.5657137141714,
            "best_iteration": 23,
            "parameters": {
                "booster": "gbtree",
                "colsample_bylevel": 1.0,
                "colsample_bytree": 0.1,
                "gamma": 0.5,
                "learning_rate": 0.25,
                "max_delta_step": 0.0,
                "max_depth": 50,
                "min_child_weight": 1.0,
                "reg_alpha": 0.0,
                "reg_lambda": 1.0,
                "subsample": 1.0
            }
        },
        {
            "finishedAt": 1626105096468,
            "score": 0.9467783388731543,
            "testScoreGibMean": 0.9467783388731543,
            "testScoreMean": 0.9467783388731543,
            "testScoreStd": 0.013753292454081124,
            "trainScoreMean": 0.9988442057768918,
            "trainScoreStd": 0.000900351273812664,
            "time": 6203,
            "fitTimeMean": 1204.6,
            "fitTimeStd": 376.07903424679233,
            "scoreTimeMean": 36.0,
            "scoreTimeStd": 9.549869109050658,
            "best_iteration": 23,
            "parameters": {
                "booster": "gbtree",
                "colsample_bylevel": 1.0,
                "colsample_bytree": 0.1,
                "gamma": 0.0,
                "learning_rate": 0.25,
                "max_delta_step": 0.0,
                "max_depth": 25,
                "min_child_weight": 1.0,
                "reg_alpha": 0.0,
                "reg_lambda": 1.0,
                "subsample": 1.0
            }
        },
        {
            "finishedAt": 1626105097646,
            "score": 0.9173086331317172,
            "testScoreGibMean": 0.9173086331317172,
            "testScoreMean": 0.9173086331317172,
            "testScoreStd": 0.011553032433301271,
            "trainScoreMean": 0.9913675186028983,
            "trainScoreStd": 0.003903471419803452,
            "time": 4179,
            "fitTimeMean": 802.0,
            "fitTimeStd": 264.64769033566114,
            "scoreTimeMean": 33.8,
            "scoreTimeStd": 12.812493902437575,
            "best_iteration": 7,
            "parameters": {
                "booster": "dart",
                "colsample_bylevel": 1.0,
                "colsample_bytree": 0.1,
                "gamma": 0.0,
                "learning_rate": 0.25,
                "max_delta_step": 0.0,
                "max_depth": 50,
                "min_child_weight": 1.0,
                "reg_alpha": 0.0,
                "reg_lambda": 1.0,
                "subsample": 1.0
            }
        },
        {
            "finishedAt": 1626105097857,
            "score": 0.9801939581651133,
            "testScoreGibMean": 0.9801939581651133,
            "testScoreMean": 0.9801939581651133,
            "testScoreStd": 0.004004075181561699,
            "trainScoreMean": 0.9965954882397805,
            "trainScoreStd": 0.0018022860398621194,
            "time": 7121,
            "fitTimeMean": 1394.2,
            "fitTimeStd": 506.5030700795406,
            "scoreTimeMean": 30.0,
            "scoreTimeStd": 7.014271166700073,
            "best_iteration": 21,
            "parameters": {
                "booster": "dart",
                "colsample_bylevel": 1.0,
                "colsample_bytree": 0.6,
                "gamma": 0.5,
                "learning_rate": 0.4,
                "max_delta_step": 0.0,
                "max_depth": 50,
                "min_child_weight": 10.0,
                "reg_alpha": 0.0,
                "reg_lambda": 1.0,
                "subsample": 1.0
            }
        },
        {
            "finishedAt": 1626105097909,
            "score": 0.9814370148203524,
            "testScoreGibMean": 0.9814370148203524,
            "testScoreMean": 0.9814370148203524,
            "testScoreStd": 0.0029307049303526895,
            "trainScoreMean": 1.0,
            "trainScoreStd": 0.0,
            "time": 11006,
            "fitTimeMean": 2166.0,
            "fitTimeStd": 427.23997940267714,
            "scoreTimeMean": 35.2,
            "scoreTimeStd": 6.764613810115105,
            "best_iteration": 36,
            "parameters": {
                "booster": "gbtree",
                "colsample_bylevel": 1.0,
                "colsample_bytree": 0.6,
                "gamma": 0.5,
                "learning_rate": 0.4,
                "max_delta_step": 0.0,
                "max_depth": 50,
                "min_child_weight": 1.0,
                "reg_alpha": 0.0,
                "reg_lambda": 1.0,
                "subsample": 1.0
            }
        },
        {
            "finishedAt": 1626105099114,
            "score": 0.9785414348193989,
            "testScoreGibMean": 0.9785414348193989,
            "testScoreMean": 0.9785414348193989,
            "testScoreStd": 0.001934749185254366,
            "trainScoreMean": 0.996344150153924,
            "trainScoreStd": 0.000737412639065368,
            "time": 4559,
            "fitTimeMean": 885.0,
            "fitTimeStd": 178.82729098210933,
            "scoreTimeMean": 26.8,
            "scoreTimeStd": 12.33531515608742,
            "best_iteration": 21,
            "parameters": {
                "booster": "gbtree",
                "colsample_bylevel": 1.0,
                "colsample_bytree": 0.6,
                "gamma": 0.0,
                "learning_rate": 0.4,
                "max_delta_step": 0.0,
                "max_depth": 25,
                "min_child_weight": 10.0,
                "reg_alpha": 0.0,
                "reg_lambda": 1.0,
                "subsample": 1.0
            }
        },
        {
            "finishedAt": 1626105099417,
            "score": 0.9156691408509104,
            "testScoreGibMean": 0.9156691408509104,
            "testScoreMean": 0.9156691408509104,
            "testScoreStd": 0.0093967490876025,
            "trainScoreMean": 0.9937545628336155,
            "trainScoreStd": 0.0030089392430323633,
            "time": 4822,
            "fitTimeMean": 923.4,
            "fitTimeStd": 270.02192503572746,
            "scoreTimeMean": 41.0,
            "scoreTimeStd": 25.837956575549857,
            "best_iteration": 7,
            "parameters": {
                "booster": "dart",
                "colsample_bylevel": 1.0,
                "colsample_bytree": 0.1,
                "gamma": 0.0,
                "learning_rate": 0.4,
                "max_delta_step": 0.0,
                "max_depth": 50,
                "min_child_weight": 1.0,
                "reg_alpha": 0.0,
                "reg_lambda": 1.0,
                "subsample": 1.0
            }
        },
        {
            "finishedAt": 1626105100076,
            "score": 0.9827452326480376,
            "testScoreGibMean": 0.9827452326480376,
            "testScoreMean": 0.9827452326480376,
            "testScoreStd": 0.00340967377152599,
            "trainScoreMean": 1.0,
            "trainScoreStd": 0.0,
            "time": 15834,
            "fitTimeMean": 3129.0,
            "fitTimeStd": 625.7839882898891,
            "scoreTimeMean": 37.8,
            "scoreTimeStd": 15.27612516314265,
            "best_iteration": 37,
            "parameters": {
                "booster": "dart",
                "colsample_bylevel": 1.0,
                "colsample_bytree": 0.6,
                "gamma": 0.0,
                "learning_rate": 0.4,
                "max_delta_step": 0.0,
                "max_depth": 50,
                "min_child_weight": 1.0,
                "reg_alpha": 0.0,
                "reg_lambda": 1.0,
                "subsample": 1.0
            }
        },
        {
            "finishedAt": 1626105100182,
            "score": 0.9345257250077872,
            "testScoreGibMean": 0.9345257250077872,
            "testScoreMean": 0.9345257250077872,
            "testScoreStd": 0.008109680335310041,
            "trainScoreMean": 0.961538438822923,
            "trainScoreStd": 0.0071479178624440564,
            "time": 3328,
            "fitTimeMean": 644.8,
            "fitTimeStd": 182.04548882078896,
            "scoreTimeMean": 20.8,
            "scoreTimeStd": 2.7129319932501073,
            "best_iteration": 7,
            "parameters": {
                "booster": "dart",
                "colsample_bylevel": 1.0,
                "colsample_bytree": 0.1,
                "gamma": 0.0,
                "learning_rate": 0.25,
                "max_delta_step": 0.0,
                "max_depth": 25,
                "min_child_weight": 10.0,
                "reg_alpha": 0.0,
                "reg_lambda": 1.0,
                "subsample": 1.0
            }
        },
        {
            "finishedAt": 1626105101081,
            "score": 0.9827452326480376,
            "testScoreGibMean": 0.9827452326480376,
            "testScoreMean": 0.9827452326480376,
            "testScoreStd": 0.00340967377152599,
            "trainScoreMean": 1.0,
            "trainScoreStd": 0.0,
            "time": 16319,
            "fitTimeMean": 3217.2,
            "fitTimeStd": 565.9778794263959,
            "scoreTimeMean": 46.6,
            "scoreTimeStd": 28.555910071296974,
            "best_iteration": 37,
            "parameters": {
                "booster": "dart",
                "colsample_bylevel": 1.0,
                "colsample_bytree": 0.6,
                "gamma": 0.0,
                "learning_rate": 0.4,
                "max_delta_step": 0.0,
                "max_depth": 25,
                "min_child_weight": 1.0,
                "reg_alpha": 0.0,
                "reg_lambda": 1.0,
                "subsample": 1.0
            }
        },
        {
            "finishedAt": 1626105101193,
            "score": 0.9341152373258373,
            "testScoreGibMean": 0.9341152373258373,
            "testScoreMean": 0.9341152373258373,
            "testScoreStd": 0.008250006738079345,
            "trainScoreMean": 0.9604244568739083,
            "trainScoreStd": 0.007533944146109993,
            "time": 3332,
            "fitTimeMean": 633.8,
            "fitTimeStd": 240.32927412198455,
            "scoreTimeMean": 32.6,
            "scoreTimeStd": 25.85033848907979,
            "best_iteration": 7,
            "parameters": {
                "booster": "dart",
                "colsample_bylevel": 1.0,
                "colsample_bytree": 0.1,
                "gamma": 0.5,
                "learning_rate": 0.25,
                "max_delta_step": 0.0,
                "max_depth": 50,
                "min_child_weight": 10.0,
                "reg_alpha": 0.0,
                "reg_lambda": 1.0,
                "subsample": 1.0
            }
        },
        {
            "finishedAt": 1626105101925,
            "score": 0.9475393931883872,
            "testScoreGibMean": 0.9475393931883872,
            "testScoreMean": 0.9475393931883872,
            "testScoreStd": 0.01650799150719472,
            "trainScoreMean": 0.9997230229829869,
            "trainScoreStd": 0.0002758244101108661,
            "time": 7385,
            "fitTimeMean": 1405.4,
            "fitTimeStd": 396.64573614246757,
            "scoreTimeMean": 71.6,
            "scoreTimeStd": 52.45035748209921,
            "best_iteration": 23,
            "parameters": {
                "booster": "gbtree",
                "colsample_bylevel": 1.0,
                "colsample_bytree": 0.1,
                "gamma": 0.0,
                "learning_rate": 0.4,
                "max_delta_step": 0.0,
                "max_depth": 100,
                "min_child_weight": 1.0,
                "reg_alpha": 0.0,
                "reg_lambda": 1.0,
                "subsample": 1.0
            }
        },
        {
            "finishedAt": 1626105102294,
            "score": 0.9492197635383002,
            "testScoreGibMean": 0.9492197635383002,
            "testScoreMean": 0.9492197635383002,
            "testScoreStd": 0.014821759984392288,
            "trainScoreMean": 0.9743201273232136,
            "trainScoreStd": 0.014911621287914583,
            "time": 3519,
            "fitTimeMean": 662.6,
            "fitTimeStd": 277.85866911075493,
            "scoreTimeMean": 41.2,
            "scoreTimeStd": 23.103246525109846,
            "best_iteration": 23,
            "parameters": {
                "booster": "gbtree",
                "colsample_bylevel": 1.0,
                "colsample_bytree": 0.1,
                "gamma": 0.0,
                "learning_rate": 0.25,
                "max_delta_step": 0.0,
                "max_depth": 25,
                "min_child_weight": 10.0,
                "reg_alpha": 0.0,
                "reg_lambda": 1.0,
                "subsample": 1.0
            }
        },
        {
            "finishedAt": 1626105102725,
            "score": 0.9835356862546243,
            "testScoreGibMean": 0.9835356862546243,
            "testScoreMean": 0.9835356862546243,
            "testScoreStd": 0.003307808293439467,
            "trainScoreMean": 1.0,
            "trainScoreStd": 0.0,
            "time": 15641,
            "fitTimeMean": 3063.4,
            "fitTimeStd": 778.7861323880903,
            "scoreTimeMean": 64.8,
            "scoreTimeStd": 35.566276161555066,
            "best_iteration": 37,
            "parameters": {
                "booster": "dart",
                "colsample_bylevel": 1.0,
                "colsample_bytree": 0.6,
                "gamma": 0.5,
                "learning_rate": 0.4,
                "max_delta_step": 0.0,
                "max_depth": 25,
                "min_child_weight": 1.0,
                "reg_alpha": 0.0,
                "reg_lambda": 1.0,
                "subsample": 1.0
            }
        },
        {
            "finishedAt": 1626105103035,
            "score": 0.9508902534498868,
            "testScoreGibMean": 0.9508902534498868,
            "testScoreMean": 0.9508902534498868,
            "testScoreStd": 0.013247052151064122,
            "trainScoreMean": 0.9994421510930858,
            "trainScoreStd": 0.0005026160955756718,
            "time": 7167,
            "fitTimeMean": 1396.8,
            "fitTimeStd": 469.78267315855743,
            "scoreTimeMean": 36.6,
            "scoreTimeStd": 7.002856560004639,
            "best_iteration": 23,
            "parameters": {
                "booster": "gbtree",
                "colsample_bylevel": 1.0,
                "colsample_bytree": 0.1,
                "gamma": 0.5,
                "learning_rate": 0.4,
                "max_delta_step": 0.0,
                "max_depth": 50,
                "min_child_weight": 1.0,
                "reg_alpha": 0.0,
                "reg_lambda": 1.0,
                "subsample": 1.0
            }
        },
        {
            "finishedAt": 1626105103106,
            "score": 0.9385852388119023,
            "testScoreGibMean": 0.9385852388119023,
            "testScoreMean": 0.9385852388119023,
            "testScoreStd": 0.015211231539279158,
            "trainScoreMean": 0.9689095201768302,
            "trainScoreStd": 0.011767615400075435,
            "time": 4019,
            "fitTimeMean": 761.8,
            "fitTimeStd": 346.4155885637943,
            "scoreTimeMean": 42.0,
            "scoreTimeStd": 17.297398648351724,
            "best_iteration": 7,
            "parameters": {
                "booster": "dart",
                "colsample_bylevel": 1.0,
                "colsample_bytree": 0.1,
                "gamma": 0.5,
                "learning_rate": 0.4,
                "max_delta_step": 0.0,
                "max_depth": 50,
                "min_child_weight": 10.0,
                "reg_alpha": 0.0,
                "reg_lambda": 1.0,
                "subsample": 1.0
            }
        },
        {
            "finishedAt": 1626105103223,
            "score": 0.9633742160488676,
            "testScoreGibMean": 0.9633742160488676,
            "testScoreMean": 0.9633742160488676,
            "testScoreStd": 0.007130417384587526,
            "trainScoreMean": 0.9873700589524662,
            "trainScoreStd": 0.004473861015186278,
            "time": 5308,
            "fitTimeMean": 1029.8,
            "fitTimeStd": 279.09453595511326,
            "scoreTimeMean": 31.8,
            "scoreTimeStd": 11.249888888340186,
            "best_iteration": 32,
            "parameters": {
                "booster": "gbtree",
                "colsample_bylevel": 1.0,
                "colsample_bytree": 0.1,
                "gamma": 0.5,
                "learning_rate": 0.4,
                "max_delta_step": 0.0,
                "max_depth": 25,
                "min_child_weight": 10.0,
                "reg_alpha": 0.0,
                "reg_lambda": 1.0,
                "subsample": 1.0
            }
        },
        {
            "finishedAt": 1626105103645,
            "score": 0.9181486885562273,
            "testScoreGibMean": 0.9181486885562273,
            "testScoreMean": 0.9181486885562273,
            "testScoreStd": 0.011256609332820354,
            "trainScoreMean": 0.991230591871731,
            "trainScoreStd": 0.003906437774922472,
            "time": 4268,
            "fitTimeMean": 812.6,
            "fitTimeStd": 249.03541916763567,
            "scoreTimeMean": 41.0,
            "scoreTimeStd": 17.297398648351724,
            "best_iteration": 7,
            "parameters": {
                "booster": "dart",
                "colsample_bylevel": 1.0,
                "colsample_bytree": 0.1,
                "gamma": 0.0,
                "learning_rate": 0.25,
                "max_delta_step": 0.0,
                "max_depth": 25,
                "min_child_weight": 1.0,
                "reg_alpha": 0.0,
                "reg_lambda": 1.0,
                "subsample": 1.0
            }
        },
        {
            "finishedAt": 1626105103779,
            "score": 0.9643593548005219,
            "testScoreGibMean": 0.9643593548005219,
            "testScoreMean": 0.9643593548005219,
            "testScoreStd": 0.007858612518497761,
            "trainScoreMean": 0.9893135792021397,
            "trainScoreStd": 0.0043051764043756996,
            "time": 5708,
            "fitTimeMean": 1074.8,
            "fitTimeStd": 323.8119207194201,
            "scoreTimeMean": 66.8,
            "scoreTimeStd": 42.869103093020264,
            "best_iteration": 52,
            "parameters": {
                "booster": "gbtree",
                "colsample_bylevel": 1.0,
                "colsample_bytree": 0.1,
                "gamma": 0.0,
                "learning_rate": 0.4,
                "max_delta_step": 0.0,
                "max_depth": 25,
                "min_child_weight": 10.0,
                "reg_alpha": 0.0,
                "reg_lambda": 1.0,
                "subsample": 1.0
            }
        },
        {
            "finishedAt": 1626105104288,
            "score": 0.9149612323848648,
            "testScoreGibMean": 0.9149612323848648,
            "testScoreMean": 0.9149612323848648,
            "testScoreStd": 0.009556814783172166,
            "trainScoreMean": 0.9935992719233878,
            "trainScoreStd": 0.0030970257222903627,
            "time": 4936,
            "fitTimeMean": 897.0,
            "fitTimeStd": 310.6689556424974,
            "scoreTimeMean": 90.2,
            "scoreTimeStd": 50.05357130115692,
            "best_iteration": 7,
            "parameters": {
                "booster": "dart",
                "colsample_bylevel": 1.0,
                "colsample_bytree": 0.1,
                "gamma": 0.0,
                "learning_rate": 0.4,
                "max_delta_step": 0.0,
                "max_depth": 25,
                "min_child_weight": 1.0,
                "reg_alpha": 0.0,
                "reg_lambda": 1.0,
                "subsample": 1.0
            }
        },
        {
            "finishedAt": 1626105104426,
            "score": 0.9492197635383002,
            "testScoreGibMean": 0.9492197635383002,
            "testScoreMean": 0.9492197635383002,
            "testScoreStd": 0.014821759984392288,
            "trainScoreMean": 0.9743201273232136,
            "trainScoreStd": 0.014911621287914583,
            "time": 4328,
            "fitTimeMean": 815.6,
            "fitTimeStd": 266.0681115804748,
            "scoreTimeMean": 50.0,
            "scoreTimeStd": 46.471496640413896,
            "best_iteration": 23,
            "parameters": {
                "booster": "gbtree",
                "colsample_bylevel": 1.0,
                "colsample_bytree": 0.1,
                "gamma": 0.0,
                "learning_rate": 0.25,
                "max_delta_step": 0.0,
                "max_depth": 50,
                "min_child_weight": 10.0,
                "reg_alpha": 0.0,
                "reg_lambda": 1.0,
                "subsample": 1.0
            }
        },
        {
            "finishedAt": 1626105104844,
            "score": 0.9207628951620643,
            "testScoreGibMean": 0.9207628951620643,
            "testScoreMean": 0.9207628951620643,
            "testScoreStd": 0.01044503886481912,
            "trainScoreMean": 0.9922487468006107,
            "trainScoreStd": 0.003712676282746666,
            "time": 4454,
            "fitTimeMean": 856.8,
            "fitTimeStd": 267.56636559926585,
            "scoreTimeMean": 34.0,
            "scoreTimeStd": 12.09958676980334,
            "best_iteration": 7,
            "parameters": {
                "booster": "dart",
                "colsample_bylevel": 1.0,
                "colsample_bytree": 0.1,
                "gamma": 0.5,
                "learning_rate": 0.4,
                "max_delta_step": 0.0,
                "max_depth": 100,
                "min_child_weight": 1.0,
                "reg_alpha": 0.0,
                "reg_lambda": 1.0,
                "subsample": 1.0
            }
        },
        {
            "finishedAt": 1626105105495,
            "score": 0.9643593548005219,
            "testScoreGibMean": 0.9643593548005219,
            "testScoreMean": 0.9643593548005219,
            "testScoreStd": 0.007858612518497761,
            "trainScoreMean": 0.9893135792021397,
            "trainScoreStd": 0.0043051764043756996,
            "time": 5219,
            "fitTimeMean": 1017.0,
            "fitTimeStd": 297.5479793243436,
            "scoreTimeMean": 26.8,
            "scoreTimeStd": 2.9257477676655586,
            "best_iteration": 52,
            "parameters": {
                "booster": "gbtree",
                "colsample_bylevel": 1.0,
                "colsample_bytree": 0.1,
                "gamma": 0.0,
                "learning_rate": 0.4,
                "max_delta_step": 0.0,
                "max_depth": 100,
                "min_child_weight": 10.0,
                "reg_alpha": 0.0,
                "reg_lambda": 1.0,
                "subsample": 1.0
            }
        },
        {
            "finishedAt": 1626105107522,
            "score": 0.9814370148203524,
            "testScoreGibMean": 0.9814370148203524,
            "testScoreMean": 0.9814370148203524,
            "testScoreStd": 0.0029307049303526895,
            "trainScoreMean": 1.0,
            "trainScoreStd": 0.0,
            "time": 11880,
            "fitTimeMean": 2346.8,
            "fitTimeStd": 530.5749334448434,
            "scoreTimeMean": 29.2,
            "scoreTimeStd": 6.615134163416491,
            "best_iteration": 36,
            "parameters": {
                "booster": "gbtree",
                "colsample_bylevel": 1.0,
                "colsample_bytree": 0.6,
                "gamma": 0.5,
                "learning_rate": 0.4,
                "max_delta_step": 0.0,
                "max_depth": 25,
                "min_child_weight": 1.0,
                "reg_alpha": 0.0,
                "reg_lambda": 1.0,
                "subsample": 1.0
            }
        },
        {
            "finishedAt": 1626105108534,
            "score": 0.9810650455768601,
            "testScoreGibMean": 0.9810650455768601,
            "testScoreMean": 0.9810650455768601,
            "testScoreStd": 0.0028163860342700514,
            "trainScoreMean": 0.9999952484874537,
            "trainScoreStd": 9.499876483946336e-06,
            "time": 13934,
            "fitTimeMean": 2754.2,
            "fitTimeStd": 694.5457220370737,
            "scoreTimeMean": 32.6,
            "scoreTimeStd": 9.350935782048767,
            "best_iteration": 26,
            "parameters": {
                "booster": "dart",
                "colsample_bylevel": 1.0,
                "colsample_bytree": 0.6,
                "gamma": 0.0,
                "learning_rate": 0.25,
                "max_delta_step": 0.0,
                "max_depth": 25,
                "min_child_weight": 1.0,
                "reg_alpha": 0.0,
                "reg_lambda": 1.0,
                "subsample": 1.0
            }
        },
        {
            "finishedAt": 1626105109195,
            "score": 0.9831923284298667,
            "testScoreGibMean": 0.9831923284298667,
            "testScoreMean": 0.9831923284298667,
            "testScoreStd": 0.003270143035586623,
            "trainScoreMean": 0.9999997845069379,
            "trainScoreStd": 4.310813801926676e-07,
            "time": 18900,
            "fitTimeMean": 3734.8,
            "fitTimeStd": 983.4517578407189,
            "scoreTimeMean": 45.2,
            "scoreTimeStd": 33.91400890487587,
            "best_iteration": 35,
            "parameters": {
                "booster": "dart",
                "colsample_bylevel": 1.0,
                "colsample_bytree": 0.6,
                "gamma": 0.5,
                "learning_rate": 0.25,
                "max_delta_step": 0.0,
                "max_depth": 100,
                "min_child_weight": 1.0,
                "reg_alpha": 0.0,
                "reg_lambda": 1.0,
                "subsample": 1.0
            }
        },
        {
            "finishedAt": 1626105110301,
            "score": 0.9835356862546243,
            "testScoreGibMean": 0.9835356862546243,
            "testScoreMean": 0.9835356862546243,
            "testScoreStd": 0.003307808293439467,
            "trainScoreMean": 1.0,
            "trainScoreStd": 0.0,
            "time": 17190,
            "fitTimeMean": 3363.2,
            "fitTimeStd": 892.3213322564916,
            "scoreTimeMean": 74.8,
            "scoreTimeStd": 61.160117723889314,
            "best_iteration": 37,
            "parameters": {
                "booster": "dart",
                "colsample_bylevel": 1.0,
                "colsample_bytree": 0.6,
                "gamma": 0.5,
                "learning_rate": 0.4,
                "max_delta_step": 0.0,
                "max_depth": 100,
                "min_child_weight": 1.0,
                "reg_alpha": 0.0,
                "reg_lambda": 1.0,
                "subsample": 1.0
            }
        },
        {
            "finishedAt": 1626105110426,
            "score": 0.980806913028491,
            "testScoreGibMean": 0.980806913028491,
            "testScoreMean": 0.980806913028491,
            "testScoreStd": 0.002495941203458288,
            "trainScoreMean": 0.9966349951860062,
            "trainScoreStd": 0.0012100165385230826,
            "time": 11731,
            "fitTimeMean": 2271.0,
            "fitTimeStd": 682.4426715849471,
            "scoreTimeMean": 75.2,
            "scoreTimeStd": 59.15876942601156,
            "best_iteration": 31,
            "parameters": {
                "booster": "dart",
                "colsample_bylevel": 1.0,
                "colsample_bytree": 0.6,
                "gamma": 0.5,
                "learning_rate": 0.25,
                "max_delta_step": 0.0,
                "max_depth": 100,
                "min_child_weight": 10.0,
                "reg_alpha": 0.0,
                "reg_lambda": 1.0,
                "subsample": 1.0
            }
        },
        {
            "finishedAt": 1626105110626,
            "score": 0.9492197635383002,
            "testScoreGibMean": 0.9492197635383002,
            "testScoreMean": 0.9492197635383002,
            "testScoreStd": 0.014821759984392288,
            "trainScoreMean": 0.9743201273232136,
            "trainScoreStd": 0.014911621287914583,
            "time": 4350,
            "fitTimeMean": 820.6,
            "fitTimeStd": 265.86507856429733,
            "scoreTimeMean": 49.4,
            "scoreTimeStd": 19.975985582694037,
            "best_iteration": 23,
            "parameters": {
                "booster": "gbtree",
                "colsample_bylevel": 1.0,
                "colsample_bytree": 0.1,
                "gamma": 0.0,
                "learning_rate": 0.25,
                "max_delta_step": 0.0,
                "max_depth": 100,
                "min_child_weight": 10.0,
                "reg_alpha": 0.0,
                "reg_lambda": 1.0,
                "subsample": 1.0
            }
        },
        {
            "finishedAt": 1626105110708,
            "score": 0.9374619437788166,
            "testScoreGibMean": 0.9374619437788166,
            "testScoreMean": 0.9374619437788166,
            "testScoreStd": 0.015230700958431488,
            "trainScoreMean": 0.9697930360907823,
            "trainScoreStd": 0.011942046536671263,
            "time": 4602,
            "fitTimeMean": 879.6,
            "fitTimeStd": 350.1346026887374,
            "scoreTimeMean": 40.8,
            "scoreTimeStd": 18.36736235827017,
            "best_iteration": 7,
            "parameters": {
                "booster": "dart",
                "colsample_bylevel": 1.0,
                "colsample_bytree": 0.1,
                "gamma": 0.0,
                "learning_rate": 0.4,
                "max_delta_step": 0.0,
                "max_depth": 50,
                "min_child_weight": 10.0,
                "reg_alpha": 0.0,
                "reg_lambda": 1.0,
                "subsample": 1.0
            }
        },
        {
            "finishedAt": 1626105110880,
            "score": 0.9785414348193989,
            "testScoreGibMean": 0.9785414348193989,
            "testScoreMean": 0.9785414348193989,
            "testScoreStd": 0.001934749185254366,
            "trainScoreMean": 0.996344150153924,
            "trainScoreStd": 0.000737412639065368,
            "time": 5183,
            "fitTimeMean": 985.0,
            "fitTimeStd": 121.91636477520153,
            "scoreTimeMean": 51.6,
            "scoreTimeStd": 22.222511109233356,
            "best_iteration": 21,
            "parameters": {
                "booster": "gbtree",
                "colsample_bylevel": 1.0,
                "colsample_bytree": 0.6,
                "gamma": 0.0,
                "learning_rate": 0.4,
                "max_delta_step": 0.0,
                "max_depth": 100,
                "min_child_weight": 10.0,
                "reg_alpha": 0.0,
                "reg_lambda": 1.0,
                "subsample": 1.0
            }
        },
        {
            "finishedAt": 1626105111061,
            "score": 0.9801939581651133,
            "testScoreGibMean": 0.9801939581651133,
            "testScoreMean": 0.9801939581651133,
            "testScoreStd": 0.004004075181561699,
            "trainScoreMean": 0.9965954882397805,
            "trainScoreStd": 0.0018022860398621194,
            "time": 8394,
            "fitTimeMean": 1606.8,
            "fitTimeStd": 487.1785709573031,
            "scoreTimeMean": 72.0,
            "scoreTimeStd": 57.86881716434163,
            "best_iteration": 21,
            "parameters": {
                "booster": "dart",
                "colsample_bylevel": 1.0,
                "colsample_bytree": 0.6,
                "gamma": 0.5,
                "learning_rate": 0.4,
                "max_delta_step": 0.0,
                "max_depth": 100,
                "min_child_weight": 10.0,
                "reg_alpha": 0.0,
                "reg_lambda": 1.0,
                "subsample": 1.0
            }
        },
        {
            "finishedAt": 1626105111491,
            "score": 0.9779557108698811,
            "testScoreGibMean": 0.9779557108698811,
            "testScoreMean": 0.9779557108698811,
            "testScoreStd": 0.0035293818065723847,
            "trainScoreMean": 0.996212640548044,
            "trainScoreStd": 0.002322868617659127,
            "time": 5421,
            "fitTimeMean": 1041.0,
            "fitTimeStd": 308.73742889387415,
            "scoreTimeMean": 43.2,
            "scoreTimeStd": 21.008569680013917,
            "best_iteration": 22,
            "parameters": {
                "booster": "gbtree",
                "colsample_bylevel": 1.0,
                "colsample_bytree": 0.6,
                "gamma": 0.5,
                "learning_rate": 0.4,
                "max_delta_step": 0.0,
                "max_depth": 50,
                "min_child_weight": 10.0,
                "reg_alpha": 0.0,
                "reg_lambda": 1.0,
                "subsample": 1.0
            }
        },
        {
            "finishedAt": 1626105112186,
            "score": 0.9429395729420037,
            "testScoreGibMean": 0.9429395729420037,
            "testScoreMean": 0.9429395729420037,
            "testScoreStd": 0.013271491524962114,
            "trainScoreMean": 0.9984566055892705,
            "trainScoreStd": 0.0007531272471764111,
            "time": 6272,
            "fitTimeMean": 1195.4,
            "fitTimeStd": 259.1930554625258,
            "scoreTimeMean": 59.0,
            "scoreTimeStd": 16.911534525287763,
            "best_iteration": 23,
            "parameters": {
                "booster": "gbtree",
                "colsample_bylevel": 1.0,
                "colsample_bytree": 0.1,
                "gamma": 0.0,
                "learning_rate": 0.25,
                "max_delta_step": 0.0,
                "max_depth": 50,
                "min_child_weight": 1.0,
                "reg_alpha": 0.0,
                "reg_lambda": 1.0,
                "subsample": 1.0
            }
        },
        {
            "finishedAt": 1626105112444,
            "score": 0.9345257250077872,
            "testScoreGibMean": 0.9345257250077872,
            "testScoreMean": 0.9345257250077872,
            "testScoreStd": 0.008109680335310041,
            "trainScoreMean": 0.961538438822923,
            "trainScoreStd": 0.0071479178624440564,
            "time": 3008,
            "fitTimeMean": 562.0,
            "fitTimeStd": 203.92253431143897,
            "scoreTimeMean": 39.6,
            "scoreTimeStd": 15.21315220458929,
            "best_iteration": 7,
            "parameters": {
                "booster": "dart",
                "colsample_bylevel": 1.0,
                "colsample_bytree": 0.1,
                "gamma": 0.0,
                "learning_rate": 0.25,
                "max_delta_step": 0.0,
                "max_depth": 50,
                "min_child_weight": 10.0,
                "reg_alpha": 0.0,
                "reg_lambda": 1.0,
                "subsample": 1.0
            }
        },
        {
            "finishedAt": 1626105112656,
            "score": 0.9779557108698811,
            "testScoreGibMean": 0.9779557108698811,
            "testScoreMean": 0.9779557108698811,
            "testScoreStd": 0.0035293818065723847,
            "trainScoreMean": 0.996212640548044,
            "trainScoreStd": 0.002322868617659127,
            "time": 5240,
            "fitTimeMean": 991.6,
            "fitTimeStd": 289.4992918816901,
            "scoreTimeMean": 56.4,
            "scoreTimeStd": 30.453899586095705,
            "best_iteration": 22,
            "parameters": {
                "booster": "gbtree",
                "colsample_bylevel": 1.0,
                "colsample_bytree": 0.6,
                "gamma": 0.5,
                "learning_rate": 0.4,
                "max_delta_step": 0.0,
                "max_depth": 100,
                "min_child_weight": 10.0,
                "reg_alpha": 0.0,
                "reg_lambda": 1.0,
                "subsample": 1.0
            }
        },
        {
            "finishedAt": 1626105113465,
            "score": 0.9199112103761854,
            "testScoreGibMean": 0.9199112103761854,
            "testScoreMean": 0.9199112103761854,
            "testScoreStd": 0.010951756141356232,
            "trainScoreMean": 0.9921831385773656,
            "trainScoreStd": 0.0037026785079223913,
            "time": 3971,
            "fitTimeMean": 762.8,
            "fitTimeStd": 276.15459438510163,
            "scoreTimeMean": 31.4,
            "scoreTimeStd": 6.086049621881176,
            "best_iteration": 7,
            "parameters": {
                "booster": "dart",
                "colsample_bylevel": 1.0,
                "colsample_bytree": 0.1,
                "gamma": 0.5,
                "learning_rate": 0.4,
                "max_delta_step": 0.0,
                "max_depth": 25,
                "min_child_weight": 1.0,
                "reg_alpha": 0.0,
                "reg_lambda": 1.0,
                "subsample": 1.0
            }
        },
        {
            "finishedAt": 1626105113775,
            "score": 0.982043923412621,
            "testScoreGibMean": 0.982043923412621,
            "testScoreMean": 0.982043923412621,
            "testScoreStd": 0.0039349364164139615,
            "trainScoreMean": 0.9999999280073856,
            "trainScoreStd": 1.439375225230692e-07,
            "time": 12255,
            "fitTimeMean": 2414.2,
            "fitTimeStd": 487.03979303543565,
            "scoreTimeMean": 36.8,
            "scoreTimeStd": 10.851727973000429,
            "best_iteration": 36,
            "parameters": {
                "booster": "gbtree",
                "colsample_bylevel": 1.0,
                "colsample_bytree": 0.6,
                "gamma": 0.0,
                "learning_rate": 0.25,
                "max_delta_step": 0.0,
                "max_depth": 100,
                "min_child_weight": 1.0,
                "reg_alpha": 0.0,
                "reg_lambda": 1.0,
                "subsample": 1.0
            }
        },
        {
            "finishedAt": 1626105114065,
            "score": 0.950477258477626,
            "testScoreGibMean": 0.950477258477626,
            "testScoreMean": 0.950477258477626,
            "testScoreStd": 0.013430398076626979,
            "trainScoreMean": 0.9993849651977498,
            "trainScoreStd": 0.0005293044721354242,
            "time": 6934,
            "fitTimeMean": 1352.6,
            "fitTimeStd": 443.76281953313753,
            "scoreTimeMean": 34.2,
            "scoreTimeStd": 9.325234581499814,
            "best_iteration": 23,
            "parameters": {
                "booster": "gbtree",
                "colsample_bylevel": 1.0,
                "colsample_bytree": 0.1,
                "gamma": 0.5,
                "learning_rate": 0.4,
                "max_delta_step": 0.0,
                "max_depth": 25,
                "min_child_weight": 1.0,
                "reg_alpha": 0.0,
                "reg_lambda": 1.0,
                "subsample": 1.0
            }
        },
        {
            "finishedAt": 1626105114125,
            "score": 0.9633742160488676,
            "testScoreGibMean": 0.9633742160488676,
            "testScoreMean": 0.9633742160488676,
            "testScoreStd": 0.007130417384587526,
            "trainScoreMean": 0.9873700589524662,
            "trainScoreStd": 0.004473861015186278,
            "time": 5198,
            "fitTimeMean": 1007.6,
            "fitTimeStd": 290.8777062615834,
            "scoreTimeMean": 32.0,
            "scoreTimeStd": 10.430723848324238,
            "best_iteration": 32,
            "parameters": {
                "booster": "gbtree",
                "colsample_bylevel": 1.0,
                "colsample_bytree": 0.1,
                "gamma": 0.5,
                "learning_rate": 0.4,
                "max_delta_step": 0.0,
                "max_depth": 100,
                "min_child_weight": 10.0,
                "reg_alpha": 0.0,
                "reg_lambda": 1.0,
                "subsample": 1.0
            }
        },
        {
            "finishedAt": 1626105114908,
            "score": 0.9779557108698811,
            "testScoreGibMean": 0.9779557108698811,
            "testScoreMean": 0.9779557108698811,
            "testScoreStd": 0.0035293818065723847,
            "trainScoreMean": 0.996212640548044,
            "trainScoreStd": 0.002322868617659127,
            "time": 5337,
            "fitTimeMean": 1035.6,
            "fitTimeStd": 297.28141549716827,
            "scoreTimeMean": 31.8,
            "scoreTimeStd": 10.166612021711067,
            "best_iteration": 22,
            "parameters": {
                "booster": "gbtree",
                "colsample_bylevel": 1.0,
                "colsample_bytree": 0.6,
                "gamma": 0.5,
                "learning_rate": 0.4,
                "max_delta_step": 0.0,
                "max_depth": 25,
                "min_child_weight": 10.0,
                "reg_alpha": 0.0,
                "reg_lambda": 1.0,
                "subsample": 1.0
            }
        },
        {
            "finishedAt": 1626105115471,
            "score": 0.9374619437788166,
            "testScoreGibMean": 0.9374619437788166,
            "testScoreMean": 0.9374619437788166,
            "testScoreStd": 0.015230700958431488,
            "trainScoreMean": 0.9697930360907823,
            "trainScoreStd": 0.011942046536671263,
            "time": 4176,
            "fitTimeMean": 791.8,
            "fitTimeStd": 372.96401971235775,
            "scoreTimeMean": 43.4,
            "scoreTimeStd": 15.4220621189256,
            "best_iteration": 7,
            "parameters": {
                "booster": "dart",
                "colsample_bylevel": 1.0,
                "colsample_bytree": 0.1,
                "gamma": 0.0,
                "learning_rate": 0.4,
                "max_delta_step": 0.0,
                "max_depth": 25,
                "min_child_weight": 10.0,
                "reg_alpha": 0.0,
                "reg_lambda": 1.0,
                "subsample": 1.0
            }
        },
        {
            "finishedAt": 1626105116098,
            "score": 0.9493552457976051,
            "testScoreGibMean": 0.9493552457976051,
            "testScoreMean": 0.9493552457976051,
            "testScoreStd": 0.015387845064342145,
            "trainScoreMean": 0.9736569536070091,
            "trainScoreStd": 0.015579395400459656,
            "time": 4258,
            "fitTimeMean": 824.0,
            "fitTimeStd": 357.8921625294413,
            "scoreTimeMean": 27.6,
            "scoreTimeStd": 3.0724582991474434,
            "best_iteration": 23,
            "parameters": {
                "booster": "gbtree",
                "colsample_bylevel": 1.0,
                "colsample_bytree": 0.1,
                "gamma": 0.5,
                "learning_rate": 0.25,
                "max_delta_step": 0.0,
                "max_depth": 25,
                "min_child_weight": 10.0,
                "reg_alpha": 0.0,
                "reg_lambda": 1.0,
                "subsample": 1.0
            }
        },
        {
            "finishedAt": 1626105116633,
            "score": 0.9810650455768601,
            "testScoreGibMean": 0.9810650455768601,
            "testScoreMean": 0.9810650455768601,
            "testScoreStd": 0.0028163860342700514,
            "trainScoreMean": 0.9999952484874537,
            "trainScoreStd": 9.499876483946336e-06,
            "time": 13607,
            "fitTimeMean": 2677.6,
            "fitTimeStd": 628.4999920445505,
            "scoreTimeMean": 43.8,
            "scoreTimeStd": 9.495261976375375,
            "best_iteration": 26,
            "parameters": {
                "booster": "dart",
                "colsample_bylevel": 1.0,
                "colsample_bytree": 0.6,
                "gamma": 0.0,
                "learning_rate": 0.25,
                "max_delta_step": 0.0,
                "max_depth": 50,
                "min_child_weight": 1.0,
                "reg_alpha": 0.0,
                "reg_lambda": 1.0,
                "subsample": 1.0
            }
        },
        {
            "finishedAt": 1626105116942,
            "score": 0.9799552966897105,
            "testScoreGibMean": 0.9799552966897105,
            "testScoreMean": 0.9799552966897105,
            "testScoreStd": 0.004273308128528033,
            "trainScoreMean": 0.9999966957730485,
            "trainScoreStd": 6.60991449630237e-06,
            "time": 9005,
            "fitTimeMean": 1733.0,
            "fitTimeStd": 466.5181668488377,
            "scoreTimeMean": 68.0,
            "scoreTimeStd": 31.7742033731768,
            "best_iteration": 26,
            "parameters": {
                "booster": "gbtree",
                "colsample_bylevel": 1.0,
                "colsample_bytree": 0.6,
                "gamma": 0.0,
                "learning_rate": 0.4,
                "max_delta_step": 0.0,
                "max_depth": 25,
                "min_child_weight": 1.0,
                "reg_alpha": 0.0,
                "reg_lambda": 1.0,
                "subsample": 1.0
            }
        },
        {
            "finishedAt": 1626105118003,
            "score": 0.9803990630850602,
            "testScoreGibMean": 0.9803990630850602,
            "testScoreMean": 0.9803990630850602,
            "testScoreStd": 0.002138130068270901,
            "trainScoreMean": 0.9968915208380753,
            "trainScoreStd": 0.000829723840082972,
            "time": 10646,
            "fitTimeMean": 2028.4,
            "fitTimeStd": 335.69724455229,
            "scoreTimeMean": 100.8,
            "scoreTimeStd": 56.8520887918817,
            "best_iteration": 34,
            "parameters": {
                "booster": "dart",
                "colsample_bylevel": 1.0,
                "colsample_bytree": 0.6,
                "gamma": 0.0,
                "learning_rate": 0.25,
                "max_delta_step": 0.0,
                "max_depth": 100,
                "min_child_weight": 10.0,
                "reg_alpha": 0.0,
                "reg_lambda": 1.0,
                "subsample": 1.0
            }
        },
        {
            "finishedAt": 1626105118047,
            "score": 0.9508902534498868,
            "testScoreGibMean": 0.9508902534498868,
            "testScoreMean": 0.9508902534498868,
            "testScoreStd": 0.013247052151064122,
            "trainScoreMean": 0.9994421510930858,
            "trainScoreStd": 0.0005026160955756718,
            "time": 7752,
            "fitTimeMean": 1447.4,
            "fitTimeStd": 473.2376147349236,
            "scoreTimeMean": 103.0,
            "scoreTimeStd": 39.577771539084914,
            "best_iteration": 23,
            "parameters": {
                "booster": "gbtree",
                "colsample_bylevel": 1.0,
                "colsample_bytree": 0.1,
                "gamma": 0.5,
                "learning_rate": 0.4,
                "max_delta_step": 0.0,
                "max_depth": 100,
                "min_child_weight": 1.0,
                "reg_alpha": 0.0,
                "reg_lambda": 1.0,
                "subsample": 1.0
            }
        },
        {
            "finishedAt": 1626105118631,
            "score": 0.9493552457976051,
            "testScoreGibMean": 0.9493552457976051,
            "testScoreMean": 0.9493552457976051,
            "testScoreStd": 0.015387845064342145,
            "trainScoreMean": 0.9736569536070091,
            "trainScoreStd": 0.015579395400459656,
            "time": 4642,
            "fitTimeMean": 873.8,
            "fitTimeStd": 397.8102060028124,
            "scoreTimeMean": 54.6,
            "scoreTimeStd": 28.93164357584961,
            "best_iteration": 23,
            "parameters": {
                "booster": "gbtree",
                "colsample_bylevel": 1.0,
                "colsample_bytree": 0.1,
                "gamma": 0.5,
                "learning_rate": 0.25,
                "max_delta_step": 0.0,
                "max_depth": 100,
                "min_child_weight": 10.0,
                "reg_alpha": 0.0,
                "reg_lambda": 1.0,
                "subsample": 1.0
            }
        },
        {
            "finishedAt": 1626105118687,
            "score": 0.9173086331317172,
            "testScoreGibMean": 0.9173086331317172,
            "testScoreMean": 0.9173086331317172,
            "testScoreStd": 0.011553032433301271,
            "trainScoreMean": 0.9913675186028983,
            "trainScoreStd": 0.003903471419803452,
            "time": 4810,
            "fitTimeMean": 904.6,
            "fitTimeStd": 297.4556101336803,
            "scoreTimeMean": 57.4,
            "scoreTimeStd": 33.12763197090912,
            "best_iteration": 7,
            "parameters": {
                "booster": "dart",
                "colsample_bylevel": 1.0,
                "colsample_bytree": 0.1,
                "gamma": 0.0,
                "learning_rate": 0.25,
                "max_delta_step": 0.0,
                "max_depth": 100,
                "min_child_weight": 1.0,
                "reg_alpha": 0.0,
                "reg_lambda": 1.0,
                "subsample": 1.0
            }
        },
        {
            "finishedAt": 1626105119100,
            "score": 0.9201460577533265,
            "testScoreGibMean": 0.9201460577533265,
            "testScoreMean": 0.9201460577533265,
            "testScoreStd": 0.009228498344679913,
            "trainScoreMean": 0.9898799613846079,
            "trainScoreStd": 0.004169705991205329,
            "time": 4850,
            "fitTimeMean": 916.4,
            "fitTimeStd": 300.2269807995277,
            "scoreTimeMean": 53.6,
            "scoreTimeStd": 17.658992043715294,
            "best_iteration": 7,
            "parameters": {
                "booster": "dart",
                "colsample_bylevel": 1.0,
                "colsample_bytree": 0.1,
                "gamma": 0.5,
                "learning_rate": 0.25,
                "max_delta_step": 0.0,
                "max_depth": 25,
                "min_child_weight": 1.0,
                "reg_alpha": 0.0,
                "reg_lambda": 1.0,
                "subsample": 1.0
            }
        },
        {
            "finishedAt": 1626105119174,
            "score": 0.9785414348193989,
            "testScoreGibMean": 0.9785414348193989,
            "testScoreMean": 0.9785414348193989,
            "testScoreStd": 0.001934749185254366,
            "trainScoreMean": 0.996344150153924,
            "trainScoreStd": 0.000737412639065368,
            "time": 4965,
            "fitTimeMean": 949.4,
            "fitTimeStd": 91.35337979516684,
            "scoreTimeMean": 43.6,
            "scoreTimeStd": 27.86108397029807,
            "best_iteration": 21,
            "parameters": {
                "booster": "gbtree",
                "colsample_bylevel": 1.0,
                "colsample_bytree": 0.6,
                "gamma": 0.0,
                "learning_rate": 0.4,
                "max_delta_step": 0.0,
                "max_depth": 50,
                "min_child_weight": 10.0,
                "reg_alpha": 0.0,
                "reg_lambda": 1.0,
                "subsample": 1.0
            }
        },
        {
            "finishedAt": 1626105119257,
            "score": 0.9799552966897105,
            "testScoreGibMean": 0.9799552966897105,
            "testScoreMean": 0.9799552966897105,
            "testScoreStd": 0.004273308128528033,
            "trainScoreMean": 0.9999966957730485,
            "trainScoreStd": 6.60991449630237e-06,
            "time": 9255,
            "fitTimeMean": 1751.2,
            "fitTimeStd": 464.0109481467005,
            "scoreTimeMean": 99.8,
            "scoreTimeStd": 59.83109559418079,
            "best_iteration": 26,
            "parameters": {
                "booster": "gbtree",
                "colsample_bylevel": 1.0,
                "colsample_bytree": 0.6,
                "gamma": 0.0,
                "learning_rate": 0.4,
                "max_delta_step": 0.0,
                "max_depth": 100,
                "min_child_weight": 1.0,
                "reg_alpha": 0.0,
                "reg_lambda": 1.0,
                "subsample": 1.0
            }
        },
        {
            "finishedAt": 1626105120101,
            "score": 0.9493552457976051,
            "testScoreGibMean": 0.9493552457976051,
            "testScoreMean": 0.9493552457976051,
            "testScoreStd": 0.015387845064342145,
            "trainScoreMean": 0.9736569536070091,
            "trainScoreStd": 0.015579395400459656,
            "time": 4200,
            "fitTimeMean": 795.0,
            "fitTimeStd": 351.2435052780336,
            "scoreTimeMean": 45.0,
            "scoreTimeStd": 49.01836390578535,
            "best_iteration": 23,
            "parameters": {
                "booster": "gbtree",
                "colsample_bylevel": 1.0,
                "colsample_bytree": 0.1,
                "gamma": 0.5,
                "learning_rate": 0.25,
                "max_delta_step": 0.0,
                "max_depth": 50,
                "min_child_weight": 10.0,
                "reg_alpha": 0.0,
                "reg_lambda": 1.0,
                "subsample": 1.0
            }
        },
        {
            "finishedAt": 1626105120166,
            "score": 0.9450147019635748,
            "testScoreGibMean": 0.9450147019635748,
            "testScoreMean": 0.9450147019635748,
            "testScoreStd": 0.013402886123818158,
            "trainScoreMean": 0.9970741284123306,
            "trainScoreStd": 0.0019142898755538224,
            "time": 6405,
            "fitTimeMean": 1242.2,
            "fitTimeStd": 349.5170382113009,
            "scoreTimeMean": 38.8,
            "scoreTimeStd": 27.86682615584344,
            "best_iteration": 23,
            "parameters": {
                "booster": "gbtree",
                "colsample_bylevel": 1.0,
                "colsample_bytree": 0.1,
                "gamma": 0.5,
                "learning_rate": 0.25,
                "max_delta_step": 0.0,
                "max_depth": 100,
                "min_child_weight": 1.0,
                "reg_alpha": 0.0,
                "reg_lambda": 1.0,
                "subsample": 1.0
            }
        },
        {
            "finishedAt": 1626105120807,
            "score": 0.9207628951620643,
            "testScoreGibMean": 0.9207628951620643,
            "testScoreMean": 0.9207628951620643,
            "testScoreStd": 0.01044503886481912,
            "trainScoreMean": 0.9922487468006107,
            "trainScoreStd": 0.003712676282746666,
            "time": 4283,
            "fitTimeMean": 818.2,
            "fitTimeStd": 323.2827864269918,
            "scoreTimeMean": 38.4,
            "scoreTimeStd": 29.213695418416346,
            "best_iteration": 7,
            "parameters": {
                "booster": "dart",
                "colsample_bylevel": 1.0,
                "colsample_bytree": 0.1,
                "gamma": 0.5,
                "learning_rate": 0.4,
                "max_delta_step": 0.0,
                "max_depth": 50,
                "min_child_weight": 1.0,
                "reg_alpha": 0.0,
                "reg_lambda": 1.0,
                "subsample": 1.0
            }
        },
        {
            "finishedAt": 1626105121622,
            "score": 0.979516934491816,
            "testScoreGibMean": 0.979516934491816,
            "testScoreMean": 0.979516934491816,
            "testScoreStd": 0.003895441289033047,
            "trainScoreMean": 0.9968777914956591,
            "trainScoreStd": 0.0011141634609369469,
            "time": 6815,
            "fitTimeMean": 1294.4,
            "fitTimeStd": 336.99709197558366,
            "scoreTimeMean": 68.6,
            "scoreTimeStd": 50.898330031544255,
            "best_iteration": 19,
            "parameters": {
                "booster": "dart",
                "colsample_bylevel": 1.0,
                "colsample_bytree": 0.6,
                "gamma": 0.0,
                "learning_rate": 0.4,
                "max_delta_step": 0.0,
                "max_depth": 100,
                "min_child_weight": 10.0,
                "reg_alpha": 0.0,
                "reg_lambda": 1.0,
                "subsample": 1.0
            }
        },
        {
            "finishedAt": 1626105121625,
            "score": 0.9341152373258373,
            "testScoreGibMean": 0.9341152373258373,
            "testScoreMean": 0.9341152373258373,
            "testScoreStd": 0.008250006738079345,
            "trainScoreMean": 0.9604244568739083,
            "trainScoreStd": 0.007533944146109993,
            "time": 3131,
            "fitTimeMean": 582.2,
            "fitTimeStd": 215.79564407095893,
            "scoreTimeMean": 44.0,
            "scoreTimeStd": 43.698970239583446,
            "best_iteration": 7,
            "parameters": {
                "booster": "dart",
                "colsample_bylevel": 1.0,
                "colsample_bytree": 0.1,
                "gamma": 0.5,
                "learning_rate": 0.25,
                "max_delta_step": 0.0,
                "max_depth": 100,
                "min_child_weight": 10.0,
                "reg_alpha": 0.0,
                "reg_lambda": 1.0,
                "subsample": 1.0
            }
        },
        {
            "finishedAt": 1626105121746,
            "score": 0.9643593548005219,
            "testScoreGibMean": 0.9643593548005219,
            "testScoreMean": 0.9643593548005219,
            "testScoreStd": 0.007858612518497761,
            "trainScoreMean": 0.9893135792021397,
            "trainScoreStd": 0.0043051764043756996,
            "time": 6178,
            "fitTimeMean": 1146.0,
            "fitTimeStd": 324.1012187573506,
            "scoreTimeMean": 89.6,
            "scoreTimeStd": 53.53354088793306,
            "best_iteration": 52,
            "parameters": {
                "booster": "gbtree",
                "colsample_bylevel": 1.0,
                "colsample_bytree": 0.1,
                "gamma": 0.0,
                "learning_rate": 0.4,
                "max_delta_step": 0.0,
                "max_depth": 50,
                "min_child_weight": 10.0,
                "reg_alpha": 0.0,
                "reg_lambda": 1.0,
                "subsample": 1.0
            }
        },
        {
            "finishedAt": 1626105122541,
            "score": 0.9816941891757979,
            "testScoreGibMean": 0.9816941891757979,
            "testScoreMean": 0.9816941891757979,
            "testScoreStd": 0.003996498909043915,
            "trainScoreMean": 0.9999989921033992,
            "trainScoreStd": 2.015125314745538e-06,
            "time": 13589,
            "fitTimeMean": 2640.4,
            "fitTimeStd": 593.0796236594207,
            "scoreTimeMean": 77.4,
            "scoreTimeStd": 44.06177481672748,
            "best_iteration": 34,
            "parameters": {
                "booster": "gbtree",
                "colsample_bylevel": 1.0,
                "colsample_bytree": 0.6,
                "gamma": 0.5,
                "learning_rate": 0.25,
                "max_delta_step": 0.0,
                "max_depth": 50,
                "min_child_weight": 1.0,
                "reg_alpha": 0.0,
                "reg_lambda": 1.0,
                "subsample": 1.0
            }
        },
        {
            "finishedAt": 1626105123058,
            "score": 0.9156691408509104,
            "testScoreGibMean": 0.9156691408509104,
            "testScoreMean": 0.9156691408509104,
            "testScoreStd": 0.0093967490876025,
            "trainScoreMean": 0.9937545628336155,
            "trainScoreStd": 0.0030089392430323633,
            "time": 4117,
            "fitTimeMean": 797.2,
            "fitTimeStd": 296.63674755498516,
            "scoreTimeMean": 26.2,
            "scoreTimeStd": 7.467261881037788,
            "best_iteration": 7,
            "parameters": {
                "booster": "dart",
                "colsample_bylevel": 1.0,
                "colsample_bytree": 0.1,
                "gamma": 0.0,
                "learning_rate": 0.4,
                "max_delta_step": 0.0,
                "max_depth": 100,
                "min_child_weight": 1.0,
                "reg_alpha": 0.0,
                "reg_lambda": 1.0,
                "subsample": 1.0
            }
        },
        {
            "finishedAt": 1626105124283,
            "score": 0.9814370148203524,
            "testScoreGibMean": 0.9814370148203524,
            "testScoreMean": 0.9814370148203524,
            "testScoreStd": 0.0029307049303526895,
            "trainScoreMean": 1.0,
            "trainScoreStd": 0.0,
            "time": 11573,
            "fitTimeMean": 2269.0,
            "fitTimeStd": 309.7114786377799,
            "scoreTimeMean": 45.6,
            "scoreTimeStd": 15.134067529914091,
            "best_iteration": 36,
            "parameters": {
                "booster": "gbtree",
                "colsample_bylevel": 1.0,
                "colsample_bytree": 0.6,
                "gamma": 0.5,
                "learning_rate": 0.4,
                "max_delta_step": 0.0,
                "max_depth": 100,
                "min_child_weight": 1.0,
                "reg_alpha": 0.0,
                "reg_lambda": 1.0,
                "subsample": 1.0
            }
        },
        {
            "finishedAt": 1626105125284,
            "score": 0.9200071956693403,
            "testScoreGibMean": 0.9200071956693403,
            "testScoreMean": 0.9200071956693403,
            "testScoreStd": 0.009042633275250055,
            "trainScoreMean": 0.9899397104901377,
            "trainScoreStd": 0.004212395054221052,
            "time": 4605,
            "fitTimeMean": 885.6,
            "fitTimeStd": 276.3740942997371,
            "scoreTimeMean": 35.4,
            "scoreTimeStd": 12.658593918757328,
            "best_iteration": 7,
            "parameters": {
                "booster": "dart",
                "colsample_bylevel": 1.0,
                "colsample_bytree": 0.1,
                "gamma": 0.5,
                "learning_rate": 0.25,
                "max_delta_step": 0.0,
                "max_depth": 50,
                "min_child_weight": 1.0,
                "reg_alpha": 0.0,
                "reg_lambda": 1.0,
                "subsample": 1.0
            }
        },
        {
            "finishedAt": 1626105125391,
            "score": 0.9835356862546243,
            "testScoreGibMean": 0.9835356862546243,
            "testScoreMean": 0.9835356862546243,
            "testScoreStd": 0.003307808293439467,
            "trainScoreMean": 1.0,
            "trainScoreStd": 0.0,
            "time": 15237,
            "fitTimeMean": 3011.8,
            "fitTimeStd": 841.4362483278219,
            "scoreTimeMean": 35.6,
            "scoreTimeStd": 3.8781438859330635,
            "best_iteration": 37,
            "parameters": {
                "booster": "dart",
                "colsample_bylevel": 1.0,
                "colsample_bytree": 0.6,
                "gamma": 0.5,
                "learning_rate": 0.4,
                "max_delta_step": 0.0,
                "max_depth": 50,
                "min_child_weight": 1.0,
                "reg_alpha": 0.0,
                "reg_lambda": 1.0,
                "subsample": 1.0
            }
        },
        {
            "finishedAt": 1626105125861,
            "score": 0.9477871670326373,
            "testScoreGibMean": 0.9477871670326373,
            "testScoreMean": 0.9477871670326373,
            "testScoreStd": 0.015950487070324898,
            "trainScoreMean": 0.999723741293194,
            "trainScoreStd": 0.00027570922420584216,
            "time": 7226,
            "fitTimeMean": 1412.2,
            "fitTimeStd": 481.5883719526459,
            "scoreTimeMean": 33.0,
            "scoreTimeStd": 10.488088481701515,
            "best_iteration": 23,
            "parameters": {
                "booster": "gbtree",
                "colsample_bylevel": 1.0,
                "colsample_bytree": 0.1,
                "gamma": 0.0,
                "learning_rate": 0.4,
                "max_delta_step": 0.0,
                "max_depth": 25,
                "min_child_weight": 1.0,
                "reg_alpha": 0.0,
                "reg_lambda": 1.0,
                "subsample": 1.0
            }
        },
        {
            "finishedAt": 1626105126710,
            "score": 0.9345257250077872,
            "testScoreGibMean": 0.9345257250077872,
            "testScoreMean": 0.9345257250077872,
            "testScoreStd": 0.008109680335310041,
            "trainScoreMean": 0.961538438822923,
            "trainScoreStd": 0.0071479178624440564,
            "time": 3140,
            "fitTimeMean": 601.4,
            "fitTimeStd": 226.90403257765166,
            "scoreTimeMean": 26.6,
            "scoreTimeStd": 5.4626001134990645,
            "best_iteration": 7,
            "parameters": {
                "booster": "dart",
                "colsample_bylevel": 1.0,
                "colsample_bytree": 0.1,
                "gamma": 0.0,
                "learning_rate": 0.25,
                "max_delta_step": 0.0,
                "max_depth": 100,
                "min_child_weight": 10.0,
                "reg_alpha": 0.0,
                "reg_lambda": 1.0,
                "subsample": 1.0
            }
        },
        {
            "finishedAt": 1626105127401,
            "score": 0.9831923284298667,
            "testScoreGibMean": 0.9831923284298667,
            "testScoreMean": 0.9831923284298667,
            "testScoreStd": 0.003270143035586623,
            "trainScoreMean": 0.9999997845069379,
            "trainScoreStd": 4.310813801926676e-07,
            "time": 18892,
            "fitTimeMean": 3732.8,
            "fitTimeStd": 839.020476508172,
            "scoreTimeMean": 45.6,
            "scoreTimeStd": 10.461357464497617,
            "best_iteration": 35,
            "parameters": {
                "booster": "dart",
                "colsample_bylevel": 1.0,
                "colsample_bytree": 0.6,
                "gamma": 0.5,
                "learning_rate": 0.25,
                "max_delta_step": 0.0,
                "max_depth": 50,
                "min_child_weight": 1.0,
                "reg_alpha": 0.0,
                "reg_lambda": 1.0,
                "subsample": 1.0
            }
        },
        {
            "finishedAt": 1626105127883,
            "score": 0.980806913028491,
            "testScoreGibMean": 0.980806913028491,
            "testScoreMean": 0.980806913028491,
            "testScoreStd": 0.002495941203458288,
            "trainScoreMean": 0.9966349951860062,
            "trainScoreStd": 0.0012100165385230826,
            "time": 10931,
            "fitTimeMean": 2121.0,
            "fitTimeStd": 702.7417733421004,
            "scoreTimeMean": 65.2,
            "scoreTimeStd": 49.51525017608212,
            "best_iteration": 31,
            "parameters": {
                "booster": "dart",
                "colsample_bylevel": 1.0,
                "colsample_bytree": 0.6,
                "gamma": 0.5,
                "learning_rate": 0.25,
                "max_delta_step": 0.0,
                "max_depth": 25,
                "min_child_weight": 10.0,
                "reg_alpha": 0.0,
                "reg_lambda": 1.0,
                "subsample": 1.0
            }
        },
        {
            "finishedAt": 1626105128526,
            "score": 0.9429395729420037,
            "testScoreGibMean": 0.9429395729420037,
            "testScoreMean": 0.9429395729420037,
            "testScoreStd": 0.013271491524962114,
            "trainScoreMean": 0.9984566055892705,
            "trainScoreStd": 0.0007531272471764111,
            "time": 7828,
            "fitTimeMean": 1468.8,
            "fitTimeStd": 332.9530897889371,
            "scoreTimeMean": 96.8,
            "scoreTimeStd": 82.87436274264799,
            "best_iteration": 23,
            "parameters": {
                "booster": "gbtree",
                "colsample_bylevel": 1.0,
                "colsample_bytree": 0.1,
                "gamma": 0.0,
                "learning_rate": 0.25,
                "max_delta_step": 0.0,
                "max_depth": 100,
                "min_child_weight": 1.0,
                "reg_alpha": 0.0,
                "reg_lambda": 1.0,
                "subsample": 1.0
            }
        },
        {
            "finishedAt": 1626105128984,
            "score": 0.9385852388119023,
            "testScoreGibMean": 0.9385852388119023,
            "testScoreMean": 0.9385852388119023,
            "testScoreStd": 0.015211231539279158,
            "trainScoreMean": 0.9689095201768302,
            "trainScoreStd": 0.011767615400075435,
            "time": 5018,
            "fitTimeMean": 909.8,
            "fitTimeStd": 427.5864357062792,
            "scoreTimeMean": 93.8,
            "scoreTimeStd": 81.4798134509401,
            "best_iteration": 7,
            "parameters": {
                "booster": "dart",
                "colsample_bylevel": 1.0,
                "colsample_bytree": 0.1,
                "gamma": 0.5,
                "learning_rate": 0.4,
                "max_delta_step": 0.0,
                "max_depth": 100,
                "min_child_weight": 10.0,
                "reg_alpha": 0.0,
                "reg_lambda": 1.0,
                "subsample": 1.0
            }
        },
        {
            "finishedAt": 1626105129242,
            "score": 0.9816941891757979,
            "testScoreGibMean": 0.9816941891757979,
            "testScoreMean": 0.9816941891757979,
            "testScoreStd": 0.003996498909043915,
            "trainScoreMean": 0.9999989921033992,
            "trainScoreStd": 2.015125314745538e-06,
            "time": 15653,
            "fitTimeMean": 3040.4,
            "fitTimeStd": 783.0419145869523,
            "scoreTimeMean": 90.2,
            "scoreTimeStd": 33.38502658378453,
            "best_iteration": 34,
            "parameters": {
                "booster": "gbtree",
                "colsample_bylevel": 1.0,
                "colsample_bytree": 0.6,
                "gamma": 0.5,
                "learning_rate": 0.25,
                "max_delta_step": 0.0,
                "max_depth": 25,
                "min_child_weight": 1.0,
                "reg_alpha": 0.0,
                "reg_lambda": 1.0,
                "subsample": 1.0
            }
        },
        {
            "finishedAt": 1626105129449,
            "score": 0.9200071956693403,
            "testScoreGibMean": 0.9200071956693403,
            "testScoreMean": 0.9200071956693403,
            "testScoreStd": 0.009042633275250055,
            "trainScoreMean": 0.9899397104901377,
            "trainScoreStd": 0.004212395054221052,
            "time": 4951,
            "fitTimeMean": 931.2,
            "fitTimeStd": 342.2253059024128,
            "scoreTimeMean": 59.0,
            "scoreTimeStd": 31.56580428248265,
            "best_iteration": 7,
            "parameters": {
                "booster": "dart",
                "colsample_bylevel": 1.0,
                "colsample_bytree": 0.1,
                "gamma": 0.5,
                "learning_rate": 0.25,
                "max_delta_step": 0.0,
                "max_depth": 100,
                "min_child_weight": 1.0,
                "reg_alpha": 0.0,
                "reg_lambda": 1.0,
                "subsample": 1.0
            }
        },
        {
            "finishedAt": 1626105129934,
            "score": 0.9789142179852801,
            "testScoreGibMean": 0.9789142179852801,
            "testScoreMean": 0.9789142179852801,
            "testScoreStd": 0.0027556180959835727,
            "trainScoreMean": 0.9963003561364476,
            "trainScoreStd": 0.0013675120863323356,
            "time": 8454,
            "fitTimeMean": 1621.4,
            "fitTimeStd": 379.3481777997622,
            "scoreTimeMean": 69.4,
            "scoreTimeStd": 32.696177146571735,
            "best_iteration": 29,
            "parameters": {
                "booster": "gbtree",
                "colsample_bylevel": 1.0,
                "colsample_bytree": 0.6,
                "gamma": 0.5,
                "learning_rate": 0.25,
                "max_delta_step": 0.0,
                "max_depth": 50,
                "min_child_weight": 10.0,
                "reg_alpha": 0.0,
                "reg_lambda": 1.0,
                "subsample": 1.0
            }
        },
        {
            "finishedAt": 1626105130190,
            "score": 0.9780906435587942,
            "testScoreGibMean": 0.9780906435587942,
            "testScoreMean": 0.9780906435587942,
            "testScoreStd": 0.0030756193590487685,
            "trainScoreMean": 0.9959465566185037,
            "trainScoreStd": 0.0012331103199308573,
            "time": 7373,
            "fitTimeMean": 1403.2,
            "fitTimeStd": 218.37435746900323,
            "scoreTimeMean": 71.4,
            "scoreTimeStd": 35.83071308249391,
            "best_iteration": 31,
            "parameters": {
                "booster": "gbtree",
                "colsample_bylevel": 1.0,
                "colsample_bytree": 0.6,
                "gamma": 0.0,
                "learning_rate": 0.25,
                "max_delta_step": 0.0,
                "max_depth": 100,
                "min_child_weight": 10.0,
                "reg_alpha": 0.0,
                "reg_lambda": 1.0,
                "subsample": 1.0
            }
        },
        {
            "finishedAt": 1626105131408,
            "score": 0.9789142179852801,
            "testScoreGibMean": 0.9789142179852801,
            "testScoreMean": 0.9789142179852801,
            "testScoreStd": 0.0027556180959835727,
            "trainScoreMean": 0.9963003561364476,
            "trainScoreStd": 0.0013675120863323356,
            "time": 7673,
            "fitTimeMean": 1504.8,
            "fitTimeStd": 351.11787194615994,
            "scoreTimeMean": 29.8,
            "scoreTimeStd": 7.730459236035076,
            "best_iteration": 29,
            "parameters": {
                "booster": "gbtree",
                "colsample_bylevel": 1.0,
                "colsample_bytree": 0.6,
                "gamma": 0.5,
                "learning_rate": 0.25,
                "max_delta_step": 0.0,
                "max_depth": 25,
                "min_child_weight": 10.0,
                "reg_alpha": 0.0,
                "reg_lambda": 1.0,
                "subsample": 1.0
            }
        },
        {
            "finishedAt": 1626105131651,
            "score": 0.9374619437788166,
            "testScoreGibMean": 0.9374619437788166,
            "testScoreMean": 0.9374619437788166,
            "testScoreStd": 0.015230700958431488,
            "trainScoreMean": 0.9697930360907823,
            "trainScoreStd": 0.011942046536671263,
            "time": 4372,
            "fitTimeMean": 834.6,
            "fitTimeStd": 437.1592844719188,
            "scoreTimeMean": 39.8,
            "scoreTimeStd": 14.274452704044382,
            "best_iteration": 7,
            "parameters": {
                "booster": "dart",
                "colsample_bylevel": 1.0,
                "colsample_bytree": 0.1,
                "gamma": 0.0,
                "learning_rate": 0.4,
                "max_delta_step": 0.0,
                "max_depth": 100,
                "min_child_weight": 10.0,
                "reg_alpha": 0.0,
                "reg_lambda": 1.0,
                "subsample": 1.0
            }
        },
        {
            "finishedAt": 1626105132514,
            "score": 0.9780906435587942,
            "testScoreGibMean": 0.9780906435587942,
            "testScoreMean": 0.9780906435587942,
            "testScoreStd": 0.0030756193590487685,
            "trainScoreMean": 0.9959465566185037,
            "trainScoreStd": 0.0012331103199308573,
            "time": 6479,
            "fitTimeMean": 1264.0,
            "fitTimeStd": 224.6526207280921,
            "scoreTimeMean": 31.8,
            "scoreTimeStd": 12.351518125315609,
            "best_iteration": 31,
            "parameters": {
                "booster": "gbtree",
                "colsample_bylevel": 1.0,
                "colsample_bytree": 0.6,
                "gamma": 0.0,
                "learning_rate": 0.25,
                "max_delta_step": 0.0,
                "max_depth": 25,
                "min_child_weight": 10.0,
                "reg_alpha": 0.0,
                "reg_lambda": 1.0,
                "subsample": 1.0
            }
        },
        {
            "finishedAt": 1626105132753,
            "score": 0.9816941891757979,
            "testScoreGibMean": 0.9816941891757979,
            "testScoreMean": 0.9816941891757979,
            "testScoreStd": 0.003996498909043915,
            "trainScoreMean": 0.9999989921033992,
            "trainScoreStd": 2.015125314745538e-06,
            "time": 15134,
            "fitTimeMean": 2984.2,
            "fitTimeStd": 653.3135235091953,
            "scoreTimeMean": 42.6,
            "scoreTimeStd": 23.508296407864183,
            "best_iteration": 34,
            "parameters": {
                "booster": "gbtree",
                "colsample_bylevel": 1.0,
                "colsample_bytree": 0.6,
                "gamma": 0.5,
                "learning_rate": 0.25,
                "max_delta_step": 0.0,
                "max_depth": 100,
                "min_child_weight": 1.0,
                "reg_alpha": 0.0,
                "reg_lambda": 1.0,
                "subsample": 1.0
            }
        },
        {
            "finishedAt": 1626105132842,
            "score": 0.9803990630850602,
            "testScoreGibMean": 0.9803990630850602,
            "testScoreMean": 0.9803990630850602,
            "testScoreStd": 0.002138130068270901,
            "trainScoreMean": 0.9968915208380753,
            "trainScoreStd": 0.000829723840082972,
            "time": 10381,
            "fitTimeMean": 2047.8,
            "fitTimeStd": 305.46842717374244,
            "scoreTimeMean": 28.4,
            "scoreTimeStd": 13.169662106523463,
            "best_iteration": 34,
            "parameters": {
                "booster": "dart",
                "colsample_bylevel": 1.0,
                "colsample_bytree": 0.6,
                "gamma": 0.0,
                "learning_rate": 0.25,
                "max_delta_step": 0.0,
                "max_depth": 25,
                "min_child_weight": 10.0,
                "reg_alpha": 0.0,
                "reg_lambda": 1.0,
                "subsample": 1.0
            }
        },
        {
            "finishedAt": 1626105132994,
            "score": 0.9780906435587942,
            "testScoreGibMean": 0.9780906435587942,
            "testScoreMean": 0.9780906435587942,
            "testScoreStd": 0.0030756193590487685,
            "trainScoreMean": 0.9959465566185037,
            "trainScoreStd": 0.0012331103199308573,
            "time": 5935,
            "fitTimeMean": 1174.2,
            "fitTimeStd": 232.65975156868026,
            "scoreTimeMean": 12.8,
            "scoreTimeStd": 3.655133376499413,
            "best_iteration": 31,
            "parameters": {
                "booster": "gbtree",
                "colsample_bylevel": 1.0,
                "colsample_bytree": 0.6,
                "gamma": 0.0,
                "learning_rate": 0.25,
                "max_delta_step": 0.0,
                "max_depth": 50,
                "min_child_weight": 10.0,
                "reg_alpha": 0.0,
                "reg_lambda": 1.0,
                "subsample": 1.0
            }
        }
    ]
}