{
    "modelInputNRows": 5657,
    "modelInputNCols": 31,
    "modelInputIsSparse": false,
    "modelInputMemory": 1402936,
    "usedGridSearch": true,
    "gridSize": 96,
    "gridBestScore": 0.9835356862546243,
    "gridCells": [
        {
            "params": {
                "booster": "dart",
                "colsample_bylevel": 1.0,
                "colsample_bytree": 0.6,
                "gamma": 0.5,
                "learning_rate": 0.4,
                "max_delta_step": 0.0,
                "max_depth": 25,
                "min_child_weight": 10.0,
                "reg_alpha": 0.0,
                "reg_lambda": 1.0,
                "subsample": 1.0
            },
            "score": 0.9801939581651133,
            "scoreStd": 0.004004075181561699,
            "fitTime": 1.4564000000000001,
            "fitTimeStd": 0.6193433942491031,
            "scoreTime": 0.0258,
            "scoreTimeStd": 0.00620966987850401
        },
        {
            "params": {
                "booster": "dart",
                "colsample_bylevel": 1.0,
                "colsample_bytree": 0.6,
                "gamma": 0.0,
                "learning_rate": 0.4,
                "max_delta_step": 0.0,
                "max_depth": 100,
                "min_child_weight": 1.0,
                "reg_alpha": 0.0,
                "reg_lambda": 1.0,
                "subsample": 1.0
            },
            "score": 0.9827452326480376,
            "scoreStd": 0.00340967377152599,
            "fitTime": 3.0504000000000002,
            "fitTimeStd": 0.5623598847713092,
            "scoreTime": 0.0518,
            "scoreTimeStd": 0.016951696080333672
        },
        {
            "params": {
                "booster": "dart",
                "colsample_bylevel": 1.0,
                "colsample_bytree": 0.6,
                "gamma": 0.0,
                "learning_rate": 0.4,
                "max_delta_step": 0.0,
                "max_depth": 25,
                "min_child_weight": 10.0,
                "reg_alpha": 0.0,
                "reg_lambda": 1.0,
                "subsample": 1.0
            },
            "score": 0.979516934491816,
            "scoreStd": 0.003895441289033047,
            "fitTime": 1.4908,
            "fitTimeStd": 0.3151846442960063,
            "scoreTime": 0.0354,
            "scoreTimeStd": 0.01195993311018084
        },
        {
            "params": {
                "booster": "dart",
                "colsample_bylevel": 1.0,
                "colsample_bytree": 0.6,
                "gamma": 0.0,
                "learning_rate": 0.4,
                "max_delta_step": 0.0,
                "max_depth": 50,
                "min_child_weight": 10.0,
                "reg_alpha": 0.0,
                "reg_lambda": 1.0,
                "subsample": 1.0
            },
            "score": 0.979516934491816,
            "scoreStd": 0.003895441289033047,
            "fitTime": 1.4536,
            "fitTimeStd": 0.32362484453453205,
            "scoreTime": 0.0346,
            "scoreTimeStd": 0.012240914998479483
        },
        {
            "params": {
                "booster": "gbtree",
                "colsample_bylevel": 1.0,
                "colsample_bytree": 0.6,
                "gamma": 0.0,
                "learning_rate": 0.25,
                "max_delta_step": 0.0,
                "max_depth": 50,
                "min_child_weight": 1.0,
                "reg_alpha": 0.0,
                "reg_lambda": 1.0,
                "subsample": 1.0
            },
            "score": 0.982043923412621,
            "scoreStd": 0.0039349364164139615,
            "fitTime": 2.5718,
            "fitTimeStd": 0.5362474801805599,
            "scoreTime": 0.0638,
            "scoreTimeStd": 0.0316379518932563
        },
        {
            "params": {
                "booster": "dart",
                "colsample_bylevel": 1.0,
                "colsample_bytree": 0.6,
                "gamma": 0.5,
                "learning_rate": 0.25,
                "max_delta_step": 0.0,
                "max_depth": 50,
                "min_child_weight": 10.0,
                "reg_alpha": 0.0,
                "reg_lambda": 1.0,
                "subsample": 1.0
            },
            "score": 0.980806913028491,
            "scoreStd": 0.002495941203458288,
            "fitTime": 2.0088,
            "fitTimeStd": 0.5865838047542739,
            "scoreTime": 0.0368,
            "scoreTimeStd": 0.0057758116312774605
        },
        {
            "params": {
                "booster": "dart",
                "colsample_bylevel": 1.0,
                "colsample_bytree": 0.6,
                "gamma": 0.0,
                "learning_rate": 0.25,
                "max_delta_step": 0.0,
                "max_depth": 50,
                "min_child_weight": 10.0,
                "reg_alpha": 0.0,
                "reg_lambda": 1.0,
                "subsample": 1.0
            },
            "score": 0.9803990630850602,
            "scoreStd": 0.002138130068270901,
            "fitTime": 1.8894000000000002,
            "fitTimeStd": 0.3140920884072058,
            "scoreTime": 0.0458,
            "scoreTimeStd": 0.029464554977124635
        },
        {
            "params": {
                "booster": "gbtree",
                "colsample_bylevel": 1.0,
                "colsample_bytree": 0.1,
                "gamma": 0.5,
                "learning_rate": 0.25,
                "max_delta_step": 0.0,
                "max_depth": 25,
                "min_child_weight": 1.0,
                "reg_alpha": 0.0,
                "reg_lambda": 1.0,
                "subsample": 1.0
            },
            "score": 0.9452463416970366,
            "scoreStd": 0.01336415192575315,
            "fitTime": 1.116,
            "fitTimeStd": 0.314961584959182,
            "scoreTime": 0.056,
            "scoreTimeStd": 0.04591731699478967
        },
        {
            "params": {
                "booster": "gbtree",
                "colsample_bylevel": 1.0,
                "colsample_bytree": 0.1,
                "gamma": 0.5,
                "learning_rate": 0.4,
                "max_delta_step": 0.0,
                "max_depth": 50,
                "min_child_weight": 10.0,
                "reg_alpha": 0.0,
                "reg_lambda": 1.0,
                "subsample": 1.0
            },
            "score": 0.9633742160488676,
            "scoreStd": 0.007130417384587526,
            "fitTime": 0.9478,
            "fitTimeStd": 0.20855445332094924,
            "scoreTime": 0.0308,
            "scoreTimeStd": 0.010087616170334792
        },
        {
            "params": {
                "booster": "gbtree",
                "colsample_bylevel": 1.0,
                "colsample_bytree": 0.6,
                "gamma": 0.0,
                "learning_rate": 0.4,
                "max_delta_step": 0.0,
                "max_depth": 50,
                "min_child_weight": 1.0,
                "reg_alpha": 0.0,
                "reg_lambda": 1.0,
                "subsample": 1.0
            },
            "score": 0.9799552966897105,
            "scoreStd": 0.004273308128528033,
            "fitTime": 1.4092,
            "fitTimeStd": 0.3649215806169868,
            "scoreTime": 0.0344,
            "scoreTimeStd": 0.006183849933496122
        },
        {
            "params": {
                "booster": "dart",
                "colsample_bylevel": 1.0,
                "colsample_bytree": 0.6,
                "gamma": 0.5,
                "learning_rate": 0.25,
                "max_delta_step": 0.0,
                "max_depth": 25,
                "min_child_weight": 1.0,
                "reg_alpha": 0.0,
                "reg_lambda": 1.0,
                "subsample": 1.0
            },
            "score": 0.9831923284298667,
            "scoreStd": 0.003270143035586623,
            "fitTime": 3.3396,
            "fitTimeStd": 0.645127770290506,
            "scoreTime": 0.0536,
            "scoreTimeStd": 0.02621907702418222
        },
        {
            "params": {
                "booster": "gbtree",
                "colsample_bylevel": 1.0,
                "colsample_bytree": 0.6,
                "gamma": 0.5,
                "learning_rate": 0.25,
                "max_delta_step": 0.0,
                "max_depth": 100,
                "min_child_weight": 10.0,
                "reg_alpha": 0.0,
                "reg_lambda": 1.0,
                "subsample": 1.0
            },
            "score": 0.9789142179852801,
            "scoreStd": 0.0027556180959835727,
            "fitTime": 1.1405999999999998,
            "fitTimeStd": 0.26841058101349136,
            "scoreTime": 0.0288,
            "scoreTimeStd": 0.005528109984434102
        },
        {
            "params": {
                "booster": "gbtree",
                "colsample_bylevel": 1.0,
                "colsample_bytree": 0.6,
                "gamma": 0.0,
                "learning_rate": 0.25,
                "max_delta_step": 0.0,
                "max_depth": 25,
                "min_child_weight": 1.0,
                "reg_alpha": 0.0,
                "reg_lambda": 1.0,
                "subsample": 1.0
            },
            "score": 0.982043923412621,
            "scoreStd": 0.0039349364164139615,
            "fitTime": 2.245,
            "fitTimeStd": 0.4839657012640462,
            "scoreTime": 0.0504,
            "scoreTimeStd": 0.033115555257310726
        },
        {
            "params": {
                "booster": "dart",
                "colsample_bylevel": 1.0,
                "colsample_bytree": 0.1,
                "gamma": 0.5,
                "learning_rate": 0.25,
                "max_delta_step": 0.0,
                "max_depth": 25,
                "min_child_weight": 10.0,
                "reg_alpha": 0.0,
                "reg_lambda": 1.0,
                "subsample": 1.0
            },
            "score": 0.9341152373258373,
            "scoreStd": 0.008250006738079345,
            "fitTime": 0.5548,
            "fitTimeStd": 0.18536385839747724,
            "scoreTime": 0.026,
            "scoreTimeStd": 0.005138093031466052
        },
        {
            "params": {
                "booster": "gbtree",
                "colsample_bylevel": 1.0,
                "colsample_bytree": 0.1,
                "gamma": 0.0,
                "learning_rate": 0.4,
                "max_delta_step": 0.0,
                "max_depth": 50,
                "min_child_weight": 1.0,
                "reg_alpha": 0.0,
                "reg_lambda": 1.0,
                "subsample": 1.0
            },
            "score": 0.9475393931883872,
            "scoreStd": 0.01650799150719472,
            "fitTime": 1.298,
            "fitTimeStd": 0.44262173466742455,
            "scoreTime": 0.069,
            "scoreTimeStd": 0.03573793502708292
        },
        {
            "params": {
                "booster": "dart",
                "colsample_bylevel": 1.0,
                "colsample_bytree": 0.6,
                "gamma": 0.0,
                "learning_rate": 0.25,
                "max_delta_step": 0.0,
                "max_depth": 100,
                "min_child_weight": 1.0,
                "reg_alpha": 0.0,
                "reg_lambda": 1.0,
                "subsample": 1.0
            },
            "score": 0.9810650455768601,
            "scoreStd": 0.0028163860342700514,
            "fitTime": 2.4215999999999998,
            "fitTimeStd": 0.5500103999016746,
            "scoreTime": 0.0458,
            "scoreTimeStd": 0.01830191246837335
        },
        {
            "params": {
                "booster": "dart",
                "colsample_bylevel": 1.0,
                "colsample_bytree": 0.1,
                "gamma": 0.5,
                "learning_rate": 0.4,
                "max_delta_step": 0.0,
                "max_depth": 25,
                "min_child_weight": 10.0,
                "reg_alpha": 0.0,
                "reg_lambda": 1.0,
                "subsample": 1.0
            },
            "score": 0.9385852388119023,
            "scoreStd": 0.015211231539279158,
            "fitTime": 0.7248,
            "fitTimeStd": 0.32227032131426564,
            "scoreTime": 0.054,
            "scoreTimeStd": 0.027327641683833604
        },
        {
            "params": {
                "booster": "gbtree",
                "colsample_bylevel": 1.0,
                "colsample_bytree": 0.1,
                "gamma": 0.5,
                "learning_rate": 0.25,
                "max_delta_step": 0.0,
                "max_depth": 50,
                "min_child_weight": 1.0,
                "reg_alpha": 0.0,
                "reg_lambda": 1.0,
                "subsample": 1.0
            },
            "score": 0.9450147019635748,
            "scoreStd": 0.013402886123818158,
            "fitTime": 1.0856,
            "fitTimeStd": 0.3884145208408151,
            "scoreTime": 0.045,
            "scoreTimeStd": 0.028565713714171402
        },
        {
            "params": {
                "booster": "gbtree",
                "colsample_bylevel": 1.0,
                "colsample_bytree": 0.1,
                "gamma": 0.0,
                "learning_rate": 0.25,
                "max_delta_step": 0.0,
                "max_depth": 25,
                "min_child_weight": 1.0,
                "reg_alpha": 0.0,
                "reg_lambda": 1.0,
                "subsample": 1.0
            },
            "score": 0.9467783388731543,
            "scoreStd": 0.013753292454081124,
            "fitTime": 1.2046,
            "fitTimeStd": 0.37607903424679234,
            "scoreTime": 0.036,
            "scoreTimeStd": 0.009549869109050658
        },
        {
            "params": {
                "booster": "gbtree",
                "colsample_bylevel": 1.0,
                "colsample_bytree": 0.6,
                "gamma": 0.5,
                "learning_rate": 0.4,
                "max_delta_step": 0.0,
                "max_depth": 50,
                "min_child_weight": 1.0,
                "reg_alpha": 0.0,
                "reg_lambda": 1.0,
                "subsample": 1.0
            },
            "score": 0.9814370148203524,
            "scoreStd": 0.0029307049303526895,
            "fitTime": 2.166,
            "fitTimeStd": 0.42723997940267716,
            "scoreTime": 0.0352,
            "scoreTimeStd": 0.006764613810115105
        },
        {
            "params": {
                "booster": "dart",
                "colsample_bylevel": 1.0,
                "colsample_bytree": 0.6,
                "gamma": 0.5,
                "learning_rate": 0.4,
                "max_delta_step": 0.0,
                "max_depth": 50,
                "min_child_weight": 10.0,
                "reg_alpha": 0.0,
                "reg_lambda": 1.0,
                "subsample": 1.0
            },
            "score": 0.9801939581651133,
            "scoreStd": 0.004004075181561699,
            "fitTime": 1.3942,
            "fitTimeStd": 0.5065030700795405,
            "scoreTime": 0.03,
            "scoreTimeStd": 0.007014271166700073
        },
        {
            "params": {
                "booster": "dart",
                "colsample_bylevel": 1.0,
                "colsample_bytree": 0.6,
                "gamma": 0.0,
                "learning_rate": 0.4,
                "max_delta_step": 0.0,
                "max_depth": 50,
                "min_child_weight": 1.0,
                "reg_alpha": 0.0,
                "reg_lambda": 1.0,
                "subsample": 1.0
            },
            "score": 0.9827452326480376,
            "scoreStd": 0.00340967377152599,
            "fitTime": 3.129,
            "fitTimeStd": 0.625783988289889,
            "scoreTime": 0.0378,
            "scoreTimeStd": 0.01527612516314265
        },
        {
            "params": {
                "booster": "dart",
                "colsample_bylevel": 1.0,
                "colsample_bytree": 0.1,
                "gamma": 0.0,
                "learning_rate": 0.25,
                "max_delta_step": 0.0,
                "max_depth": 50,
                "min_child_weight": 1.0,
                "reg_alpha": 0.0,
                "reg_lambda": 1.0,
                "subsample": 1.0
            },
            "score": 0.9173086331317172,
            "scoreStd": 0.011553032433301271,
            "fitTime": 0.802,
            "fitTimeStd": 0.26464769033566116,
            "scoreTime": 0.0338,
            "scoreTimeStd": 0.012812493902437576
        },
        {
            "params": {
                "booster": "dart",
                "colsample_bylevel": 1.0,
                "colsample_bytree": 0.6,
                "gamma": 0.0,
                "learning_rate": 0.4,
                "max_delta_step": 0.0,
                "max_depth": 25,
                "min_child_weight": 1.0,
                "reg_alpha": 0.0,
                "reg_lambda": 1.0,
                "subsample": 1.0
            },
            "score": 0.9827452326480376,
            "scoreStd": 0.00340967377152599,
            "fitTime": 3.2171999999999996,
            "fitTimeStd": 0.5659778794263959,
            "scoreTime": 0.0466,
            "scoreTimeStd": 0.028555910071296976
        },
        {
            "params": {
                "booster": "gbtree",
                "colsample_bylevel": 1.0,
                "colsample_bytree": 0.6,
                "gamma": 0.0,
                "learning_rate": 0.4,
                "max_delta_step": 0.0,
                "max_depth": 25,
                "min_child_weight": 10.0,
                "reg_alpha": 0.0,
                "reg_lambda": 1.0,
                "subsample": 1.0
            },
            "score": 0.9785414348193989,
            "scoreStd": 0.001934749185254366,
            "fitTime": 0.885,
            "fitTimeStd": 0.17882729098210934,
            "scoreTime": 0.0268,
            "scoreTimeStd": 0.01233531515608742
        },
        {
            "params": {
                "booster": "dart",
                "colsample_bylevel": 1.0,
                "colsample_bytree": 0.1,
                "gamma": 0.0,
                "learning_rate": 0.4,
                "max_delta_step": 0.0,
                "max_depth": 50,
                "min_child_weight": 1.0,
                "reg_alpha": 0.0,
                "reg_lambda": 1.0,
                "subsample": 1.0
            },
            "score": 0.9156691408509104,
            "scoreStd": 0.0093967490876025,
            "fitTime": 0.9234,
            "fitTimeStd": 0.2700219250357275,
            "scoreTime": 0.041,
            "scoreTimeStd": 0.025837956575549857
        },
        {
            "params": {
                "booster": "dart",
                "colsample_bylevel": 1.0,
                "colsample_bytree": 0.6,
                "gamma": 0.5,
                "learning_rate": 0.4,
                "max_delta_step": 0.0,
                "max_depth": 25,
                "min_child_weight": 1.0,
                "reg_alpha": 0.0,
                "reg_lambda": 1.0,
                "subsample": 1.0,
                "n_estimators": 38
            },
            "score": 0.9835356862546243,
            "scoreStd": 0.003307808293439467,
            "fitTime": 3.0634,
            "fitTimeStd": 0.7787861323880904,
            "scoreTime": 0.0648,
            "scoreTimeStd": 0.03556627616155507
        },
        {
            "params": {
                "booster": "dart",
                "colsample_bylevel": 1.0,
                "colsample_bytree": 0.1,
                "gamma": 0.0,
                "learning_rate": 0.25,
                "max_delta_step": 0.0,
                "max_depth": 25,
                "min_child_weight": 10.0,
                "reg_alpha": 0.0,
                "reg_lambda": 1.0,
                "subsample": 1.0
            },
            "score": 0.9345257250077872,
            "scoreStd": 0.008109680335310041,
            "fitTime": 0.6447999999999999,
            "fitTimeStd": 0.18204548882078897,
            "scoreTime": 0.0208,
            "scoreTimeStd": 0.002712931993250107
        },
        {
            "params": {
                "booster": "gbtree",
                "colsample_bylevel": 1.0,
                "colsample_bytree": 0.1,
                "gamma": 0.0,
                "learning_rate": 0.4,
                "max_delta_step": 0.0,
                "max_depth": 100,
                "min_child_weight": 1.0,
                "reg_alpha": 0.0,
                "reg_lambda": 1.0,
                "subsample": 1.0
            },
            "score": 0.9475393931883872,
            "scoreStd": 0.01650799150719472,
            "fitTime": 1.4054,
            "fitTimeStd": 0.39664573614246756,
            "scoreTime": 0.0716,
            "scoreTimeStd": 0.052450357482099204
        },
        {
            "params": {
                "booster": "dart",
                "colsample_bylevel": 1.0,
                "colsample_bytree": 0.1,
                "gamma": 0.5,
                "learning_rate": 0.25,
                "max_delta_step": 0.0,
                "max_depth": 50,
                "min_child_weight": 10.0,
                "reg_alpha": 0.0,
                "reg_lambda": 1.0,
                "subsample": 1.0
            },
            "score": 0.9341152373258373,
            "scoreStd": 0.008250006738079345,
            "fitTime": 0.6337999999999999,
            "fitTimeStd": 0.24032927412198454,
            "scoreTime": 0.032600000000000004,
            "scoreTimeStd": 0.025850338489079788
        },
        {
            "params": {
                "booster": "gbtree",
                "colsample_bylevel": 1.0,
                "colsample_bytree": 0.1,
                "gamma": 0.5,
                "learning_rate": 0.4,
                "max_delta_step": 0.0,
                "max_depth": 50,
                "min_child_weight": 1.0,
                "reg_alpha": 0.0,
                "reg_lambda": 1.0,
                "subsample": 1.0
            },
            "score": 0.9508902534498868,
            "scoreStd": 0.013247052151064122,
            "fitTime": 1.3968,
            "fitTimeStd": 0.46978267315855743,
            "scoreTime": 0.0366,
            "scoreTimeStd": 0.007002856560004639
        },
        {
            "params": {
                "booster": "gbtree",
                "colsample_bylevel": 1.0,
                "colsample_bytree": 0.1,
                "gamma": 0.0,
                "learning_rate": 0.25,
                "max_delta_step": 0.0,
                "max_depth": 25,
                "min_child_weight": 10.0,
                "reg_alpha": 0.0,
                "reg_lambda": 1.0,
                "subsample": 1.0
            },
            "score": 0.9492197635383002,
            "scoreStd": 0.014821759984392288,
            "fitTime": 0.6626000000000001,
            "fitTimeStd": 0.2778586691107549,
            "scoreTime": 0.0412,
            "scoreTimeStd": 0.023103246525109845
        },
        {
            "params": {
                "booster": "dart",
                "colsample_bylevel": 1.0,
                "colsample_bytree": 0.1,
                "gamma": 0.5,
                "learning_rate": 0.4,
                "max_delta_step": 0.0,
                "max_depth": 50,
                "min_child_weight": 10.0,
                "reg_alpha": 0.0,
                "reg_lambda": 1.0,
                "subsample": 1.0
            },
            "score": 0.9385852388119023,
            "scoreStd": 0.015211231539279158,
            "fitTime": 0.7617999999999999,
            "fitTimeStd": 0.3464155885637943,
            "scoreTime": 0.042,
            "scoreTimeStd": 0.017297398648351725
        },
        {
            "params": {
                "booster": "gbtree",
                "colsample_bylevel": 1.0,
                "colsample_bytree": 0.1,
                "gamma": 0.5,
                "learning_rate": 0.4,
                "max_delta_step": 0.0,
                "max_depth": 25,
                "min_child_weight": 10.0,
                "reg_alpha": 0.0,
                "reg_lambda": 1.0,
                "subsample": 1.0
            },
            "score": 0.9633742160488676,
            "scoreStd": 0.007130417384587526,
            "fitTime": 1.0298,
            "fitTimeStd": 0.27909453595511324,
            "scoreTime": 0.0318,
            "scoreTimeStd": 0.011249888888340186
        },
        {
            "params": {
                "booster": "gbtree",
                "colsample_bylevel": 1.0,
                "colsample_bytree": 0.1,
                "gamma": 0.0,
                "learning_rate": 0.4,
                "max_delta_step": 0.0,
                "max_depth": 25,
                "min_child_weight": 10.0,
                "reg_alpha": 0.0,
                "reg_lambda": 1.0,
                "subsample": 1.0
            },
            "score": 0.9643593548005219,
            "scoreStd": 0.007858612518497761,
            "fitTime": 1.0748,
            "fitTimeStd": 0.32381192071942005,
            "scoreTime": 0.0668,
            "scoreTimeStd": 0.042869103093020264
        },
        {
            "params": {
                "booster": "dart",
                "colsample_bylevel": 1.0,
                "colsample_bytree": 0.1,
                "gamma": 0.0,
                "learning_rate": 0.25,
                "max_delta_step": 0.0,
                "max_depth": 25,
                "min_child_weight": 1.0,
                "reg_alpha": 0.0,
                "reg_lambda": 1.0,
                "subsample": 1.0
            },
            "score": 0.9181486885562273,
            "scoreStd": 0.011256609332820354,
            "fitTime": 0.8126,
            "fitTimeStd": 0.24903541916763566,
            "scoreTime": 0.041,
            "scoreTimeStd": 0.017297398648351725
        },
        {
            "params": {
                "booster": "dart",
                "colsample_bylevel": 1.0,
                "colsample_bytree": 0.1,
                "gamma": 0.0,
                "learning_rate": 0.4,
                "max_delta_step": 0.0,
                "max_depth": 25,
                "min_child_weight": 1.0,
                "reg_alpha": 0.0,
                "reg_lambda": 1.0,
                "subsample": 1.0
            },
            "score": 0.9149612323848648,
            "scoreStd": 0.009556814783172166,
            "fitTime": 0.897,
            "fitTimeStd": 0.3106689556424974,
            "scoreTime": 0.0902,
            "scoreTimeStd": 0.050053571301156924
        },
        {
            "params": {
                "booster": "gbtree",
                "colsample_bylevel": 1.0,
                "colsample_bytree": 0.1,
                "gamma": 0.0,
                "learning_rate": 0.25,
                "max_delta_step": 0.0,
                "max_depth": 50,
                "min_child_weight": 10.0,
                "reg_alpha": 0.0,
                "reg_lambda": 1.0,
                "subsample": 1.0
            },
            "score": 0.9492197635383002,
            "scoreStd": 0.014821759984392288,
            "fitTime": 0.8156,
            "fitTimeStd": 0.26606811158047483,
            "scoreTime": 0.05,
            "scoreTimeStd": 0.0464714966404139
        },
        {
            "params": {
                "booster": "dart",
                "colsample_bylevel": 1.0,
                "colsample_bytree": 0.1,
                "gamma": 0.5,
                "learning_rate": 0.4,
                "max_delta_step": 0.0,
                "max_depth": 100,
                "min_child_weight": 1.0,
                "reg_alpha": 0.0,
                "reg_lambda": 1.0,
                "subsample": 1.0
            },
            "score": 0.9207628951620643,
            "scoreStd": 0.01044503886481912,
            "fitTime": 0.8568,
            "fitTimeStd": 0.26756636559926583,
            "scoreTime": 0.034,
            "scoreTimeStd": 0.01209958676980334
        },
        {
            "params": {
                "booster": "dart",
                "colsample_bylevel": 1.0,
                "colsample_bytree": 0.6,
                "gamma": 0.5,
                "learning_rate": 0.25,
                "max_delta_step": 0.0,
                "max_depth": 100,
                "min_child_weight": 1.0,
                "reg_alpha": 0.0,
                "reg_lambda": 1.0,
                "subsample": 1.0
            },
            "score": 0.9831923284298667,
            "scoreStd": 0.003270143035586623,
            "fitTime": 3.7348000000000003,
            "fitTimeStd": 0.9834517578407189,
            "scoreTime": 0.045200000000000004,
            "scoreTimeStd": 0.03391400890487587
        },
        {
            "params": {
                "booster": "gbtree",
                "colsample_bylevel": 1.0,
                "colsample_bytree": 0.1,
                "gamma": 0.0,
                "learning_rate": 0.4,
                "max_delta_step": 0.0,
                "max_depth": 100,
                "min_child_weight": 10.0,
                "reg_alpha": 0.0,
                "reg_lambda": 1.0,
                "subsample": 1.0
            },
            "score": 0.9643593548005219,
            "scoreStd": 0.007858612518497761,
            "fitTime": 1.017,
            "fitTimeStd": 0.2975479793243436,
            "scoreTime": 0.0268,
            "scoreTimeStd": 0.0029257477676655585
        },
        {
            "params": {
                "booster": "gbtree",
                "colsample_bylevel": 1.0,
                "colsample_bytree": 0.6,
                "gamma": 0.5,
                "learning_rate": 0.4,
                "max_delta_step": 0.0,
                "max_depth": 25,
                "min_child_weight": 1.0,
                "reg_alpha": 0.0,
                "reg_lambda": 1.0,
                "subsample": 1.0
            },
            "score": 0.9814370148203524,
            "scoreStd": 0.0029307049303526895,
            "fitTime": 2.3468,
            "fitTimeStd": 0.5305749334448434,
            "scoreTime": 0.0292,
            "scoreTimeStd": 0.006615134163416491
        },
        {
            "params": {
                "booster": "dart",
                "colsample_bylevel": 1.0,
                "colsample_bytree": 0.6,
                "gamma": 0.0,
                "learning_rate": 0.25,
                "max_delta_step": 0.0,
                "max_depth": 25,
                "min_child_weight": 1.0,
                "reg_alpha": 0.0,
                "reg_lambda": 1.0,
                "subsample": 1.0
            },
            "score": 0.9810650455768601,
            "scoreStd": 0.0028163860342700514,
            "fitTime": 2.7542,
            "fitTimeStd": 0.6945457220370737,
            "scoreTime": 0.032600000000000004,
            "scoreTimeStd": 0.009350935782048767
        },
        {
            "params": {
                "booster": "dart",
                "colsample_bylevel": 1.0,
                "colsample_bytree": 0.6,
                "gamma": 0.5,
                "learning_rate": 0.4,
                "max_delta_step": 0.0,
                "max_depth": 100,
                "min_child_weight": 1.0,
                "reg_alpha": 0.0,
                "reg_lambda": 1.0,
                "subsample": 1.0
            },
            "score": 0.9835356862546243,
            "scoreStd": 0.003307808293439467,
            "fitTime": 3.3632,
            "fitTimeStd": 0.8923213322564916,
            "scoreTime": 0.07479999999999999,
            "scoreTimeStd": 0.061160117723889316
        },
        {
            "params": {
                "booster": "dart",
                "colsample_bylevel": 1.0,
                "colsample_bytree": 0.6,
                "gamma": 0.5,
                "learning_rate": 0.25,
                "max_delta_step": 0.0,
                "max_depth": 100,
                "min_child_weight": 10.0,
                "reg_alpha": 0.0,
                "reg_lambda": 1.0,
                "subsample": 1.0
            },
            "score": 0.980806913028491,
            "scoreStd": 0.002495941203458288,
            "fitTime": 2.271,
            "fitTimeStd": 0.6824426715849471,
            "scoreTime": 0.0752,
            "scoreTimeStd": 0.05915876942601156
        },
        {
            "params": {
                "booster": "dart",
                "colsample_bylevel": 1.0,
                "colsample_bytree": 0.6,
                "gamma": 0.5,
                "learning_rate": 0.4,
                "max_delta_step": 0.0,
                "max_depth": 100,
                "min_child_weight": 10.0,
                "reg_alpha": 0.0,
                "reg_lambda": 1.0,
                "subsample": 1.0
            },
            "score": 0.9801939581651133,
            "scoreStd": 0.004004075181561699,
            "fitTime": 1.6068,
            "fitTimeStd": 0.4871785709573031,
            "scoreTime": 0.072,
            "scoreTimeStd": 0.05786881716434163
        },
        {
            "params": {
                "booster": "dart",
                "colsample_bylevel": 1.0,
                "colsample_bytree": 0.1,
                "gamma": 0.0,
                "learning_rate": 0.4,
                "max_delta_step": 0.0,
                "max_depth": 50,
                "min_child_weight": 10.0,
                "reg_alpha": 0.0,
                "reg_lambda": 1.0,
                "subsample": 1.0
            },
            "score": 0.9374619437788166,
            "scoreStd": 0.015230700958431488,
            "fitTime": 0.8796,
            "fitTimeStd": 0.3501346026887374,
            "scoreTime": 0.040799999999999996,
            "scoreTimeStd": 0.018367362358270172
        },
        {
            "params": {
                "booster": "gbtree",
                "colsample_bylevel": 1.0,
                "colsample_bytree": 0.1,
                "gamma": 0.0,
                "learning_rate": 0.25,
                "max_delta_step": 0.0,
                "max_depth": 100,
                "min_child_weight": 10.0,
                "reg_alpha": 0.0,
                "reg_lambda": 1.0,
                "subsample": 1.0
            },
            "score": 0.9492197635383002,
            "scoreStd": 0.014821759984392288,
            "fitTime": 0.8206,
            "fitTimeStd": 0.2658650785642973,
            "scoreTime": 0.0494,
            "scoreTimeStd": 0.019975985582694037
        },
        {
            "params": {
                "booster": "gbtree",
                "colsample_bylevel": 1.0,
                "colsample_bytree": 0.6,
                "gamma": 0.0,
                "learning_rate": 0.4,
                "max_delta_step": 0.0,
                "max_depth": 100,
                "min_child_weight": 10.0,
                "reg_alpha": 0.0,
                "reg_lambda": 1.0,
                "subsample": 1.0
            },
            "score": 0.9785414348193989,
            "scoreStd": 0.001934749185254366,
            "fitTime": 0.985,
            "fitTimeStd": 0.12191636477520153,
            "scoreTime": 0.0516,
            "scoreTimeStd": 0.022222511109233355
        },
        {
            "params": {
                "booster": "gbtree",
                "colsample_bylevel": 1.0,
                "colsample_bytree": 0.6,
                "gamma": 0.5,
                "learning_rate": 0.4,
                "max_delta_step": 0.0,
                "max_depth": 50,
                "min_child_weight": 10.0,
                "reg_alpha": 0.0,
                "reg_lambda": 1.0,
                "subsample": 1.0
            },
            "score": 0.9779557108698811,
            "scoreStd": 0.0035293818065723847,
            "fitTime": 1.041,
            "fitTimeStd": 0.3087374288938742,
            "scoreTime": 0.0432,
            "scoreTimeStd": 0.021008569680013918
        },
        {
            "params": {
                "booster": "gbtree",
                "colsample_bylevel": 1.0,
                "colsample_bytree": 0.1,
                "gamma": 0.0,
                "learning_rate": 0.25,
                "max_delta_step": 0.0,
                "max_depth": 50,
                "min_child_weight": 1.0,
                "reg_alpha": 0.0,
                "reg_lambda": 1.0,
                "subsample": 1.0
            },
            "score": 0.9429395729420037,
            "scoreStd": 0.013271491524962114,
            "fitTime": 1.1954,
            "fitTimeStd": 0.2591930554625258,
            "scoreTime": 0.059,
            "scoreTimeStd": 0.016911534525287764
        },
        {
            "params": {
                "booster": "gbtree",
                "colsample_bylevel": 1.0,
                "colsample_bytree": 0.6,
                "gamma": 0.0,
                "learning_rate": 0.25,
                "max_delta_step": 0.0,
                "max_depth": 100,
                "min_child_weight": 1.0,
                "reg_alpha": 0.0,
                "reg_lambda": 1.0,
                "subsample": 1.0
            },
            "score": 0.982043923412621,
            "scoreStd": 0.0039349364164139615,
            "fitTime": 2.4141999999999997,
            "fitTimeStd": 0.48703979303543565,
            "scoreTime": 0.0368,
            "scoreTimeStd": 0.010851727973000429
        },
        {
            "params": {
                "booster": "gbtree",
                "colsample_bylevel": 1.0,
                "colsample_bytree": 0.6,
                "gamma": 0.5,
                "learning_rate": 0.4,
                "max_delta_step": 0.0,
                "max_depth": 100,
                "min_child_weight": 10.0,
                "reg_alpha": 0.0,
                "reg_lambda": 1.0,
                "subsample": 1.0
            },
            "score": 0.9779557108698811,
            "scoreStd": 0.0035293818065723847,
            "fitTime": 0.9916,
            "fitTimeStd": 0.2894992918816901,
            "scoreTime": 0.0564,
            "scoreTimeStd": 0.030453899586095706
        },
        {
            "params": {
                "booster": "dart",
                "colsample_bylevel": 1.0,
                "colsample_bytree": 0.1,
                "gamma": 0.0,
                "learning_rate": 0.25,
                "max_delta_step": 0.0,
                "max_depth": 50,
                "min_child_weight": 10.0,
                "reg_alpha": 0.0,
                "reg_lambda": 1.0,
                "subsample": 1.0
            },
            "score": 0.9345257250077872,
            "scoreStd": 0.008109680335310041,
            "fitTime": 0.562,
            "fitTimeStd": 0.20392253431143897,
            "scoreTime": 0.0396,
            "scoreTimeStd": 0.01521315220458929
        },
        {
            "params": {
                "booster": "gbtree",
                "colsample_bylevel": 1.0,
                "colsample_bytree": 0.1,
                "gamma": 0.5,
                "learning_rate": 0.4,
                "max_delta_step": 0.0,
                "max_depth": 25,
                "min_child_weight": 1.0,
                "reg_alpha": 0.0,
                "reg_lambda": 1.0,
                "subsample": 1.0
            },
            "score": 0.950477258477626,
            "scoreStd": 0.013430398076626979,
            "fitTime": 1.3525999999999998,
            "fitTimeStd": 0.4437628195331375,
            "scoreTime": 0.0342,
            "scoreTimeStd": 0.009325234581499814
        },
        {
            "params": {
                "booster": "dart",
                "colsample_bylevel": 1.0,
                "colsample_bytree": 0.1,
                "gamma": 0.5,
                "learning_rate": 0.4,
                "max_delta_step": 0.0,
                "max_depth": 25,
                "min_child_weight": 1.0,
                "reg_alpha": 0.0,
                "reg_lambda": 1.0,
                "subsample": 1.0
            },
            "score": 0.9199112103761854,
            "scoreStd": 0.010951756141356232,
            "fitTime": 0.7627999999999999,
            "fitTimeStd": 0.27615459438510165,
            "scoreTime": 0.0314,
            "scoreTimeStd": 0.0060860496218811755
        },
        {
            "params": {
                "booster": "gbtree",
                "colsample_bylevel": 1.0,
                "colsample_bytree": 0.1,
                "gamma": 0.5,
                "learning_rate": 0.4,
                "max_delta_step": 0.0,
                "max_depth": 100,
                "min_child_weight": 10.0,
                "reg_alpha": 0.0,
                "reg_lambda": 1.0,
                "subsample": 1.0
            },
            "score": 0.9633742160488676,
            "scoreStd": 0.007130417384587526,
            "fitTime": 1.0076,
            "fitTimeStd": 0.2908777062615834,
            "scoreTime": 0.032,
            "scoreTimeStd": 0.010430723848324238
        },
        {
            "params": {
                "booster": "dart",
                "colsample_bylevel": 1.0,
                "colsample_bytree": 0.6,
                "gamma": 0.0,
                "learning_rate": 0.25,
                "max_delta_step": 0.0,
                "max_depth": 50,
                "min_child_weight": 1.0,
                "reg_alpha": 0.0,
                "reg_lambda": 1.0,
                "subsample": 1.0
            },
            "score": 0.9810650455768601,
            "scoreStd": 0.0028163860342700514,
            "fitTime": 2.6776,
            "fitTimeStd": 0.6284999920445504,
            "scoreTime": 0.0438,
            "scoreTimeStd": 0.009495261976375374
        },
        {
            "params": {
                "booster": "gbtree",
                "colsample_bylevel": 1.0,
                "colsample_bytree": 0.6,
                "gamma": 0.5,
                "learning_rate": 0.4,
                "max_delta_step": 0.0,
                "max_depth": 25,
                "min_child_weight": 10.0,
                "reg_alpha": 0.0,
                "reg_lambda": 1.0,
                "subsample": 1.0
            },
            "score": 0.9779557108698811,
            "scoreStd": 0.0035293818065723847,
            "fitTime": 1.0355999999999999,
            "fitTimeStd": 0.29728141549716824,
            "scoreTime": 0.0318,
            "scoreTimeStd": 0.010166612021711067
        },
        {
            "params": {
                "booster": "dart",
                "colsample_bylevel": 1.0,
                "colsample_bytree": 0.1,
                "gamma": 0.0,
                "learning_rate": 0.4,
                "max_delta_step": 0.0,
                "max_depth": 25,
                "min_child_weight": 10.0,
                "reg_alpha": 0.0,
                "reg_lambda": 1.0,
                "subsample": 1.0
            },
            "score": 0.9374619437788166,
            "scoreStd": 0.015230700958431488,
            "fitTime": 0.7918,
            "fitTimeStd": 0.37296401971235776,
            "scoreTime": 0.0434,
            "scoreTimeStd": 0.0154220621189256
        },
        {
            "params": {
                "booster": "gbtree",
                "colsample_bylevel": 1.0,
                "colsample_bytree": 0.6,
                "gamma": 0.0,
                "learning_rate": 0.4,
                "max_delta_step": 0.0,
                "max_depth": 25,
                "min_child_weight": 1.0,
                "reg_alpha": 0.0,
                "reg_lambda": 1.0,
                "subsample": 1.0
            },
            "score": 0.9799552966897105,
            "scoreStd": 0.004273308128528033,
            "fitTime": 1.733,
            "fitTimeStd": 0.46651816684883773,
            "scoreTime": 0.068,
            "scoreTimeStd": 0.0317742033731768
        },
        {
            "params": {
                "booster": "gbtree",
                "colsample_bylevel": 1.0,
                "colsample_bytree": 0.1,
                "gamma": 0.5,
                "learning_rate": 0.25,
                "max_delta_step": 0.0,
                "max_depth": 25,
                "min_child_weight": 10.0,
                "reg_alpha": 0.0,
                "reg_lambda": 1.0,
                "subsample": 1.0
            },
            "score": 0.9493552457976051,
            "scoreStd": 0.015387845064342145,
            "fitTime": 0.824,
            "fitTimeStd": 0.3578921625294413,
            "scoreTime": 0.027600000000000003,
            "scoreTimeStd": 0.0030724582991474435
        },
        {
            "params": {
                "booster": "dart",
                "colsample_bylevel": 1.0,
                "colsample_bytree": 0.6,
                "gamma": 0.0,
                "learning_rate": 0.25,
                "max_delta_step": 0.0,
                "max_depth": 100,
                "min_child_weight": 10.0,
                "reg_alpha": 0.0,
                "reg_lambda": 1.0,
                "subsample": 1.0
            },
            "score": 0.9803990630850602,
            "scoreStd": 0.002138130068270901,
            "fitTime": 2.0284,
            "fitTimeStd": 0.33569724455229,
            "scoreTime": 0.1008,
            "scoreTimeStd": 0.0568520887918817
        },
        {
            "params": {
                "booster": "gbtree",
                "colsample_bylevel": 1.0,
                "colsample_bytree": 0.1,
                "gamma": 0.5,
                "learning_rate": 0.4,
                "max_delta_step": 0.0,
                "max_depth": 100,
                "min_child_weight": 1.0,
                "reg_alpha": 0.0,
                "reg_lambda": 1.0,
                "subsample": 1.0
            },
            "score": 0.9508902534498868,
            "scoreStd": 0.013247052151064122,
            "fitTime": 1.4474,
            "fitTimeStd": 0.47323761473492365,
            "scoreTime": 0.103,
            "scoreTimeStd": 0.03957777153908491
        },
        {
            "params": {
                "booster": "gbtree",
                "colsample_bylevel": 1.0,
                "colsample_bytree": 0.6,
                "gamma": 0.0,
                "learning_rate": 0.4,
                "max_delta_step": 0.0,
                "max_depth": 100,
                "min_child_weight": 1.0,
                "reg_alpha": 0.0,
                "reg_lambda": 1.0,
                "subsample": 1.0
            },
            "score": 0.9799552966897105,
            "scoreStd": 0.004273308128528033,
            "fitTime": 1.7512,
            "fitTimeStd": 0.4640109481467005,
            "scoreTime": 0.0998,
            "scoreTimeStd": 0.05983109559418079
        },
        {
            "params": {
                "booster": "gbtree",
                "colsample_bylevel": 1.0,
                "colsample_bytree": 0.1,
                "gamma": 0.5,
                "learning_rate": 0.25,
                "max_delta_step": 0.0,
                "max_depth": 100,
                "min_child_weight": 10.0,
                "reg_alpha": 0.0,
                "reg_lambda": 1.0,
                "subsample": 1.0
            },
            "score": 0.9493552457976051,
            "scoreStd": 0.015387845064342145,
            "fitTime": 0.8737999999999999,
            "fitTimeStd": 0.39781020600281236,
            "scoreTime": 0.0546,
            "scoreTimeStd": 0.028931643575849608
        },
        {
            "params": {
                "booster": "dart",
                "colsample_bylevel": 1.0,
                "colsample_bytree": 0.1,
                "gamma": 0.0,
                "learning_rate": 0.25,
                "max_delta_step": 0.0,
                "max_depth": 100,
                "min_child_weight": 1.0,
                "reg_alpha": 0.0,
                "reg_lambda": 1.0,
                "subsample": 1.0
            },
            "score": 0.9173086331317172,
            "scoreStd": 0.011553032433301271,
            "fitTime": 0.9046000000000001,
            "fitTimeStd": 0.29745561013368027,
            "scoreTime": 0.0574,
            "scoreTimeStd": 0.03312763197090912
        },
        {
            "params": {
                "booster": "dart",
                "colsample_bylevel": 1.0,
                "colsample_bytree": 0.1,
                "gamma": 0.5,
                "learning_rate": 0.25,
                "max_delta_step": 0.0,
                "max_depth": 25,
                "min_child_weight": 1.0,
                "reg_alpha": 0.0,
                "reg_lambda": 1.0,
                "subsample": 1.0
            },
            "score": 0.9201460577533265,
            "scoreStd": 0.009228498344679913,
            "fitTime": 0.9164,
            "fitTimeStd": 0.3002269807995277,
            "scoreTime": 0.0536,
            "scoreTimeStd": 0.017658992043715294
        },
        {
            "params": {
                "booster": "gbtree",
                "colsample_bylevel": 1.0,
                "colsample_bytree": 0.6,
                "gamma": 0.0,
                "learning_rate": 0.4,
                "max_delta_step": 0.0,
                "max_depth": 50,
                "min_child_weight": 10.0,
                "reg_alpha": 0.0,
                "reg_lambda": 1.0,
                "subsample": 1.0
            },
            "score": 0.9785414348193989,
            "scoreStd": 0.001934749185254366,
            "fitTime": 0.9494,
            "fitTimeStd": 0.09135337979516685,
            "scoreTime": 0.0436,
            "scoreTimeStd": 0.02786108397029807
        },
        {
            "params": {
                "booster": "gbtree",
                "colsample_bylevel": 1.0,
                "colsample_bytree": 0.1,
                "gamma": 0.5,
                "learning_rate": 0.25,
                "max_delta_step": 0.0,
                "max_depth": 100,
                "min_child_weight": 1.0,
                "reg_alpha": 0.0,
                "reg_lambda": 1.0,
                "subsample": 1.0
            },
            "score": 0.9450147019635748,
            "scoreStd": 0.013402886123818158,
            "fitTime": 1.2422,
            "fitTimeStd": 0.3495170382113009,
            "scoreTime": 0.038799999999999994,
            "scoreTimeStd": 0.02786682615584344
        },
        {
            "params": {
                "booster": "gbtree",
                "colsample_bylevel": 1.0,
                "colsample_bytree": 0.1,
                "gamma": 0.5,
                "learning_rate": 0.25,
                "max_delta_step": 0.0,
                "max_depth": 50,
                "min_child_weight": 10.0,
                "reg_alpha": 0.0,
                "reg_lambda": 1.0,
                "subsample": 1.0
            },
            "score": 0.9493552457976051,
            "scoreStd": 0.015387845064342145,
            "fitTime": 0.795,
            "fitTimeStd": 0.3512435052780336,
            "scoreTime": 0.045,
            "scoreTimeStd": 0.04901836390578535
        },
        {
            "params": {
                "booster": "gbtree",
                "colsample_bylevel": 1.0,
                "colsample_bytree": 0.6,
                "gamma": 0.5,
                "learning_rate": 0.25,
                "max_delta_step": 0.0,
                "max_depth": 50,
                "min_child_weight": 1.0,
                "reg_alpha": 0.0,
                "reg_lambda": 1.0,
                "subsample": 1.0
            },
            "score": 0.9816941891757979,
            "scoreStd": 0.003996498909043915,
            "fitTime": 2.6404,
            "fitTimeStd": 0.5930796236594207,
            "scoreTime": 0.07740000000000001,
            "scoreTimeStd": 0.044061774816727475
        },
        {
            "params": {
                "booster": "dart",
                "colsample_bylevel": 1.0,
                "colsample_bytree": 0.1,
                "gamma": 0.5,
                "learning_rate": 0.4,
                "max_delta_step": 0.0,
                "max_depth": 50,
                "min_child_weight": 1.0,
                "reg_alpha": 0.0,
                "reg_lambda": 1.0,
                "subsample": 1.0
            },
            "score": 0.9207628951620643,
            "scoreStd": 0.01044503886481912,
            "fitTime": 0.8182,
            "fitTimeStd": 0.32328278642699176,
            "scoreTime": 0.0384,
            "scoreTimeStd": 0.029213695418416348
        },
        {
            "params": {
                "booster": "dart",
                "colsample_bylevel": 1.0,
                "colsample_bytree": 0.6,
                "gamma": 0.0,
                "learning_rate": 0.4,
                "max_delta_step": 0.0,
                "max_depth": 100,
                "min_child_weight": 10.0,
                "reg_alpha": 0.0,
                "reg_lambda": 1.0,
                "subsample": 1.0
            },
            "score": 0.979516934491816,
            "scoreStd": 0.003895441289033047,
            "fitTime": 1.2944,
            "fitTimeStd": 0.33699709197558364,
            "scoreTime": 0.0686,
            "scoreTimeStd": 0.05089833003154425
        },
        {
            "params": {
                "booster": "gbtree",
                "colsample_bylevel": 1.0,
                "colsample_bytree": 0.1,
                "gamma": 0.0,
                "learning_rate": 0.4,
                "max_delta_step": 0.0,
                "max_depth": 50,
                "min_child_weight": 10.0,
                "reg_alpha": 0.0,
                "reg_lambda": 1.0,
                "subsample": 1.0
            },
            "score": 0.9643593548005219,
            "scoreStd": 0.007858612518497761,
            "fitTime": 1.146,
            "fitTimeStd": 0.3241012187573506,
            "scoreTime": 0.0896,
            "scoreTimeStd": 0.05353354088793306
        },
        {
            "params": {
                "booster": "dart",
                "colsample_bylevel": 1.0,
                "colsample_bytree": 0.1,
                "gamma": 0.5,
                "learning_rate": 0.25,
                "max_delta_step": 0.0,
                "max_depth": 100,
                "min_child_weight": 10.0,
                "reg_alpha": 0.0,
                "reg_lambda": 1.0,
                "subsample": 1.0
            },
            "score": 0.9341152373258373,
            "scoreStd": 0.008250006738079345,
            "fitTime": 0.5822,
            "fitTimeStd": 0.21579564407095894,
            "scoreTime": 0.044,
            "scoreTimeStd": 0.04369897023958345
        },
        {
            "params": {
                "booster": "dart",
                "colsample_bylevel": 1.0,
                "colsample_bytree": 0.6,
                "gamma": 0.5,
                "learning_rate": 0.4,
                "max_delta_step": 0.0,
                "max_depth": 50,
                "min_child_weight": 1.0,
                "reg_alpha": 0.0,
                "reg_lambda": 1.0,
                "subsample": 1.0
            },
            "score": 0.9835356862546243,
            "scoreStd": 0.003307808293439467,
            "fitTime": 3.0118,
            "fitTimeStd": 0.8414362483278219,
            "scoreTime": 0.0356,
            "scoreTimeStd": 0.0038781438859330636
        },
        {
            "params": {
                "booster": "gbtree",
                "colsample_bylevel": 1.0,
                "colsample_bytree": 0.6,
                "gamma": 0.5,
                "learning_rate": 0.4,
                "max_delta_step": 0.0,
                "max_depth": 100,
                "min_child_weight": 1.0,
                "reg_alpha": 0.0,
                "reg_lambda": 1.0,
                "subsample": 1.0
            },
            "score": 0.9814370148203524,
            "scoreStd": 0.0029307049303526895,
            "fitTime": 2.269,
            "fitTimeStd": 0.3097114786377799,
            "scoreTime": 0.0456,
            "scoreTimeStd": 0.015134067529914091
        },
        {
            "params": {
                "booster": "dart",
                "colsample_bylevel": 1.0,
                "colsample_bytree": 0.1,
                "gamma": 0.0,
                "learning_rate": 0.4,
                "max_delta_step": 0.0,
                "max_depth": 100,
                "min_child_weight": 1.0,
                "reg_alpha": 0.0,
                "reg_lambda": 1.0,
                "subsample": 1.0
            },
            "score": 0.9156691408509104,
            "scoreStd": 0.0093967490876025,
            "fitTime": 0.7972,
            "fitTimeStd": 0.29663674755498515,
            "scoreTime": 0.026199999999999998,
            "scoreTimeStd": 0.007467261881037788
        },
        {
            "params": {
                "booster": "dart",
                "colsample_bylevel": 1.0,
                "colsample_bytree": 0.6,
                "gamma": 0.5,
                "learning_rate": 0.25,
                "max_delta_step": 0.0,
                "max_depth": 50,
                "min_child_weight": 1.0,
                "reg_alpha": 0.0,
                "reg_lambda": 1.0,
                "subsample": 1.0
            },
            "score": 0.9831923284298667,
            "scoreStd": 0.003270143035586623,
            "fitTime": 3.7328,
            "fitTimeStd": 0.839020476508172,
            "scoreTime": 0.0456,
            "scoreTimeStd": 0.010461357464497617
        },
        {
            "params": {
                "booster": "gbtree",
                "colsample_bylevel": 1.0,
                "colsample_bytree": 0.1,
                "gamma": 0.0,
                "learning_rate": 0.4,
                "max_delta_step": 0.0,
                "max_depth": 25,
                "min_child_weight": 1.0,
                "reg_alpha": 0.0,
                "reg_lambda": 1.0,
                "subsample": 1.0
            },
            "score": 0.9477871670326373,
            "scoreStd": 0.015950487070324898,
            "fitTime": 1.4122000000000001,
            "fitTimeStd": 0.4815883719526459,
            "scoreTime": 0.033,
            "scoreTimeStd": 0.010488088481701515
        },
        {
            "params": {
                "booster": "dart",
                "colsample_bylevel": 1.0,
                "colsample_bytree": 0.1,
                "gamma": 0.5,
                "learning_rate": 0.25,
                "max_delta_step": 0.0,
                "max_depth": 50,
                "min_child_weight": 1.0,
                "reg_alpha": 0.0,
                "reg_lambda": 1.0,
                "subsample": 1.0
            },
            "score": 0.9200071956693403,
            "scoreStd": 0.009042633275250055,
            "fitTime": 0.8856,
            "fitTimeStd": 0.27637409429973714,
            "scoreTime": 0.0354,
            "scoreTimeStd": 0.012658593918757328
        },
        {
            "params": {
                "booster": "dart",
                "colsample_bylevel": 1.0,
                "colsample_bytree": 0.6,
                "gamma": 0.5,
                "learning_rate": 0.25,
                "max_delta_step": 0.0,
                "max_depth": 25,
                "min_child_weight": 10.0,
                "reg_alpha": 0.0,
                "reg_lambda": 1.0,
                "subsample": 1.0
            },
            "score": 0.980806913028491,
            "scoreStd": 0.002495941203458288,
            "fitTime": 2.121,
            "fitTimeStd": 0.7027417733421004,
            "scoreTime": 0.06520000000000001,
            "scoreTimeStd": 0.04951525017608212
        },
        {
            "params": {
                "booster": "gbtree",
                "colsample_bylevel": 1.0,
                "colsample_bytree": 0.6,
                "gamma": 0.5,
                "learning_rate": 0.25,
                "max_delta_step": 0.0,
                "max_depth": 25,
                "min_child_weight": 1.0,
                "reg_alpha": 0.0,
                "reg_lambda": 1.0,
                "subsample": 1.0
            },
            "score": 0.9816941891757979,
            "scoreStd": 0.003996498909043915,
            "fitTime": 3.0404,
            "fitTimeStd": 0.7830419145869523,
            "scoreTime": 0.0902,
            "scoreTimeStd": 0.03338502658378453
        },
        {
            "params": {
                "booster": "dart",
                "colsample_bylevel": 1.0,
                "colsample_bytree": 0.1,
                "gamma": 0.0,
                "learning_rate": 0.25,
                "max_delta_step": 0.0,
                "max_depth": 100,
                "min_child_weight": 10.0,
                "reg_alpha": 0.0,
                "reg_lambda": 1.0,
                "subsample": 1.0
            },
            "score": 0.9345257250077872,
            "scoreStd": 0.008109680335310041,
            "fitTime": 0.6013999999999999,
            "fitTimeStd": 0.22690403257765165,
            "scoreTime": 0.026600000000000002,
            "scoreTimeStd": 0.005462600113499064
        },
        {
            "params": {
                "booster": "gbtree",
                "colsample_bylevel": 1.0,
                "colsample_bytree": 0.1,
                "gamma": 0.0,
                "learning_rate": 0.25,
                "max_delta_step": 0.0,
                "max_depth": 100,
                "min_child_weight": 1.0,
                "reg_alpha": 0.0,
                "reg_lambda": 1.0,
                "subsample": 1.0
            },
            "score": 0.9429395729420037,
            "scoreStd": 0.013271491524962114,
            "fitTime": 1.4687999999999999,
            "fitTimeStd": 0.3329530897889371,
            "scoreTime": 0.0968,
            "scoreTimeStd": 0.08287436274264799
        },
        {
            "params": {
                "booster": "dart",
                "colsample_bylevel": 1.0,
                "colsample_bytree": 0.1,
                "gamma": 0.5,
                "learning_rate": 0.4,
                "max_delta_step": 0.0,
                "max_depth": 100,
                "min_child_weight": 10.0,
                "reg_alpha": 0.0,
                "reg_lambda": 1.0,
                "subsample": 1.0
            },
            "score": 0.9385852388119023,
            "scoreStd": 0.015211231539279158,
            "fitTime": 0.9097999999999999,
            "fitTimeStd": 0.4275864357062792,
            "scoreTime": 0.0938,
            "scoreTimeStd": 0.0814798134509401
        },
        {
            "params": {
                "booster": "gbtree",
                "colsample_bylevel": 1.0,
                "colsample_bytree": 0.6,
                "gamma": 0.5,
                "learning_rate": 0.25,
                "max_delta_step": 0.0,
                "max_depth": 50,
                "min_child_weight": 10.0,
                "reg_alpha": 0.0,
                "reg_lambda": 1.0,
                "subsample": 1.0
            },
            "score": 0.9789142179852801,
            "scoreStd": 0.0027556180959835727,
            "fitTime": 1.6214000000000002,
            "fitTimeStd": 0.3793481777997622,
            "scoreTime": 0.0694,
            "scoreTimeStd": 0.032696177146571734
        },
        {
            "params": {
                "booster": "dart",
                "colsample_bylevel": 1.0,
                "colsample_bytree": 0.1,
                "gamma": 0.5,
                "learning_rate": 0.25,
                "max_delta_step": 0.0,
                "max_depth": 100,
                "min_child_weight": 1.0,
                "reg_alpha": 0.0,
                "reg_lambda": 1.0,
                "subsample": 1.0
            },
            "score": 0.9200071956693403,
            "scoreStd": 0.009042633275250055,
            "fitTime": 0.9312,
            "fitTimeStd": 0.3422253059024128,
            "scoreTime": 0.059,
            "scoreTimeStd": 0.03156580428248265
        },
        {
            "params": {
                "booster": "gbtree",
                "colsample_bylevel": 1.0,
                "colsample_bytree": 0.6,
                "gamma": 0.0,
                "learning_rate": 0.25,
                "max_delta_step": 0.0,
                "max_depth": 100,
                "min_child_weight": 10.0,
                "reg_alpha": 0.0,
                "reg_lambda": 1.0,
                "subsample": 1.0
            },
            "score": 0.9780906435587942,
            "scoreStd": 0.0030756193590487685,
            "fitTime": 1.4032,
            "fitTimeStd": 0.21837435746900322,
            "scoreTime": 0.0714,
            "scoreTimeStd": 0.03583071308249391
        },
        {
            "params": {
                "booster": "gbtree",
                "colsample_bylevel": 1.0,
                "colsample_bytree": 0.6,
                "gamma": 0.5,
                "learning_rate": 0.25,
                "max_delta_step": 0.0,
                "max_depth": 100,
                "min_child_weight": 1.0,
                "reg_alpha": 0.0,
                "reg_lambda": 1.0,
                "subsample": 1.0
            },
            "score": 0.9816941891757979,
            "scoreStd": 0.003996498909043915,
            "fitTime": 2.9842,
            "fitTimeStd": 0.6533135235091954,
            "scoreTime": 0.0426,
            "scoreTimeStd": 0.02350829640786418
        },
        {
            "params": {
                "booster": "gbtree",
                "colsample_bylevel": 1.0,
                "colsample_bytree": 0.6,
                "gamma": 0.5,
                "learning_rate": 0.25,
                "max_delta_step": 0.0,
                "max_depth": 25,
                "min_child_weight": 10.0,
                "reg_alpha": 0.0,
                "reg_lambda": 1.0,
                "subsample": 1.0
            },
            "score": 0.9789142179852801,
            "scoreStd": 0.0027556180959835727,
            "fitTime": 1.5048,
            "fitTimeStd": 0.35111787194615995,
            "scoreTime": 0.0298,
            "scoreTimeStd": 0.0077304592360350755
        },
        {
            "params": {
                "booster": "dart",
                "colsample_bylevel": 1.0,
                "colsample_bytree": 0.1,
                "gamma": 0.0,
                "learning_rate": 0.4,
                "max_delta_step": 0.0,
                "max_depth": 100,
                "min_child_weight": 10.0,
                "reg_alpha": 0.0,
                "reg_lambda": 1.0,
                "subsample": 1.0
            },
            "score": 0.9374619437788166,
            "scoreStd": 0.015230700958431488,
            "fitTime": 0.8346,
            "fitTimeStd": 0.4371592844719188,
            "scoreTime": 0.039799999999999995,
            "scoreTimeStd": 0.014274452704044382
        },
        {
            "params": {
                "booster": "dart",
                "colsample_bylevel": 1.0,
                "colsample_bytree": 0.6,
                "gamma": 0.0,
                "learning_rate": 0.25,
                "max_delta_step": 0.0,
                "max_depth": 25,
                "min_child_weight": 10.0,
                "reg_alpha": 0.0,
                "reg_lambda": 1.0,
                "subsample": 1.0
            },
            "score": 0.9803990630850602,
            "scoreStd": 0.002138130068270901,
            "fitTime": 2.0478,
            "fitTimeStd": 0.30546842717374245,
            "scoreTime": 0.028399999999999998,
            "scoreTimeStd": 0.013169662106523462
        },
        {
            "params": {
                "booster": "gbtree",
                "colsample_bylevel": 1.0,
                "colsample_bytree": 0.6,
                "gamma": 0.0,
                "learning_rate": 0.25,
                "max_delta_step": 0.0,
                "max_depth": 25,
                "min_child_weight": 10.0,
                "reg_alpha": 0.0,
                "reg_lambda": 1.0,
                "subsample": 1.0
            },
            "score": 0.9780906435587942,
            "scoreStd": 0.0030756193590487685,
            "fitTime": 1.264,
            "fitTimeStd": 0.2246526207280921,
            "scoreTime": 0.0318,
            "scoreTimeStd": 0.01235151812531561
        },
        {
            "params": {
                "booster": "gbtree",
                "colsample_bylevel": 1.0,
                "colsample_bytree": 0.6,
                "gamma": 0.0,
                "learning_rate": 0.25,
                "max_delta_step": 0.0,
                "max_depth": 50,
                "min_child_weight": 10.0,
                "reg_alpha": 0.0,
                "reg_lambda": 1.0,
                "subsample": 1.0
            },
            "score": 0.9780906435587942,
            "scoreStd": 0.0030756193590487685,
            "fitTime": 1.1742000000000001,
            "fitTimeStd": 0.23265975156868027,
            "scoreTime": 0.0128,
            "scoreTimeStd": 0.0036551333764994133
        }
    ],
    "nBoostedEstimators": 21,
    "probaAware": true
}