{
    "startedAt": 1626102606937,
    "gridSize": 2,
    "nThreads": 16,
    "nSplits": 5,
    "metric": "ROC_AUC",
    "timeout": null,
    "gridPoints": [
        {
            "finishedAt": 1626102628999,
            "score": 0.9210300865842184,
            "testScoreGibMean": 0.9210300865842184,
            "testScoreMean": 0.9210300865842184,
            "testScoreStd": 0.0062819900408936195,
            "trainScoreMean": 0.9531417455909821,
            "trainScoreStd": 0.0013702853019011104,
            "time": 109694,
            "fitTimeMean": 21722.6,
            "fitTimeStd": 75.962095811003,
            "scoreTimeMean": 216.2,
            "scoreTimeStd": 77.94716159040046,
            "best_iteration": null,
            "parameters": {
                "hidden_layer_sizes": 10
            }
        }
    ]
}