[
    {
        "test_score_gib": 0.9226575399009356,
        "train_score": 0.9534019347114051,
        "test_score": 0.9226575399009356,
        "num_samples": 1132,
        "fit_time": 21584,
        "score_time": 277,
        "time": 21861,
        "parameters": {
            "hidden_layer_sizes": 10
        },
        "best_iteration": null,
        "done_at": 1626102628801,
        "split_id": 0
    },
    {
        "test_score_gib": 0.9279719317556412,
        "train_score": 0.9531878702056746,
        "test_score": 0.9279719317556412,
        "num_samples": 1132,
        "fit_time": 21752,
        "score_time": 306,
        "time": 22058,
        "parameters": {
            "hidden_layer_sizes": 10
        },
        "best_iteration": null,
        "done_at": 1626102628999,
        "split_id": 1
    },
    {
        "test_score_gib": 0.9262986788407,
        "train_score": 0.9515863742972441,
        "test_score": 0.9262986788407,
        "num_samples": 1131,
        "fit_time": 21808,
        "score_time": 246,
        "time": 22054,
        "parameters": {
            "hidden_layer_sizes": 10
        },
        "best_iteration": null,
        "done_at": 1626102628996,
        "split_id": 2
    },
    {
        "test_score_gib": 0.9174909501740794,
        "train_score": 0.9520164350015521,
        "test_score": 0.9174909501740794,
        "num_samples": 1131,
        "fit_time": 21710,
        "score_time": 153,
        "time": 21863,
        "parameters": {
            "hidden_layer_sizes": 10
        },
        "best_iteration": null,
        "done_at": 1626102628811,
        "split_id": 3
    },
    {
        "test_score_gib": 0.9107237555048303,
        "train_score": 0.9555158429046092,
        "test_score": 0.9107237555048303,
        "num_samples": 1131,
        "fit_time": 21759,
        "score_time": 99,
        "time": 21858,
        "parameters": {
            "hidden_layer_sizes": 10
        },
        "best_iteration": null,
        "done_at": 1626102628810,
        "split_id": 4
    }
]