{
  "description": "",
  "name": "Artificial Neural Network (base_case)",
  "starred": false,
  "clusterMetas": {},
  "customMeta": {
    "kv": {}
  },
  "tags": [],
  "activeClassifierThreshold": 0.0,
  "labels": [
    {
      "key": "trainDataset:dataset-name",
      "value": "df_train_missing_dummies"
    },
    {
      "key": "testDataset:dataset-name",
      "value": "df_train_missing_dummies"
    },
    {
      "key": "model:date",
      "value": "2021-07-12 17:10:05"
    },
    {
      "key": "model:algorithm",
      "value": "NEURAL_NETWORK"
    }
  ]
}