{
    "startedAt": 1626102606937,
    "gridSize": 24,
    "nThreads": 16,
    "nSplits": 5,
    "metric": "ROC_AUC",
    "timeout": null,
    "gridPoints": [
        {
            "finishedAt": 1626102616921,
            "score": 0.9511321729407172,
            "testScoreGibMean": 0.9511321729407172,
            "testScoreMean": 0.9511321729407172,
            "testScoreStd": 0.003148189589926472,
            "trainScoreMean": 0.9759480184175792,
            "trainScoreStd": 0.0007537719563658168,
            "time": 47591,
            "fitTimeMean": 7340.0,
            "fitTimeStd": 265.947363213099,
            "scoreTimeMean": 2178.2,
            "scoreTimeStd": 406.308454256123,
            "best_iteration": null,
            "parameters": {
                "max_depth": 6,
                "max_features": 0.2,
                "min_samples_leaf": 1,
                "n_estimators": 100,
                "min_samples_split": 3
            }
        },
        {
            "finishedAt": 1626102617304,
            "score": 0.9610499598908775,
            "testScoreGibMean": 0.9610499598908775,
            "testScoreMean": 0.9610499598908775,
            "testScoreStd": 0.002070727809190649,
            "trainScoreMean": 0.987577616094076,
            "trainScoreStd": 0.0006571059612715568,
            "time": 49396,
            "fitTimeMean": 7983.0,
            "fitTimeStd": 71.96387982870296,
            "scoreTimeMean": 1896.2,
            "scoreTimeStd": 193.79721360226003,
            "best_iteration": null,
            "parameters": {
                "max_depth": 10,
                "max_features": 0.7,
                "min_samples_leaf": 10,
                "n_estimators": 100,
                "min_samples_split": 30
            }
        },
        {
            "finishedAt": 1626102618158,
            "score": 0.9668869795483532,
            "testScoreGibMean": 0.9668869795483532,
            "testScoreMean": 0.9668869795483532,
            "testScoreStd": 0.001812446753177432,
            "trainScoreMean": 0.9954909281441181,
            "trainScoreStd": 0.0004381564346526183,
            "time": 47278,
            "fitTimeMean": 7426.2,
            "fitTimeStd": 84.43790617963002,
            "scoreTimeMean": 2029.4,
            "scoreTimeStd": 624.3187006649729,
            "best_iteration": null,
            "parameters": {
                "max_depth": 15,
                "max_features": 0.2,
                "min_samples_leaf": 5,
                "n_estimators": 100,
                "min_samples_split": 15
            }
        },
        {
            "finishedAt": 1626102628313,
            "score": 0.9482245463169094,
            "testScoreGibMean": 0.9482245463169094,
            "testScoreMean": 0.9482245463169094,
            "testScoreStd": 0.0027722149822761335,
            "trainScoreMean": 0.9666441271582868,
            "trainScoreStd": 0.0011037373417353137,
            "time": 60478,
            "fitTimeMean": 6772.6,
            "fitTimeStd": 451.1126688533586,
            "scoreTimeMean": 5323.0,
            "scoreTimeStd": 1224.880728887511,
            "best_iteration": null,
            "parameters": {
                "max_depth": 6,
                "max_features": 0.7,
                "min_samples_leaf": 25,
                "n_estimators": 100,
                "min_samples_split": 75
            }
        },
        {
            "finishedAt": 1626102629005,
            "score": 0.951857785614243,
            "testScoreGibMean": 0.951857785614243,
            "testScoreMean": 0.951857785614243,
            "testScoreStd": 0.003024849540787585,
            "trainScoreMean": 0.9726987675946076,
            "trainScoreStd": 0.0008109283546120522,
            "time": 53761,
            "fitTimeMean": 7209.0,
            "fitTimeStd": 157.55506973753654,
            "scoreTimeMean": 3543.2,
            "scoreTimeStd": 516.0784436498002,
            "best_iteration": null,
            "parameters": {
                "max_depth": 10,
                "max_features": 0.2,
                "min_samples_leaf": 25,
                "n_estimators": 100,
                "min_samples_split": 75
            }
        },
        {
            "finishedAt": 1626102629302,
            "score": 0.9525090930481588,
            "testScoreGibMean": 0.9525090930481588,
            "testScoreMean": 0.9525090930481588,
            "testScoreStd": 0.002843737630574867,
            "trainScoreMean": 0.9749058116074797,
            "trainScoreStd": 0.0012199143702003152,
            "time": 55509,
            "fitTimeMean": 7566.8,
            "fitTimeStd": 265.39208729726664,
            "scoreTimeMean": 3535.0,
            "scoreTimeStd": 996.7844300549642,
            "best_iteration": null,
            "parameters": {
                "max_depth": 6,
                "max_features": 0.7,
                "min_samples_leaf": 10,
                "n_estimators": 100,
                "min_samples_split": 30
            }
        },
        {
            "finishedAt": 1626102640446,
            "score": 0.96512345461291,
            "testScoreGibMean": 0.96512345461291,
            "testScoreMean": 0.96512345461291,
            "testScoreStd": 0.002841758598479263,
            "trainScoreMean": 0.9955728664825692,
            "trainScoreStd": 0.00035339798717632433,
            "time": 62191,
            "fitTimeMean": 9104.0,
            "fitTimeStd": 110.04907995980702,
            "scoreTimeMean": 3334.2,
            "scoreTimeStd": 426.0748291086907,
            "best_iteration": null,
            "parameters": {
                "max_depth": 15,
                "max_features": 0.7,
                "min_samples_leaf": 5,
                "n_estimators": 100,
                "min_samples_split": 15
            }
        },
        {
            "finishedAt": 1626102642008,
            "score": 0.9607542943096798,
            "testScoreGibMean": 0.9607542943096798,
            "testScoreMean": 0.9607542943096798,
            "testScoreStd": 0.001893395981115711,
            "trainScoreMean": 0.9880525186666431,
            "trainScoreStd": 0.0005055994027854375,
            "time": 65386,
            "fitTimeMean": 6691.0,
            "fitTimeStd": 1867.2383886370803,
            "scoreTimeMean": 6386.2,
            "scoreTimeStd": 2708.7916420426286,
            "best_iteration": null,
            "parameters": {
                "max_depth": 15,
                "max_features": 0.7,
                "min_samples_leaf": 10,
                "n_estimators": 100,
                "min_samples_split": 30
            }
        },
        {
            "finishedAt": 1626102643763,
            "score": 0.9617925087356319,
            "testScoreGibMean": 0.9617925087356319,
            "testScoreMean": 0.9617925087356319,
            "testScoreStd": 0.002348223363230679,
            "trainScoreMean": 0.9874091421166986,
            "trainScoreStd": 0.0005249166542202588,
            "time": 64212,
            "fitTimeMean": 8375.6,
            "fitTimeStd": 390.61111095308075,
            "scoreTimeMean": 4466.8,
            "scoreTimeStd": 1270.42676294228,
            "best_iteration": null,
            "parameters": {
                "max_depth": 10,
                "max_features": 0.2,
                "min_samples_leaf": 10,
                "n_estimators": 100,
                "min_samples_split": 30
            }
        },
        {
            "finishedAt": 1626102653190,
            "score": 0.9491690144008106,
            "testScoreGibMean": 0.9491690144008106,
            "testScoreMean": 0.9491690144008106,
            "testScoreStd": 0.002790296557258574,
            "trainScoreMean": 0.9702701369433514,
            "trainScoreStd": 0.0011314041849234083,
            "time": 62978,
            "fitTimeMean": 6759.6,
            "fitTimeStd": 325.76654217399306,
            "scoreTimeMean": 5836.0,
            "scoreTimeStd": 412.4313276170956,
            "best_iteration": null,
            "parameters": {
                "max_depth": 6,
                "max_features": 0.2,
                "min_samples_leaf": 10,
                "n_estimators": 100,
                "min_samples_split": 30
            }
        },
        {
            "finishedAt": 1626102653429,
            "score": 0.953514172632525,
            "testScoreGibMean": 0.953514172632525,
            "testScoreMean": 0.953514172632525,
            "testScoreStd": 0.0036321723897303304,
            "trainScoreMean": 0.9796827449309939,
            "trainScoreStd": 0.0011196759720900785,
            "time": 62403,
            "fitTimeMean": 6751.6,
            "fitTimeStd": 2177.0065319148675,
            "scoreTimeMean": 5729.0,
            "scoreTimeStd": 3049.667457281203,
            "best_iteration": null,
            "parameters": {
                "max_depth": 6,
                "max_features": 0.7,
                "min_samples_leaf": 1,
                "n_estimators": 100,
                "min_samples_split": 3
            }
        },
        {
            "finishedAt": 1626102658006,
            "score": 0.9702503329669571,
            "testScoreGibMean": 0.9702503329669571,
            "testScoreMean": 0.9702503329669571,
            "testScoreStd": 0.0031094717172890007,
            "trainScoreMean": 0.9999946743240693,
            "trainScoreStd": 5.091247389223902e-06,
            "time": 77350,
            "fitTimeMean": 9722.0,
            "fitTimeStd": 234.71855486944358,
            "scoreTimeMean": 5748.0,
            "scoreTimeStd": 1594.4990435870448,
            "best_iteration": null,
            "parameters": {
                "max_depth": 15,
                "max_features": 0.7,
                "min_samples_leaf": 1,
                "n_estimators": 100,
                "min_samples_split": 3
            }
        },
        {
            "finishedAt": 1626102663337,
            "score": 0.9449887722091184,
            "testScoreGibMean": 0.9449887722091184,
            "testScoreMean": 0.9449887722091184,
            "testScoreStd": 0.003738377959563282,
            "trainScoreMean": 0.9629136502396093,
            "trainScoreStd": 0.0010522218202899045,
            "time": 58292,
            "fitTimeMean": 5848.6,
            "fitTimeStd": 2663.700703908005,
            "scoreTimeMean": 5809.8,
            "scoreTimeStd": 2859.385626319053,
            "best_iteration": null,
            "parameters": {
                "max_depth": 6,
                "max_features": 0.2,
                "min_samples_leaf": 25,
                "n_estimators": 100,
                "min_samples_split": 75
            }
        },
        {
            "finishedAt": 1626102667420,
            "score": 0.9534300737428516,
            "testScoreGibMean": 0.9534300737428516,
            "testScoreMean": 0.9534300737428516,
            "testScoreStd": 0.0038127694900215252,
            "trainScoreMean": 0.978008627461475,
            "trainScoreStd": 0.0012700721043901492,
            "time": 60318,
            "fitTimeMean": 6967.4,
            "fitTimeStd": 282.05006647756704,
            "scoreTimeMean": 5096.2,
            "scoreTimeStd": 621.4220465995714,
            "best_iteration": null,
            "parameters": {
                "max_depth": 6,
                "max_features": 0.7,
                "min_samples_leaf": 5,
                "n_estimators": 100,
                "min_samples_split": 15
            }
        },
        {
            "finishedAt": 1626102668545,
            "score": 0.9517925324701617,
            "testScoreGibMean": 0.9517925324701617,
            "testScoreMean": 0.9517925324701617,
            "testScoreStd": 0.0029507338402392927,
            "trainScoreMean": 0.9732164009037111,
            "trainScoreStd": 0.0006076513171164143,
            "time": 61491,
            "fitTimeMean": 5789.8,
            "fitTimeStd": 992.8132553506728,
            "scoreTimeMean": 6508.4,
            "scoreTimeStd": 1428.4017082039632,
            "best_iteration": null,
            "parameters": {
                "max_depth": 15,
                "max_features": 0.2,
                "min_samples_leaf": 25,
                "n_estimators": 100,
                "min_samples_split": 75
            }
        },
        {
            "finishedAt": 1626102677031,
            "score": 0.9620200662309862,
            "testScoreGibMean": 0.9620200662309862,
            "testScoreMean": 0.9620200662309862,
            "testScoreStd": 0.0019214718658248442,
            "trainScoreMean": 0.9886017513902793,
            "trainScoreStd": 0.0003340477510394882,
            "time": 61488,
            "fitTimeMean": 4969.6,
            "fitTimeStd": 1309.9005458430804,
            "scoreTimeMean": 7328.0,
            "scoreTimeStd": 3755.9855164789974,
            "best_iteration": null,
            "parameters": {
                "max_depth": 15,
                "max_features": 0.2,
                "min_samples_leaf": 10,
                "n_estimators": 100,
                "min_samples_split": 30
            }
        },
        {
            "finishedAt": 1626102681532,
            "score": 0.9645807017517306,
            "testScoreGibMean": 0.9645807017517306,
            "testScoreMean": 0.9645807017517306,
            "testScoreStd": 0.0020455452250528186,
            "trainScoreMean": 0.9934672330180663,
            "trainScoreStd": 0.0006078643994850699,
            "time": 70194,
            "fitTimeMean": 5317.0,
            "fitTimeStd": 1405.5847181867055,
            "scoreTimeMean": 8721.8,
            "scoreTimeStd": 1420.176242583997,
            "best_iteration": null,
            "parameters": {
                "max_depth": 10,
                "max_features": 0.2,
                "min_samples_leaf": 5,
                "n_estimators": 100,
                "min_samples_split": 15
            }
        },
        {
            "finishedAt": 1626102681619,
            "score": 0.9521378533311183,
            "testScoreGibMean": 0.9521378533311183,
            "testScoreMean": 0.9521378533311183,
            "testScoreStd": 0.0020813324813312595,
            "trainScoreMean": 0.9731842419685182,
            "trainScoreStd": 0.00046292036798340657,
            "time": 71691,
            "fitTimeMean": 8046.2,
            "fitTimeStd": 484.9533585820393,
            "scoreTimeMean": 6292.0,
            "scoreTimeStd": 1528.283874154275,
            "best_iteration": null,
            "parameters": {
                "max_depth": 15,
                "max_features": 0.7,
                "min_samples_leaf": 25,
                "n_estimators": 100,
                "min_samples_split": 75
            }
        },
        {
            "finishedAt": 1626102686780,
            "score": 0.9521062913108176,
            "testScoreGibMean": 0.9521062913108176,
            "testScoreMean": 0.9521062913108176,
            "testScoreStd": 0.0018223286486785928,
            "trainScoreMean": 0.9730697786376854,
            "trainScoreStd": 0.0005388775633352199,
            "time": 66168,
            "fitTimeMean": 7267.6,
            "fitTimeStd": 1451.0510121977104,
            "scoreTimeMean": 5966.0,
            "scoreTimeStd": 1275.724735199565,
            "best_iteration": null,
            "parameters": {
                "max_depth": 10,
                "max_features": 0.7,
                "min_samples_leaf": 25,
                "n_estimators": 100,
                "min_samples_split": 75
            }
        },
        {
            "finishedAt": 1626102687785,
            "score": 0.9708034528057152,
            "testScoreGibMean": 0.9708034528057152,
            "testScoreMean": 0.9708034528057152,
            "testScoreStd": 0.003283858233742733,
            "trainScoreMean": 0.9999974093970394,
            "trainScoreStd": 3.951383590495469e-06,
            "time": 52461,
            "fitTimeMean": 4600.4,
            "fitTimeStd": 473.2253585766511,
            "scoreTimeMean": 5891.8,
            "scoreTimeStd": 752.5336935978348,
            "best_iteration": null,
            "parameters": {
                "max_depth": 15,
                "max_features": 0.2,
                "min_samples_leaf": 1,
                "n_estimators": 100,
                "min_samples_split": 3
            }
        },
        {
            "finishedAt": 1626102692662,
            "score": 0.952384934597059,
            "testScoreGibMean": 0.952384934597059,
            "testScoreMean": 0.952384934597059,
            "testScoreStd": 0.0021031667491572224,
            "trainScoreMean": 0.9742762666232286,
            "trainScoreStd": 0.0006082964061859827,
            "time": 41698,
            "fitTimeMean": 3797.0,
            "fitTimeStd": 653.3697268775161,
            "scoreTimeMean": 4542.6,
            "scoreTimeStd": 1802.9731667443084,
            "best_iteration": null,
            "parameters": {
                "max_depth": 6,
                "max_features": 0.2,
                "min_samples_leaf": 5,
                "n_estimators": 100,
                "min_samples_split": 15
            }
        },
        {
            "finishedAt": 1626102693052,
            "score": 0.9670073161261327,
            "testScoreGibMean": 0.9670073161261327,
            "testScoreMean": 0.9670073161261327,
            "testScoreStd": 0.003273095220811763,
            "trainScoreMean": 0.9981124156141888,
            "trainScoreStd": 0.0001957781953645816,
            "time": 53148,
            "fitTimeMean": 4956.8,
            "fitTimeStd": 248.50464784385824,
            "scoreTimeMean": 5672.8,
            "scoreTimeStd": 1390.322178489576,
            "best_iteration": null,
            "parameters": {
                "max_depth": 10,
                "max_features": 0.2,
                "min_samples_leaf": 1,
                "n_estimators": 100,
                "min_samples_split": 3
            }
        },
        {
            "finishedAt": 1626102698674,
            "score": 0.9639268475541287,
            "testScoreGibMean": 0.9639268475541287,
            "testScoreMean": 0.9639268475541287,
            "testScoreStd": 0.002914218240839164,
            "trainScoreMean": 0.994404171053922,
            "trainScoreStd": 0.0005174586565289687,
            "time": 55641,
            "fitTimeMean": 5908.8,
            "fitTimeStd": 281.8782715996393,
            "scoreTimeMean": 5219.4,
            "scoreTimeStd": 474.2967847245014,
            "best_iteration": null,
            "parameters": {
                "max_depth": 10,
                "max_features": 0.7,
                "min_samples_leaf": 5,
                "n_estimators": 100,
                "min_samples_split": 15
            }
        },
        {
            "finishedAt": 1626102698782,
            "score": 0.967229195436278,
            "testScoreGibMean": 0.967229195436278,
            "testScoreMean": 0.967229195436278,
            "testScoreStd": 0.0036799958077693463,
            "trainScoreMean": 0.9978061687231319,
            "trainScoreStd": 0.0005385164596527716,
            "time": 49921,
            "fitTimeMean": 7508.2,
            "fitTimeStd": 662.4661198884061,
            "scoreTimeMean": 2476.0,
            "scoreTimeStd": 109.50799057603056,
            "best_iteration": null,
            "parameters": {
                "max_depth": 10,
                "max_features": 0.7,
                "min_samples_leaf": 1,
                "n_estimators": 100,
                "min_samples_split": 3
            }
        }
    ]
}