[
    {
        "test_score_gib": 0.9501524949550542,
        "train_score": 0.9764964368153535,
        "test_score": 0.9501524949550542,
        "num_samples": 1132,
        "fit_time": 7067,
        "score_time": 2874,
        "time": 9941,
        "parameters": {
            "max_depth": 6,
            "max_features": 0.2,
            "min_samples_leaf": 1,
            "n_estimators": 100,
            "min_samples_split": 3
        },
        "best_iteration": null,
        "done_at": 1626102616921,
        "split_id": 0
    },
    {
        "test_score_gib": 0.955363694734911,
        "train_score": 0.9769414751239055,
        "test_score": 0.955363694734911,
        "num_samples": 1132,
        "fit_time": 7725,
        "score_time": 2067,
        "time": 9792,
        "parameters": {
            "max_depth": 6,
            "max_features": 0.2,
            "min_samples_leaf": 1,
            "n_estimators": 100,
            "min_samples_split": 3
        },
        "best_iteration": null,
        "done_at": 1626102616886,
        "split_id": 1
    },
    {
        "test_score_gib": 0.9541283346014618,
        "train_score": 0.9755095339104841,
        "test_score": 0.9541283346014618,
        "num_samples": 1131,
        "fit_time": 7539,
        "score_time": 2214,
        "time": 9753,
        "parameters": {
            "max_depth": 6,
            "max_features": 0.2,
            "min_samples_leaf": 1,
            "n_estimators": 100,
            "min_samples_split": 3
        },
        "best_iteration": null,
        "done_at": 1626102616806,
        "split_id": 2
    },
    {
        "test_score_gib": 0.9469634087293353,
        "train_score": 0.976008217500776,
        "test_score": 0.9469634087293353,
        "num_samples": 1131,
        "fit_time": 7331,
        "score_time": 1608,
        "time": 8939,
        "parameters": {
            "max_depth": 6,
            "max_features": 0.2,
            "min_samples_leaf": 1,
            "n_estimators": 100,
            "min_samples_split": 3
        },
        "best_iteration": null,
        "done_at": 1626102615996,
        "split_id": 3
    },
    {
        "test_score_gib": 0.9490500564893591,
        "train_score": 0.9747830654525805,
        "test_score": 0.9490500564893591,
        "num_samples": 1131,
        "fit_time": 7038,
        "score_time": 2128,
        "time": 9166,
        "parameters": {
            "max_depth": 6,
            "max_features": 0.2,
            "min_samples_leaf": 1,
            "n_estimators": 100,
            "min_samples_split": 3
        },
        "best_iteration": null,
        "done_at": 1626102616343,
        "split_id": 4
    },
    {
        "test_score_gib": 0.9577170473307649,
        "train_score": 0.9880328946989713,
        "test_score": 0.9577170473307649,
        "num_samples": 1132,
        "fit_time": 8003,
        "score_time": 2092,
        "time": 10095,
        "parameters": {
            "max_depth": 10,
            "max_features": 0.7,
            "min_samples_leaf": 10,
            "n_estimators": 100,
            "min_samples_split": 30
        },
        "best_iteration": null,
        "done_at": 1626102617152,
        "split_id": 0
    },
    {
        "test_score_gib": 0.9636190607228031,
        "train_score": 0.9868611163877712,
        "test_score": 0.9636190607228031,
        "num_samples": 1132,
        "fit_time": 7850,
        "score_time": 1585,
        "time": 9435,
        "parameters": {
            "max_depth": 10,
            "max_features": 0.7,
            "min_samples_leaf": 10,
            "n_estimators": 100,
            "min_samples_split": 30
        },
        "best_iteration": null,
        "done_at": 1626102616377,
        "split_id": 1
    },
    {
        "test_score_gib": 0.9628380715224458,
        "train_score": 0.988557942146955,
        "test_score": 0.9628380715224458,
        "num_samples": 1131,
        "fit_time": 8058,
        "score_time": 2065,
        "time": 10123,
        "parameters": {
            "max_depth": 10,
            "max_features": 0.7,
            "min_samples_leaf": 10,
            "n_estimators": 100,
            "min_samples_split": 30
        },
        "best_iteration": null,
        "done_at": 1626102617304,
        "split_id": 2
    },
    {
        "test_score_gib": 0.960566968711812,
        "train_score": 0.987549077938353,
        "test_score": 0.960566968711812,
        "num_samples": 1131,
        "fit_time": 7975,
        "score_time": 1763,
        "time": 9738,
        "parameters": {
            "max_depth": 10,
            "max_features": 0.7,
            "min_samples_leaf": 10,
            "n_estimators": 100,
            "min_samples_split": 30
        },
        "best_iteration": null,
        "done_at": 1626102616685,
        "split_id": 3
    },
    {
        "test_score_gib": 0.9605093265084965,
        "train_score": 0.986887280263052,
        "test_score": 0.9605093265084965,
        "num_samples": 1131,
        "fit_time": 8029,
        "score_time": 1976,
        "time": 10005,
        "parameters": {
            "max_depth": 10,
            "max_features": 0.7,
            "min_samples_leaf": 10,
            "n_estimators": 100,
            "min_samples_split": 30
        },
        "best_iteration": null,
        "done_at": 1626102616974,
        "split_id": 4
    },
    {
        "test_score_gib": 0.965166941845533,
        "train_score": 0.9955449398748568,
        "test_score": 0.965166941845533,
        "num_samples": 1132,
        "fit_time": 7500,
        "score_time": 1173,
        "time": 8673,
        "parameters": {
            "max_depth": 15,
            "max_features": 0.2,
            "min_samples_leaf": 5,
            "n_estimators": 100,
            "min_samples_split": 15
        },
        "best_iteration": null,
        "done_at": 1626102616237,
        "split_id": 0
    },
    {
        "test_score_gib": 0.9694608787378461,
        "train_score": 0.994967865140081,
        "test_score": 0.9694608787378461,
        "num_samples": 1132,
        "fit_time": 7495,
        "score_time": 1891,
        "time": 9386,
        "parameters": {
            "max_depth": 15,
            "max_features": 0.2,
            "min_samples_leaf": 5,
            "n_estimators": 100,
            "min_samples_split": 15
        },
        "best_iteration": null,
        "done_at": 1626102616936,
        "split_id": 1
    },
    {
        "test_score_gib": 0.9645096954185977,
        "train_score": 0.9962835856930983,
        "test_score": 0.9645096954185977,
        "num_samples": 1131,
        "fit_time": 7484,
        "score_time": 1984,
        "time": 9468,
        "parameters": {
            "max_depth": 15,
            "max_features": 0.2,
            "min_samples_leaf": 5,
            "n_estimators": 100,
            "min_samples_split": 15
        },
        "best_iteration": null,
        "done_at": 1626102617237,
        "split_id": 2
    },
    {
        "test_score_gib": 0.9675301468723341,
        "train_score": 0.9952908891801471,
        "test_score": 0.9675301468723341,
        "num_samples": 1131,
        "fit_time": 7294,
        "score_time": 3121,
        "time": 10415,
        "parameters": {
            "max_depth": 15,
            "max_features": 0.2,
            "min_samples_leaf": 5,
            "n_estimators": 100,
            "min_samples_split": 15
        },
        "best_iteration": null,
        "done_at": 1626102618158,
        "split_id": 3
    },
    {
        "test_score_gib": 0.967766479905928,
        "train_score": 0.995367775555019,
        "test_score": 0.967766479905928,
        "num_samples": 1131,
        "fit_time": 7358,
        "score_time": 1978,
        "time": 9336,
        "parameters": {
            "max_depth": 15,
            "max_features": 0.2,
            "min_samples_leaf": 5,
            "n_estimators": 100,
            "min_samples_split": 15
        },
        "best_iteration": null,
        "done_at": 1626102617215,
        "split_id": 4
    },
    {
        "test_score_gib": 0.9516831773986425,
        "train_score": 0.9657637102019905,
        "test_score": 0.9516831773986425,
        "num_samples": 1132,
        "fit_time": 7623,
        "score_time": 7748,
        "time": 15371,
        "parameters": {
            "max_depth": 6,
            "max_features": 0.7,
            "min_samples_leaf": 25,
            "n_estimators": 100,
            "min_samples_split": 75
        },
        "best_iteration": null,
        "done_at": 1626102623262,
        "split_id": 0
    },
    {
        "test_score_gib": 0.9475726930838377,
        "train_score": 0.9656529003402007,
        "test_score": 0.9475726930838377,
        "num_samples": 1132,
        "fit_time": 6388,
        "score_time": 4552,
        "time": 10940,
        "parameters": {
            "max_depth": 6,
            "max_features": 0.7,
            "min_samples_leaf": 25,
            "n_estimators": 100,
            "min_samples_split": 75
        },
        "best_iteration": null,
        "done_at": 1626102626951,
        "split_id": 1
    },
    {
        "test_score_gib": 0.9511828180120356,
        "train_score": 0.9684798198415708,
        "test_score": 0.9511828180120356,
        "num_samples": 1131,
        "fit_time": 6595,
        "score_time": 4677,
        "time": 11272,
        "parameters": {
            "max_depth": 6,
            "max_features": 0.7,
            "min_samples_leaf": 25,
            "n_estimators": 100,
            "min_samples_split": 75
        },
        "best_iteration": null,
        "done_at": 1626102627513,
        "split_id": 2
    },
    {
        "test_score_gib": 0.9447672407830117,
        "train_score": 0.967357063199163,
        "test_score": 0.9447672407830117,
        "num_samples": 1131,
        "fit_time": 6437,
        "score_time": 4594,
        "time": 11031,
        "parameters": {
            "max_depth": 6,
            "max_features": 0.7,
            "min_samples_leaf": 25,
            "n_estimators": 100,
            "min_samples_split": 75
        },
        "best_iteration": null,
        "done_at": 1626102627410,
        "split_id": 3
    },
    {
        "test_score_gib": 0.9459143206289916,
        "train_score": 0.9659687970659584,
        "test_score": 0.9459143206289916,
        "num_samples": 1131,
        "fit_time": 6820,
        "score_time": 5044,
        "time": 11864,
        "parameters": {
            "max_depth": 6,
            "max_features": 0.7,
            "min_samples_leaf": 25,
            "n_estimators": 100,
            "min_samples_split": 75
        },
        "best_iteration": null,
        "done_at": 1626102628313,
        "split_id": 4
    },
    {
        "test_score_gib": 0.9545266923500275,
        "train_score": 0.9733210866849719,
        "test_score": 0.9545266923500275,
        "num_samples": 1132,
        "fit_time": 7343,
        "score_time": 2745,
        "time": 10088,
        "parameters": {
            "max_depth": 10,
            "max_features": 0.2,
            "min_samples_leaf": 25,
            "n_estimators": 100,
            "min_samples_split": 75
        },
        "best_iteration": null,
        "done_at": 1626102627304,
        "split_id": 0
    },
    {
        "test_score_gib": 0.9552261053017794,
        "train_score": 0.973616459725652,
        "test_score": 0.9552261053017794,
        "num_samples": 1132,
        "fit_time": 7395,
        "score_time": 3635,
        "time": 11030,
        "parameters": {
            "max_depth": 10,
            "max_features": 0.2,
            "min_samples_leaf": 25,
            "n_estimators": 100,
            "min_samples_split": 75
        },
        "best_iteration": null,
        "done_at": 1626102628383,
        "split_id": 1
    },
    {
        "test_score_gib": 0.9528659703488507,
        "train_score": 0.9722680905735867,
        "test_score": 0.9528659703488507,
        "num_samples": 1131,
        "fit_time": 7015,
        "score_time": 3235,
        "time": 10250,
        "parameters": {
            "max_depth": 10,
            "max_features": 0.2,
            "min_samples_leaf": 25,
            "n_estimators": 100,
            "min_samples_split": 75
        },
        "best_iteration": null,
        "done_at": 1626102627872,
        "split_id": 2
    },
    {
        "test_score_gib": 0.9474937169998386,
        "train_score": 0.9729359960450223,
        "test_score": 0.9474937169998386,
        "num_samples": 1131,
        "fit_time": 7260,
        "score_time": 4246,
        "time": 11506,
        "parameters": {
            "max_depth": 10,
            "max_features": 0.2,
            "min_samples_leaf": 25,
            "n_estimators": 100,
            "min_samples_split": 75
        },
        "best_iteration": null,
        "done_at": 1626102629005,
        "split_id": 3
    },
    {
        "test_score_gib": 0.949171105116322,
        "train_score": 0.971350843307005,
        "test_score": 0.949171105116322,
        "num_samples": 1131,
        "fit_time": 7032,
        "score_time": 3855,
        "time": 10887,
        "parameters": {
            "max_depth": 10,
            "max_features": 0.2,
            "min_samples_leaf": 25,
            "n_estimators": 100,
            "min_samples_split": 75
        },
        "best_iteration": null,
        "done_at": 1626102628510,
        "split_id": 4
    },
    {
        "test_score_gib": 0.9510124289121263,
        "train_score": 0.9732744961749011,
        "test_score": 0.9510124289121263,
        "num_samples": 1132,
        "fit_time": 7087,
        "score_time": 5518,
        "time": 12605,
        "parameters": {
            "max_depth": 6,
            "max_features": 0.7,
            "min_samples_leaf": 10,
            "n_estimators": 100,
            "min_samples_split": 30
        },
        "best_iteration": null,
        "done_at": 1626102629302,
        "split_id": 0
    },
    {
        "test_score_gib": 0.9547674738580076,
        "train_score": 0.9744626441247748,
        "test_score": 0.9547674738580076,
        "num_samples": 1132,
        "fit_time": 7872,
        "score_time": 3086,
        "time": 10958,
        "parameters": {
            "max_depth": 6,
            "max_features": 0.7,
            "min_samples_leaf": 10,
            "n_estimators": 100,
            "min_samples_split": 30
        },
        "best_iteration": null,
        "done_at": 1626102627792,
        "split_id": 1
    },
    {
        "test_score_gib": 0.9569239814622674,
        "train_score": 0.9769919319605882,
        "test_score": 0.9569239814622674,
        "num_samples": 1131,
        "fit_time": 7535,
        "score_time": 3026,
        "time": 10561,
        "parameters": {
            "max_depth": 6,
            "max_features": 0.7,
            "min_samples_leaf": 10,
            "n_estimators": 100,
            "min_samples_split": 30
        },
        "best_iteration": null,
        "done_at": 1626102627472,
        "split_id": 2
    },
    {
        "test_score_gib": 0.9502432500979918,
        "train_score": 0.9752411501626829,
        "test_score": 0.9502432500979918,
        "num_samples": 1131,
        "fit_time": 7613,
        "score_time": 2865,
        "time": 10478,
        "parameters": {
            "max_depth": 6,
            "max_features": 0.7,
            "min_samples_leaf": 10,
            "n_estimators": 100,
            "min_samples_split": 30
        },
        "best_iteration": null,
        "done_at": 1626102627582,
        "split_id": 3
    },
    {
        "test_score_gib": 0.9495976574208572,
        "train_score": 0.9745606698168523,
        "test_score": 0.9495976574208572,
        "num_samples": 1131,
        "fit_time": 7727,
        "score_time": 3180,
        "time": 10907,
        "parameters": {
            "max_depth": 6,
            "max_features": 0.7,
            "min_samples_leaf": 10,
            "n_estimators": 100,
            "min_samples_split": 30
        },
        "best_iteration": null,
        "done_at": 1626102627925,
        "split_id": 4
    },
    {
        "test_score_gib": 0.9600417354613833,
        "train_score": 0.9957593641528658,
        "test_score": 0.9600417354613833,
        "num_samples": 1132,
        "fit_time": 9224,
        "score_time": 3139,
        "time": 12363,
        "parameters": {
            "max_depth": 15,
            "max_features": 0.7,
            "min_samples_leaf": 5,
            "n_estimators": 100,
            "min_samples_split": 15
        },
        "best_iteration": null,
        "done_at": 1626102639873,
        "split_id": 0
    },
    {
        "test_score_gib": 0.9686181434599156,
        "train_score": 0.995346705349382,
        "test_score": 0.9686181434599156,
        "num_samples": 1132,
        "fit_time": 8955,
        "score_time": 3820,
        "time": 12775,
        "parameters": {
            "max_depth": 15,
            "max_features": 0.7,
            "min_samples_leaf": 5,
            "n_estimators": 100,
            "min_samples_split": 15
        },
        "best_iteration": null,
        "done_at": 1626102640397,
        "split_id": 1
    },
    {
        "test_score_gib": 0.9666424569412742,
        "train_score": 0.9960532858506076,
        "test_score": 0.9666424569412742,
        "num_samples": 1131,
        "fit_time": 9088,
        "score_time": 3679,
        "time": 12767,
        "parameters": {
            "max_depth": 15,
            "max_features": 0.7,
            "min_samples_leaf": 5,
            "n_estimators": 100,
            "min_samples_split": 15
        },
        "best_iteration": null,
        "done_at": 1626102640440,
        "split_id": 2
    },
    {
        "test_score_gib": 0.965235987180374,
        "train_score": 0.9956771174651353,
        "test_score": 0.965235987180374,
        "num_samples": 1131,
        "fit_time": 9233,
        "score_time": 3412,
        "time": 12645,
        "parameters": {
            "max_depth": 15,
            "max_features": 0.7,
            "min_samples_leaf": 5,
            "n_estimators": 100,
            "min_samples_split": 15
        },
        "best_iteration": null,
        "done_at": 1626102640446,
        "split_id": 3
    },
    {
        "test_score_gib": 0.965080353231422,
        "train_score": 0.9950278946642294,
        "test_score": 0.965080353231422,
        "num_samples": 1131,
        "fit_time": 9020,
        "score_time": 2621,
        "time": 11641,
        "parameters": {
            "max_depth": 15,
            "max_features": 0.7,
            "min_samples_leaf": 5,
            "n_estimators": 100,
            "min_samples_split": 15
        },
        "best_iteration": null,
        "done_at": 1626102639754,
        "split_id": 4
    },
    {
        "test_score_gib": 0.9583104017611448,
        "train_score": 0.9885707542553865,
        "test_score": 0.9583104017611448,
        "num_samples": 1132,
        "fit_time": 7640,
        "score_time": 3750,
        "time": 11390,
        "parameters": {
            "max_depth": 15,
            "max_features": 0.7,
            "min_samples_leaf": 10,
            "n_estimators": 100,
            "min_samples_split": 30
        },
        "best_iteration": null,
        "done_at": 1626102629750,
        "split_id": 0
    },
    {
        "test_score_gib": 0.9630973674555127,
        "train_score": 0.9875043892217982,
        "test_score": 0.9630973674555127,
        "num_samples": 1132,
        "fit_time": 3884,
        "score_time": 9816,
        "time": 13700,
        "parameters": {
            "max_depth": 15,
            "max_features": 0.7,
            "min_samples_leaf": 10,
            "n_estimators": 100,
            "min_samples_split": 30
        },
        "best_iteration": null,
        "done_at": 1626102637060,
        "split_id": 1
    },
    {
        "test_score_gib": 0.9627689008784672,
        "train_score": 0.9887462059807539,
        "test_score": 0.9627689008784672,
        "num_samples": 1131,
        "fit_time": 5829,
        "score_time": 9180,
        "time": 15009,
        "parameters": {
            "max_depth": 15,
            "max_features": 0.7,
            "min_samples_leaf": 10,
            "n_estimators": 100,
            "min_samples_split": 30
        },
        "best_iteration": null,
        "done_at": 1626102642008,
        "split_id": 2
    },
    {
        "test_score_gib": 0.9592642549168799,
        "train_score": 0.9877822520378481,
        "test_score": 0.9592642549168799,
        "num_samples": 1131,
        "fit_time": 6600,
        "score_time": 5959,
        "time": 12559,
        "parameters": {
            "max_depth": 15,
            "max_features": 0.7,
            "min_samples_leaf": 10,
            "n_estimators": 100,
            "min_samples_split": 30
        },
        "best_iteration": null,
        "done_at": 1626102639888,
        "split_id": 3
    },
    {
        "test_score_gib": 0.9603306356782182,
        "train_score": 0.9876590182687774,
        "test_score": 0.9603306356782182,
        "num_samples": 1131,
        "fit_time": 9502,
        "score_time": 3226,
        "time": 12728,
        "parameters": {
            "max_depth": 15,
            "max_features": 0.7,
            "min_samples_leaf": 10,
            "n_estimators": 100,
            "min_samples_split": 30
        },
        "best_iteration": null,
        "done_at": 1626102640222,
        "split_id": 4
    },
    {
        "test_score_gib": 0.9601391946431848,
        "train_score": 0.9880613167089759,
        "test_score": 0.9601391946431848,
        "num_samples": 1132,
        "fit_time": 8565,
        "score_time": 3311,
        "time": 11876,
        "parameters": {
            "max_depth": 10,
            "max_features": 0.2,
            "min_samples_leaf": 10,
            "n_estimators": 100,
            "min_samples_split": 30
        },
        "best_iteration": null,
        "done_at": 1626102639901,
        "split_id": 0
    },
    {
        "test_score_gib": 0.9664453769950467,
        "train_score": 0.9877249296285423,
        "test_score": 0.9664453769950467,
        "num_samples": 1132,
        "fit_time": 8394,
        "score_time": 3218,
        "time": 11612,
        "parameters": {
            "max_depth": 10,
            "max_features": 0.2,
            "min_samples_leaf": 10,
            "n_estimators": 100,
            "min_samples_split": 30
        },
        "best_iteration": null,
        "done_at": 1626102639931,
        "split_id": 1
    },
    {
        "test_score_gib": 0.9611030412026469,
        "train_score": 0.9876841680175674,
        "test_score": 0.9611030412026469,
        "num_samples": 1131,
        "fit_time": 8940,
        "score_time": 6319,
        "time": 15259,
        "parameters": {
            "max_depth": 10,
            "max_features": 0.2,
            "min_samples_leaf": 10,
            "n_estimators": 100,
            "min_samples_split": 30
        },
        "best_iteration": null,
        "done_at": 1626102643763,
        "split_id": 2
    },
    {
        "test_score_gib": 0.9607514237624218,
        "train_score": 0.986828717276584,
        "test_score": 0.9607514237624218,
        "num_samples": 1131,
        "fit_time": 8224,
        "score_time": 5635,
        "time": 13859,
        "parameters": {
            "max_depth": 10,
            "max_features": 0.2,
            "min_samples_leaf": 10,
            "n_estimators": 100,
            "min_samples_split": 30
        },
        "best_iteration": null,
        "done_at": 1626102642612,
        "split_id": 3
    },
    {
        "test_score_gib": 0.9605208549491596,
        "train_score": 0.9867457231055772,
        "test_score": 0.9605208549491596,
        "num_samples": 1131,
        "fit_time": 7755,
        "score_time": 3851,
        "time": 11606,
        "parameters": {
            "max_depth": 10,
            "max_features": 0.2,
            "min_samples_leaf": 10,
            "n_estimators": 100,
            "min_samples_split": 30
        },
        "best_iteration": null,
        "done_at": 1626102640668,
        "split_id": 4
    },
    {
        "test_score_gib": 0.9511614841313519,
        "train_score": 0.9713376621133886,
        "test_score": 0.9511614841313519,
        "num_samples": 1132,
        "fit_time": 6619,
        "score_time": 5565,
        "time": 12184,
        "parameters": {
            "max_depth": 6,
            "max_features": 0.2,
            "min_samples_leaf": 10,
            "n_estimators": 100,
            "min_samples_split": 30
        },
        "best_iteration": null,
        "done_at": 1626102652113,
        "split_id": 0
    },
    {
        "test_score_gib": 0.9537068886442854,
        "train_score": 0.9710689122213205,
        "test_score": 0.9537068886442854,
        "num_samples": 1132,
        "fit_time": 6613,
        "score_time": 6178,
        "time": 12791,
        "parameters": {
            "max_depth": 6,
            "max_features": 0.2,
            "min_samples_leaf": 10,
            "n_estimators": 100,
            "min_samples_split": 30
        },
        "best_iteration": null,
        "done_at": 1626102652723,
        "split_id": 1
    },
    {
        "test_score_gib": 0.9471420995596136,
        "train_score": 0.9689332338840411,
        "test_score": 0.9471420995596136,
        "num_samples": 1131,
        "fit_time": 6737,
        "score_time": 5600,
        "time": 12337,
        "parameters": {
            "max_depth": 6,
            "max_features": 0.2,
            "min_samples_leaf": 10,
            "n_estimators": 100,
            "min_samples_split": 30
        },
        "best_iteration": null,
        "done_at": 1626102652275,
        "split_id": 2
    },
    {
        "test_score_gib": 0.9467097830347468,
        "train_score": 0.9711654537302108,
        "test_score": 0.9467097830347468,
        "num_samples": 1131,
        "fit_time": 6445,
        "score_time": 6462,
        "time": 12907,
        "parameters": {
            "max_depth": 6,
            "max_features": 0.2,
            "min_samples_leaf": 10,
            "n_estimators": 100,
            "min_samples_split": 30
        },
        "best_iteration": null,
        "done_at": 1626102653175,
        "split_id": 3
    },
    {
        "test_score_gib": 0.9471190426782874,
        "train_score": 0.9688437726347738,
        "test_score": 0.9471190426782874,
        "num_samples": 1131,
        "fit_time": 7384,
        "score_time": 5375,
        "time": 12759,
        "parameters": {
            "max_depth": 6,
            "max_features": 0.2,
            "min_samples_leaf": 10,
            "n_estimators": 100,
            "min_samples_split": 30
        },
        "best_iteration": null,
        "done_at": 1626102653190,
        "split_id": 4
    },
    {
        "test_score_gib": 0.9505795954870666,
        "train_score": 0.9784913740998498,
        "test_score": 0.9505795954870666,
        "num_samples": 1132,
        "fit_time": 8317,
        "score_time": 2750,
        "time": 11067,
        "parameters": {
            "max_depth": 6,
            "max_features": 0.7,
            "min_samples_leaf": 1,
            "n_estimators": 100,
            "min_samples_split": 3
        },
        "best_iteration": null,
        "done_at": 1626102640462,
        "split_id": 0
    },
    {
        "test_score_gib": 0.9562895569620253,
        "train_score": 0.9789808442848015,
        "test_score": 0.9562895569620253,
        "num_samples": 1132,
        "fit_time": 8524,
        "score_time": 2755,
        "time": 11279,
        "parameters": {
            "max_depth": 6,
            "max_features": 0.7,
            "min_samples_leaf": 1,
            "n_estimators": 100,
            "min_samples_split": 3
        },
        "best_iteration": null,
        "done_at": 1626102641265,
        "split_id": 1
    },
    {
        "test_score_gib": 0.958728182426045,
        "train_score": 0.9816345755872107,
        "test_score": 0.958728182426045,
        "num_samples": 1131,
        "fit_time": 2543,
        "score_time": 11057,
        "time": 13600,
        "parameters": {
            "max_depth": 6,
            "max_features": 0.7,
            "min_samples_leaf": 1,
            "n_estimators": 100,
            "min_samples_split": 3
        },
        "best_iteration": null,
        "done_at": 1626102650698,
        "split_id": 2
    },
    {
        "test_score_gib": 0.9531887666874179,
        "train_score": 0.9801766087216454,
        "test_score": 0.9531887666874179,
        "num_samples": 1131,
        "fit_time": 7269,
        "score_time": 6358,
        "time": 13627,
        "parameters": {
            "max_depth": 6,
            "max_features": 0.7,
            "min_samples_leaf": 1,
            "n_estimators": 100,
            "min_samples_split": 3
        },
        "best_iteration": null,
        "done_at": 1626102653429,
        "split_id": 3
    },
    {
        "test_score_gib": 0.9487849023541076,
        "train_score": 0.9791319959415492,
        "test_score": 0.9487849023541076,
        "num_samples": 1131,
        "fit_time": 7105,
        "score_time": 5725,
        "time": 12830,
        "parameters": {
            "max_depth": 6,
            "max_features": 0.7,
            "min_samples_leaf": 1,
            "n_estimators": 100,
            "min_samples_split": 3
        },
        "best_iteration": null,
        "done_at": 1626102652708,
        "split_id": 4
    },
    {
        "test_score_gib": 0.9649806228215005,
        "train_score": 0.999990645920758,
        "test_score": 0.9649806228215005,
        "num_samples": 1132,
        "fit_time": 9653,
        "score_time": 7525,
        "time": 17178,
        "parameters": {
            "max_depth": 15,
            "max_features": 0.7,
            "min_samples_leaf": 1,
            "n_estimators": 100,
            "min_samples_split": 3
        },
        "best_iteration": null,
        "done_at": 1626102657626,
        "split_id": 0
    },
    {
        "test_score_gib": 0.9740873234268941,
        "train_score": 0.999986688425694,
        "test_score": 0.9740873234268941,
        "num_samples": 1132,
        "fit_time": 10041,
        "score_time": 7513,
        "time": 17554,
        "parameters": {
            "max_depth": 15,
            "max_features": 0.7,
            "min_samples_leaf": 1,
            "n_estimators": 100,
            "min_samples_split": 3
        },
        "best_iteration": null,
        "done_at": 1626102658006,
        "split_id": 1
    },
    {
        "test_score_gib": 0.9711270203592263,
        "train_score": 0.9999982035893722,
        "test_score": 0.9711270203592263,
        "num_samples": 1131,
        "fit_time": 9351,
        "score_time": 5407,
        "time": 14758,
        "parameters": {
            "max_depth": 15,
            "max_features": 0.7,
            "min_samples_leaf": 1,
            "n_estimators": 100,
            "min_samples_split": 3
        },
        "best_iteration": null,
        "done_at": 1626102655234,
        "split_id": 2
    },
    {
        "test_score_gib": 0.972095409374928,
        "train_score": 0.9999982035893722,
        "test_score": 0.972095409374928,
        "num_samples": 1131,
        "fit_time": 9892,
        "score_time": 4922,
        "time": 14814,
        "parameters": {
            "max_depth": 15,
            "max_features": 0.7,
            "min_samples_leaf": 1,
            "n_estimators": 100,
            "min_samples_split": 3
        },
        "best_iteration": null,
        "done_at": 1626102655622,
        "split_id": 3
    },
    {
        "test_score_gib": 0.9689625556247262,
        "train_score": 0.9999996407178744,
        "test_score": 0.9689625556247262,
        "num_samples": 1131,
        "fit_time": 9673,
        "score_time": 3373,
        "time": 13046,
        "parameters": {
            "max_depth": 15,
            "max_features": 0.7,
            "min_samples_leaf": 1,
            "n_estimators": 100,
            "min_samples_split": 3
        },
        "best_iteration": null,
        "done_at": 1626102654406,
        "split_id": 4
    },
    {
        "test_score_gib": 0.9487135388002201,
        "train_score": 0.9643742696622746,
        "test_score": 0.9487135388002201,
        "num_samples": 1132,
        "fit_time": 8862,
        "score_time": 5242,
        "time": 14104,
        "parameters": {
            "max_depth": 6,
            "max_features": 0.2,
            "min_samples_leaf": 25,
            "n_estimators": 100,
            "min_samples_split": 75
        },
        "best_iteration": null,
        "done_at": 1626102656304,
        "split_id": 0
    },
    {
        "test_score_gib": 0.947733214089158,
        "train_score": 0.9623940830411982,
        "test_score": 0.947733214089158,
        "num_samples": 1132,
        "fit_time": 8028,
        "score_time": 2277,
        "time": 10305,
        "parameters": {
            "max_depth": 6,
            "max_features": 0.2,
            "min_samples_leaf": 25,
            "n_estimators": 100,
            "min_samples_split": 75
        },
        "best_iteration": null,
        "done_at": 1626102653265,
        "split_id": 1
    },
    {
        "test_score_gib": 0.9476262940674643,
        "train_score": 0.9629784919348348,
        "test_score": 0.9476262940674643,
        "num_samples": 1131,
        "fit_time": 6958,
        "score_time": 3495,
        "time": 10453,
        "parameters": {
            "max_depth": 6,
            "max_features": 0.2,
            "min_samples_leaf": 25,
            "n_estimators": 100,
            "min_samples_split": 75
        },
        "best_iteration": null,
        "done_at": 1626102654503,
        "split_id": 2
    },
    {
        "test_score_gib": 0.9404671324156695,
        "train_score": 0.9635551397463756,
        "test_score": 0.9404671324156695,
        "num_samples": 1131,
        "fit_time": 2170,
        "score_time": 10052,
        "time": 12222,
        "parameters": {
            "max_depth": 6,
            "max_features": 0.2,
            "min_samples_leaf": 25,
            "n_estimators": 100,
            "min_samples_split": 75
        },
        "best_iteration": null,
        "done_at": 1626102663014,
        "split_id": 3
    },
    {
        "test_score_gib": 0.9403979617716908,
        "train_score": 0.9612654347601145,
        "test_score": 0.9403979617716908,
        "num_samples": 1131,
        "fit_time": 3225,
        "score_time": 7983,
        "time": 11208,
        "parameters": {
            "max_depth": 6,
            "max_features": 0.2,
            "min_samples_leaf": 25,
            "n_estimators": 100,
            "min_samples_split": 75
        },
        "best_iteration": null,
        "done_at": 1626102663337,
        "split_id": 4
    },
    {
        "test_score_gib": 0.9518723628691983,
        "train_score": 0.9767290295934286,
        "test_score": 0.9518723628691983,
        "num_samples": 1132,
        "fit_time": 7475,
        "score_time": 6087,
        "time": 13562,
        "parameters": {
            "max_depth": 6,
            "max_features": 0.7,
            "min_samples_leaf": 5,
            "n_estimators": 100,
            "min_samples_split": 15
        },
        "best_iteration": null,
        "done_at": 1626102666849,
        "split_id": 0
    },
    {
        "test_score_gib": 0.9562236286919832,
        "train_score": 0.9774919267100696,
        "test_score": 0.9562236286919832,
        "num_samples": 1132,
        "fit_time": 6959,
        "score_time": 5199,
        "time": 12158,
        "parameters": {
            "max_depth": 6,
            "max_features": 0.7,
            "min_samples_leaf": 5,
            "n_estimators": 100,
            "min_samples_split": 15
        },
        "best_iteration": null,
        "done_at": 1626102665618,
        "split_id": 1
    },
    {
        "test_score_gib": 0.9589529870189757,
        "train_score": 0.980362716862691,
        "test_score": 0.9589529870189757,
        "num_samples": 1131,
        "fit_time": 6863,
        "score_time": 4742,
        "time": 11605,
        "parameters": {
            "max_depth": 6,
            "max_features": 0.7,
            "min_samples_leaf": 5,
            "n_estimators": 100,
            "min_samples_split": 15
        },
        "best_iteration": null,
        "done_at": 1626102666168,
        "split_id": 2
    },
    {
        "test_score_gib": 0.9521857923497268,
        "train_score": 0.9782131319054024,
        "test_score": 0.9521857923497268,
        "num_samples": 1131,
        "fit_time": 6610,
        "score_time": 4207,
        "time": 10817,
        "parameters": {
            "max_depth": 6,
            "max_features": 0.7,
            "min_samples_leaf": 5,
            "n_estimators": 100,
            "min_samples_split": 15
        },
        "best_iteration": null,
        "done_at": 1626102665461,
        "split_id": 3
    },
    {
        "test_score_gib": 0.9479145050840424,
        "train_score": 0.9772479204750573,
        "test_score": 0.9479145050840424,
        "num_samples": 1131,
        "fit_time": 6930,
        "score_time": 5246,
        "time": 12176,
        "parameters": {
            "max_depth": 6,
            "max_features": 0.7,
            "min_samples_leaf": 5,
            "n_estimators": 100,
            "min_samples_split": 15
        },
        "best_iteration": null,
        "done_at": 1626102667420,
        "split_id": 4
    },
    {
        "test_score_gib": 0.9544750963126033,
        "train_score": 0.9738056999441632,
        "test_score": 0.9544750963126033,
        "num_samples": 1132,
        "fit_time": 4747,
        "score_time": 7426,
        "time": 12173,
        "parameters": {
            "max_depth": 15,
            "max_features": 0.2,
            "min_samples_leaf": 25,
            "n_estimators": 100,
            "min_samples_split": 75
        },
        "best_iteration": null,
        "done_at": 1626102664477,
        "split_id": 0
    },
    {
        "test_score_gib": 0.9548018712162906,
        "train_score": 0.9739737135982409,
        "test_score": 0.9548018712162906,
        "num_samples": 1132,
        "fit_time": 4982,
        "score_time": 6865,
        "time": 11847,
        "parameters": {
            "max_depth": 15,
            "max_features": 0.2,
            "min_samples_leaf": 25,
            "n_estimators": 100,
            "min_samples_split": 75
        },
        "best_iteration": null,
        "done_at": 1626102664587,
        "split_id": 1
    },
    {
        "test_score_gib": 0.9531080676027759,
        "train_score": 0.9729974332884951,
        "test_score": 0.9531080676027759,
        "num_samples": 1131,
        "fit_time": 5283,
        "score_time": 6332,
        "time": 11615,
        "parameters": {
            "max_depth": 15,
            "max_features": 0.2,
            "min_samples_leaf": 25,
            "n_estimators": 100,
            "min_samples_split": 75
        },
        "best_iteration": null,
        "done_at": 1626102664409,
        "split_id": 2
    },
    {
        "test_score_gib": 0.947591708745475,
        "train_score": 0.9729985111348716,
        "test_score": 0.947591708745475,
        "num_samples": 1131,
        "fit_time": 6692,
        "score_time": 3886,
        "time": 10578,
        "parameters": {
            "max_depth": 15,
            "max_features": 0.2,
            "min_samples_leaf": 25,
            "n_estimators": 100,
            "min_samples_split": 75
        },
        "best_iteration": null,
        "done_at": 1626102663758,
        "split_id": 3
    },
    {
        "test_score_gib": 0.9489808858453805,
        "train_score": 0.9723054559146461,
        "test_score": 0.9489808858453805,
        "num_samples": 1131,
        "fit_time": 7245,
        "score_time": 8033,
        "time": 15278,
        "parameters": {
            "max_depth": 15,
            "max_features": 0.2,
            "min_samples_leaf": 25,
            "n_estimators": 100,
            "min_samples_split": 75
        },
        "best_iteration": null,
        "done_at": 1626102668545,
        "split_id": 4
    },
    {
        "test_score_gib": 0.9597780223812145,
        "train_score": 0.9887031504538887,
        "test_score": 0.9597780223812145,
        "num_samples": 1132,
        "fit_time": 5904,
        "score_time": 4065,
        "time": 9969,
        "parameters": {
            "max_depth": 15,
            "max_features": 0.2,
            "min_samples_leaf": 10,
            "n_estimators": 100,
            "min_samples_split": 30
        },
        "best_iteration": null,
        "done_at": 1626102665611,
        "split_id": 0
    },
    {
        "test_score_gib": 0.96497202348193,
        "train_score": 0.9889996028114044,
        "test_score": 0.96497202348193,
        "num_samples": 1132,
        "fit_time": 6334,
        "score_time": 5705,
        "time": 12039,
        "parameters": {
            "max_depth": 15,
            "max_features": 0.2,
            "min_samples_leaf": 10,
            "n_estimators": 100,
            "min_samples_split": 30
        },
        "best_iteration": null,
        "done_at": 1626102668663,
        "split_id": 1
    },
    {
        "test_score_gib": 0.9604747411865072,
        "train_score": 0.9888191402522448,
        "test_score": 0.9604747411865072,
        "num_samples": 1131,
        "fit_time": 5169,
        "score_time": 3242,
        "time": 8411,
        "parameters": {
            "max_depth": 15,
            "max_features": 0.2,
            "min_samples_leaf": 10,
            "n_estimators": 100,
            "min_samples_split": 30
        },
        "best_iteration": null,
        "done_at": 1626102666344,
        "split_id": 2
    },
    {
        "test_score_gib": 0.9614431302022088,
        "train_score": 0.9880369830648777,
        "test_score": 0.9614431302022088,
        "num_samples": 1131,
        "fit_time": 4879,
        "score_time": 12209,
        "time": 17088,
        "parameters": {
            "max_depth": 15,
            "max_features": 0.2,
            "min_samples_leaf": 10,
            "n_estimators": 100,
            "min_samples_split": 30
        },
        "best_iteration": null,
        "done_at": 1626102675452,
        "split_id": 3
    },
    {
        "test_score_gib": 0.9634317862165964,
        "train_score": 0.9884494389450327,
        "test_score": 0.9634317862165964,
        "num_samples": 1131,
        "fit_time": 2562,
        "score_time": 11419,
        "time": 13981,
        "parameters": {
            "max_depth": 15,
            "max_features": 0.2,
            "min_samples_leaf": 10,
            "n_estimators": 100,
            "min_samples_split": 30
        },
        "best_iteration": null,
        "done_at": 1626102677031,
        "split_id": 4
    },
    {
        "test_score_gib": 0.9620425151348376,
        "train_score": 0.9939209278095338,
        "test_score": 0.9620425151348376,
        "num_samples": 1132,
        "fit_time": 2885,
        "score_time": 10261,
        "time": 13146,
        "parameters": {
            "max_depth": 10,
            "max_features": 0.2,
            "min_samples_leaf": 5,
            "n_estimators": 100,
            "min_samples_split": 15
        },
        "best_iteration": null,
        "done_at": 1626102676496,
        "split_id": 0
    },
    {
        "test_score_gib": 0.9678270042194094,
        "train_score": 0.9930740238658539,
        "test_score": 0.9678270042194094,
        "num_samples": 1132,
        "fit_time": 4596,
        "score_time": 7943,
        "time": 12539,
        "parameters": {
            "max_depth": 10,
            "max_features": 0.2,
            "min_samples_leaf": 5,
            "n_estimators": 100,
            "min_samples_split": 15
        },
        "best_iteration": null,
        "done_at": 1626102676311,
        "split_id": 1
    },
    {
        "test_score_gib": 0.963500956860575,
        "train_score": 0.9944275342324009,
        "test_score": 0.963500956860575,
        "num_samples": 1131,
        "fit_time": 6247,
        "score_time": 6538,
        "time": 12785,
        "parameters": {
            "max_depth": 10,
            "max_features": 0.2,
            "min_samples_leaf": 5,
            "n_estimators": 100,
            "min_samples_split": 15
        },
        "best_iteration": null,
        "done_at": 1626102677235,
        "split_id": 2
    },
    {
        "test_score_gib": 0.9636047128265431,
        "train_score": 0.9931053760103014,
        "test_score": 0.9636047128265431,
        "num_samples": 1131,
        "fit_time": 6196,
        "score_time": 8619,
        "time": 14815,
        "parameters": {
            "max_depth": 10,
            "max_features": 0.2,
            "min_samples_leaf": 5,
            "n_estimators": 100,
            "min_samples_split": 15
        },
        "best_iteration": null,
        "done_at": 1626102679316,
        "split_id": 3
    },
    {
        "test_score_gib": 0.965927693620161,
        "train_score": 0.9928082496924545,
        "test_score": 0.965927693620161,
        "num_samples": 1131,
        "fit_time": 6661,
        "score_time": 10248,
        "time": 16909,
        "parameters": {
            "max_depth": 10,
            "max_features": 0.2,
            "min_samples_leaf": 5,
            "n_estimators": 100,
            "min_samples_split": 15
        },
        "best_iteration": null,
        "done_at": 1626102681532,
        "split_id": 4
    },
    {
        "test_score_gib": 0.9533227848101267,
        "train_score": 0.9735750859136201,
        "test_score": 0.9533227848101267,
        "num_samples": 1132,
        "fit_time": 7774,
        "score_time": 3829,
        "time": 11603,
        "parameters": {
            "max_depth": 15,
            "max_features": 0.7,
            "min_samples_leaf": 25,
            "n_estimators": 100,
            "min_samples_split": 75
        },
        "best_iteration": null,
        "done_at": 1626102677160,
        "split_id": 0
    },
    {
        "test_score_gib": 0.9488511282333517,
        "train_score": 0.9723327922358265,
        "test_score": 0.9488511282333517,
        "num_samples": 1132,
        "fit_time": 7281,
        "score_time": 8452,
        "time": 15733,
        "parameters": {
            "max_depth": 15,
            "max_features": 0.7,
            "min_samples_leaf": 25,
            "n_estimators": 100,
            "min_samples_split": 75
        },
        "best_iteration": null,
        "done_at": 1626102681375,
        "split_id": 1
    },
    {
        "test_score_gib": 0.9545779437873232,
        "train_score": 0.9736189913657319,
        "test_score": 0.9545779437873232,
        "num_samples": 1131,
        "fit_time": 8381,
        "score_time": 6359,
        "time": 14740,
        "parameters": {
            "max_depth": 15,
            "max_features": 0.7,
            "min_samples_leaf": 25,
            "n_estimators": 100,
            "min_samples_split": 75
        },
        "best_iteration": null,
        "done_at": 1626102680429,
        "split_id": 2
    },
    {
        "test_score_gib": 0.9506582739618639,
        "train_score": 0.9731526431667414,
        "test_score": 0.9506582739618639,
        "num_samples": 1131,
        "fit_time": 8678,
        "score_time": 5734,
        "time": 14412,
        "parameters": {
            "max_depth": 15,
            "max_features": 0.7,
            "min_samples_leaf": 25,
            "n_estimators": 100,
            "min_samples_split": 75
        },
        "best_iteration": null,
        "done_at": 1626102680715,
        "split_id": 3
    },
    {
        "test_score_gib": 0.9532809942127227,
        "train_score": 0.9732421044160086,
        "test_score": 0.9532809942127227,
        "num_samples": 1131,
        "fit_time": 8117,
        "score_time": 7086,
        "time": 15203,
        "parameters": {
            "max_depth": 15,
            "max_features": 0.7,
            "min_samples_leaf": 25,
            "n_estimators": 100,
            "min_samples_split": 75
        },
        "best_iteration": null,
        "done_at": 1626102681619,
        "split_id": 4
    },
    {
        "test_score_gib": 0.9530017427994862,
        "train_score": 0.9734056331704284,
        "test_score": 0.9530017427994862,
        "num_samples": 1132,
        "fit_time": 8269,
        "score_time": 7164,
        "time": 15433,
        "parameters": {
            "max_depth": 10,
            "max_features": 0.7,
            "min_samples_leaf": 25,
            "n_estimators": 100,
            "min_samples_split": 75
        },
        "best_iteration": null,
        "done_at": 1626102682315,
        "split_id": 0
    },
    {
        "test_score_gib": 0.9496594661529995,
        "train_score": 0.9721010988884476,
        "test_score": 0.9496594661529995,
        "num_samples": 1132,
        "fit_time": 8042,
        "score_time": 4916,
        "time": 12958,
        "parameters": {
            "max_depth": 10,
            "max_features": 0.7,
            "min_samples_leaf": 25,
            "n_estimators": 100,
            "min_samples_split": 75
        },
        "best_iteration": null,
        "done_at": 1626102680606,
        "split_id": 1
    },
    {
        "test_score_gib": 0.9544626593806922,
        "train_score": 0.9737012669724876,
        "test_score": 0.9544626593806922,
        "num_samples": 1131,
        "fit_time": 7862,
        "score_time": 3986,
        "time": 11848,
        "parameters": {
            "max_depth": 10,
            "max_features": 0.7,
            "min_samples_leaf": 25,
            "n_estimators": 100,
            "min_samples_split": 75
        },
        "best_iteration": null,
        "done_at": 1626102680452,
        "split_id": 2
    },
    {
        "test_score_gib": 0.9503008923013074,
        "train_score": 0.9730423435541913,
        "test_score": 0.9503008923013074,
        "num_samples": 1131,
        "fit_time": 7780,
        "score_time": 6906,
        "time": 14686,
        "parameters": {
            "max_depth": 10,
            "max_features": 0.7,
            "min_samples_leaf": 25,
            "n_estimators": 100,
            "min_samples_split": 75
        },
        "best_iteration": null,
        "done_at": 1626102683768,
        "split_id": 3
    },
    {
        "test_score_gib": 0.953108067602776,
        "train_score": 0.9730991101300314,
        "test_score": 0.953108067602776,
        "num_samples": 1131,
        "fit_time": 4385,
        "score_time": 6858,
        "time": 11243,
        "parameters": {
            "max_depth": 10,
            "max_features": 0.7,
            "min_samples_leaf": 25,
            "n_estimators": 100,
            "min_samples_split": 75
        },
        "best_iteration": null,
        "done_at": 1626102686780,
        "split_id": 4
    },
    {
        "test_score_gib": 0.9665371032838012,
        "train_score": 0.9999895666039225,
        "test_score": 0.9665371032838012,
        "num_samples": 1132,
        "fit_time": 3969,
        "score_time": 7173,
        "time": 11142,
        "parameters": {
            "max_depth": 15,
            "max_features": 0.2,
            "min_samples_leaf": 1,
            "n_estimators": 100,
            "min_samples_split": 3
        },
        "best_iteration": null,
        "done_at": 1626102687593,
        "split_id": 0
    },
    {
        "test_score_gib": 0.9751020454962392,
        "train_score": 1.0,
        "test_score": 0.9751020454962392,
        "num_samples": 1132,
        "fit_time": 4125,
        "score_time": 6199,
        "time": 10324,
        "parameters": {
            "max_depth": 15,
            "max_features": 0.2,
            "min_samples_leaf": 1,
            "n_estimators": 100,
            "min_samples_split": 3
        },
        "best_iteration": null,
        "done_at": 1626102687012,
        "split_id": 1
    },
    {
        "test_score_gib": 0.9674609762283554,
        "train_score": 0.9999985628714976,
        "test_score": 0.9674609762283554,
        "num_samples": 1131,
        "fit_time": 4833,
        "score_time": 5744,
        "time": 10577,
        "parameters": {
            "max_depth": 15,
            "max_features": 0.2,
            "min_samples_leaf": 1,
            "n_estimators": 100,
            "min_samples_split": 3
        },
        "best_iteration": null,
        "done_at": 1626102687636,
        "split_id": 2
    },
    {
        "test_score_gib": 0.972994627746651,
        "train_score": 0.9999996407178744,
        "test_score": 0.972994627746651,
        "num_samples": 1131,
        "fit_time": 4866,
        "score_time": 5037,
        "time": 9903,
        "parameters": {
            "max_depth": 15,
            "max_features": 0.2,
            "min_samples_leaf": 1,
            "n_estimators": 100,
            "min_samples_split": 3
        },
        "best_iteration": null,
        "done_at": 1626102687129,
        "split_id": 3
    },
    {
        "test_score_gib": 0.9719224827649813,
        "train_score": 0.9999992814357489,
        "test_score": 0.9719224827649813,
        "num_samples": 1131,
        "fit_time": 5209,
        "score_time": 5306,
        "time": 10515,
        "parameters": {
            "max_depth": 15,
            "max_features": 0.2,
            "min_samples_leaf": 1,
            "n_estimators": 100,
            "min_samples_split": 3
        },
        "best_iteration": null,
        "done_at": 1626102687785,
        "split_id": 4
    },
    {
        "test_score_gib": 0.95209021280499,
        "train_score": 0.9745266835903545,
        "test_score": 0.95209021280499,
        "num_samples": 1132,
        "fit_time": 4350,
        "score_time": 2311,
        "time": 6661,
        "parameters": {
            "max_depth": 6,
            "max_features": 0.2,
            "min_samples_leaf": 5,
            "n_estimators": 100,
            "min_samples_split": 15
        },
        "best_iteration": null,
        "done_at": 1626102688082,
        "split_id": 0
    },
    {
        "test_score_gib": 0.955873922216107,
        "train_score": 0.9745299215408615,
        "test_score": 0.955873922216107,
        "num_samples": 1132,
        "fit_time": 4222,
        "score_time": 5081,
        "time": 9303,
        "parameters": {
            "max_depth": 6,
            "max_features": 0.2,
            "min_samples_leaf": 5,
            "n_estimators": 100,
            "min_samples_split": 15
        },
        "best_iteration": null,
        "done_at": 1626102690863,
        "split_id": 1
    },
    {
        "test_score_gib": 0.9532637015517281,
        "train_score": 0.9733416255647914,
        "test_score": 0.9532637015517281,
        "num_samples": 1131,
        "fit_time": 4204,
        "score_time": 2530,
        "time": 6734,
        "parameters": {
            "max_depth": 6,
            "max_features": 0.2,
            "min_samples_leaf": 5,
            "n_estimators": 100,
            "min_samples_split": 15
        },
        "best_iteration": null,
        "done_at": 1626102688580,
        "split_id": 2
    },
    {
        "test_score_gib": 0.9509695418597681,
        "train_score": 0.9751067786477197,
        "test_score": 0.9509695418597681,
        "num_samples": 1131,
        "fit_time": 3616,
        "score_time": 6578,
        "time": 10194,
        "parameters": {
            "max_depth": 6,
            "max_features": 0.2,
            "min_samples_leaf": 5,
            "n_estimators": 100,
            "min_samples_split": 15
        },
        "best_iteration": null,
        "done_at": 1626102692662,
        "split_id": 3
    },
    {
        "test_score_gib": 0.9497244702681515,
        "train_score": 0.9738758780855148,
        "test_score": 0.9497244702681515,
        "num_samples": 1131,
        "fit_time": 2593,
        "score_time": 6213,
        "time": 8806,
        "parameters": {
            "max_depth": 6,
            "max_features": 0.2,
            "min_samples_leaf": 5,
            "n_estimators": 100,
            "min_samples_split": 15
        },
        "best_iteration": null,
        "done_at": 1626102692638,
        "split_id": 4
    },
    {
        "test_score_gib": 0.9635445331131903,
        "train_score": 0.9981047196366588,
        "test_score": 0.9635445331131903,
        "num_samples": 1132,
        "fit_time": 5417,
        "score_time": 4427,
        "time": 9844,
        "parameters": {
            "max_depth": 10,
            "max_features": 0.2,
            "min_samples_leaf": 1,
            "n_estimators": 100,
            "min_samples_split": 3
        },
        "best_iteration": null,
        "done_at": 1626102689195,
        "split_id": 0
    },
    {
        "test_score_gib": 0.973072601357549,
        "train_score": 0.9980374422205721,
        "test_score": 0.973072601357549,
        "num_samples": 1132,
        "fit_time": 4971,
        "score_time": 5278,
        "time": 10249,
        "parameters": {
            "max_depth": 10,
            "max_features": 0.2,
            "min_samples_leaf": 1,
            "n_estimators": 100,
            "min_samples_split": 3
        },
        "best_iteration": null,
        "done_at": 1626102690753,
        "split_id": 1
    },
    {
        "test_score_gib": 0.9649247192824699,
        "train_score": 0.9984841887122179,
        "test_score": 0.9649247192824699,
        "num_samples": 1131,
        "fit_time": 4831,
        "score_time": 7690,
        "time": 12521,
        "parameters": {
            "max_depth": 10,
            "max_features": 0.2,
            "min_samples_leaf": 1,
            "n_estimators": 100,
            "min_samples_split": 3
        },
        "best_iteration": null,
        "done_at": 1626102693052,
        "split_id": 2
    },
    {
        "test_score_gib": 0.9663657743653593,
        "train_score": 0.9979129301325608,
        "test_score": 0.9663657743653593,
        "num_samples": 1131,
        "fit_time": 4682,
        "score_time": 4103,
        "time": 8785,
        "parameters": {
            "max_depth": 10,
            "max_features": 0.2,
            "min_samples_leaf": 1,
            "n_estimators": 100,
            "min_samples_split": 3
        },
        "best_iteration": null,
        "done_at": 1626102689576,
        "split_id": 3
    },
    {
        "test_score_gib": 0.967126651449125,
        "train_score": 0.9980228704629853,
        "test_score": 0.967126651449125,
        "num_samples": 1131,
        "fit_time": 4883,
        "score_time": 6866,
        "time": 11749,
        "parameters": {
            "max_depth": 10,
            "max_features": 0.2,
            "min_samples_leaf": 1,
            "n_estimators": 100,
            "min_samples_split": 3
        },
        "best_iteration": null,
        "done_at": 1626102692613,
        "split_id": 4
    },
    {
        "test_score_gib": 0.9606264905521922,
        "train_score": 0.994521027970136,
        "test_score": 0.9606264905521922,
        "num_samples": 1132,
        "fit_time": 5658,
        "score_time": 5802,
        "time": 11460,
        "parameters": {
            "max_depth": 10,
            "max_features": 0.7,
            "min_samples_leaf": 5,
            "n_estimators": 100,
            "min_samples_split": 15
        },
        "best_iteration": null,
        "done_at": 1626102698251,
        "split_id": 0
    },
    {
        "test_score_gib": 0.9684461566685012,
        "train_score": 0.9938558090271181,
        "test_score": 0.9684461566685012,
        "num_samples": 1132,
        "fit_time": 5606,
        "score_time": 5534,
        "time": 11140,
        "parameters": {
            "max_depth": 10,
            "max_features": 0.7,
            "min_samples_leaf": 5,
            "n_estimators": 100,
            "min_samples_split": 15
        },
        "best_iteration": null,
        "done_at": 1626102698210,
        "split_id": 1
    },
    {
        "test_score_gib": 0.9659507505014872,
        "train_score": 0.9952908891801471,
        "test_score": 0.9659507505014872,
        "num_samples": 1131,
        "fit_time": 6002,
        "score_time": 5448,
        "time": 11450,
        "parameters": {
            "max_depth": 10,
            "max_features": 0.7,
            "min_samples_leaf": 5,
            "n_estimators": 100,
            "min_samples_split": 15
        },
        "best_iteration": null,
        "done_at": 1626102698591,
        "split_id": 2
    },
    {
        "test_score_gib": 0.9632473311659865,
        "train_score": 0.9944365162855402,
        "test_score": 0.9632473311659865,
        "num_samples": 1131,
        "fit_time": 6392,
        "score_time": 4671,
        "time": 11063,
        "parameters": {
            "max_depth": 10,
            "max_features": 0.7,
            "min_samples_leaf": 5,
            "n_estimators": 100,
            "min_samples_split": 15
        },
        "best_iteration": null,
        "done_at": 1626102698674,
        "split_id": 3
    },
    {
        "test_score_gib": 0.9613624311175671,
        "train_score": 0.9939169943319651,
        "test_score": 0.9613624311175671,
        "num_samples": 1131,
        "fit_time": 5886,
        "score_time": 4642,
        "time": 10528,
        "parameters": {
            "max_depth": 10,
            "max_features": 0.7,
            "min_samples_leaf": 5,
            "n_estimators": 100,
            "min_samples_split": 15
        },
        "best_iteration": null,
        "done_at": 1626102698176,
        "split_id": 4
    },
    {
        "test_score_gib": 0.9625183452577508,
        "train_score": 0.9976747917638052,
        "test_score": 0.9625183452577508,
        "num_samples": 1132,
        "fit_time": 8186,
        "score_time": 2549,
        "time": 10735,
        "parameters": {
            "max_depth": 10,
            "max_features": 0.7,
            "min_samples_leaf": 1,
            "n_estimators": 100,
            "min_samples_split": 3
        },
        "best_iteration": null,
        "done_at": 1626102698649,
        "split_id": 0
    },
    {
        "test_score_gib": 0.9721725371491469,
        "train_score": 0.9972783227128555,
        "test_score": 0.9721725371491469,
        "num_samples": 1132,
        "fit_time": 8039,
        "score_time": 2618,
        "time": 10657,
        "parameters": {
            "max_depth": 10,
            "max_features": 0.7,
            "min_samples_leaf": 1,
            "n_estimators": 100,
            "min_samples_split": 3
        },
        "best_iteration": null,
        "done_at": 1626102698782,
        "split_id": 1
    },
    {
        "test_score_gib": 0.9687982753452767,
        "train_score": 0.9988427522735374,
        "test_score": 0.9687982753452767,
        "num_samples": 1131,
        "fit_time": 7835,
        "score_time": 2301,
        "time": 10136,
        "parameters": {
            "max_depth": 10,
            "max_features": 0.7,
            "min_samples_leaf": 1,
            "n_estimators": 100,
            "min_samples_split": 3
        },
        "best_iteration": null,
        "done_at": 1626102698744,
        "split_id": 2
    },
    {
        "test_score_gib": 0.9692421203108068,
        "train_score": 0.9976844267006979,
        "test_score": 0.9692421203108068,
        "num_samples": 1131,
        "fit_time": 7030,
        "score_time": 2417,
        "time": 9447,
        "parameters": {
            "max_depth": 10,
            "max_features": 0.7,
            "min_samples_leaf": 1,
            "n_estimators": 100,
            "min_samples_split": 3
        },
        "best_iteration": null,
        "done_at": 1626102698766,
        "split_id": 3
    },
    {
        "test_score_gib": 0.9634144935556016,
        "train_score": 0.9975511330321112,
        "test_score": 0.9634144935556016,
        "num_samples": 1131,
        "fit_time": 6451,
        "score_time": 2495,
        "time": 8946,
        "parameters": {
            "max_depth": 10,
            "max_features": 0.7,
            "min_samples_leaf": 1,
            "n_estimators": 100,
            "min_samples_split": 3
        },
        "best_iteration": null,
        "done_at": 1626102698739,
        "split_id": 4
    }
]