{
    "modelInputNRows": 5657,
    "modelInputNCols": 31,
    "modelInputIsSparse": false,
    "modelInputMemory": 1402936,
    "usedGridSearch": true,
    "gridSize": 24,
    "gridBestScore": 0.9708034528057152,
    "gridCells": [
        {
            "params": {
                "max_depth": 10,
                "max_features": 0.7,
                "min_samples_leaf": 10,
                "n_estimators": 100,
                "min_samples_split": 30
            },
            "score": 0.9610499598908775,
            "scoreStd": 0.002070727809190649,
            "fitTime": 7.983,
            "fitTimeStd": 0.07196387982870296,
            "scoreTime": 1.8962,
            "scoreTimeStd": 0.19379721360226004
        },
        {
            "params": {
                "max_depth": 6,
                "max_features": 0.2,
                "min_samples_leaf": 1,
                "n_estimators": 100,
                "min_samples_split": 3
            },
            "score": 0.9511321729407172,
            "scoreStd": 0.003148189589926472,
            "fitTime": 7.34,
            "fitTimeStd": 0.265947363213099,
            "scoreTime": 2.1782,
            "scoreTimeStd": 0.406308454256123
        },
        {
            "params": {
                "max_depth": 15,
                "max_features": 0.2,
                "min_samples_leaf": 5,
                "n_estimators": 100,
                "min_samples_split": 15
            },
            "score": 0.9668869795483532,
            "scoreStd": 0.001812446753177432,
            "fitTime": 7.4262,
            "fitTimeStd": 0.08443790617963001,
            "scoreTime": 2.0294,
            "scoreTimeStd": 0.6243187006649729
        },
        {
            "params": {
                "max_depth": 6,
                "max_features": 0.7,
                "min_samples_leaf": 25,
                "n_estimators": 100,
                "min_samples_split": 75
            },
            "score": 0.9482245463169094,
            "scoreStd": 0.0027722149822761335,
            "fitTime": 6.772600000000001,
            "fitTimeStd": 0.4511126688533586,
            "scoreTime": 5.323,
            "scoreTimeStd": 1.224880728887511
        },
        {
            "params": {
                "max_depth": 6,
                "max_features": 0.7,
                "min_samples_leaf": 10,
                "n_estimators": 100,
                "min_samples_split": 30
            },
            "score": 0.9525090930481588,
            "scoreStd": 0.002843737630574867,
            "fitTime": 7.5668,
            "fitTimeStd": 0.26539208729726665,
            "scoreTime": 3.535,
            "scoreTimeStd": 0.9967844300549642
        },
        {
            "params": {
                "max_depth": 10,
                "max_features": 0.2,
                "min_samples_leaf": 25,
                "n_estimators": 100,
                "min_samples_split": 75
            },
            "score": 0.951857785614243,
            "scoreStd": 0.003024849540787585,
            "fitTime": 7.209,
            "fitTimeStd": 0.15755506973753655,
            "scoreTime": 3.5431999999999997,
            "scoreTimeStd": 0.5160784436498002
        },
        {
            "params": {
                "max_depth": 15,
                "max_features": 0.7,
                "min_samples_leaf": 10,
                "n_estimators": 100,
                "min_samples_split": 30
            },
            "score": 0.9607542943096798,
            "scoreStd": 0.001893395981115711,
            "fitTime": 6.691,
            "fitTimeStd": 1.8672383886370802,
            "scoreTime": 6.3862,
            "scoreTimeStd": 2.7087916420426286
        },
        {
            "params": {
                "max_depth": 15,
                "max_features": 0.7,
                "min_samples_leaf": 5,
                "n_estimators": 100,
                "min_samples_split": 15
            },
            "score": 0.96512345461291,
            "scoreStd": 0.002841758598479263,
            "fitTime": 9.104,
            "fitTimeStd": 0.11004907995980702,
            "scoreTime": 3.3341999999999996,
            "scoreTimeStd": 0.4260748291086907
        },
        {
            "params": {
                "max_depth": 10,
                "max_features": 0.2,
                "min_samples_leaf": 10,
                "n_estimators": 100,
                "min_samples_split": 30
            },
            "score": 0.9617925087356319,
            "scoreStd": 0.002348223363230679,
            "fitTime": 8.3756,
            "fitTimeStd": 0.39061111095308076,
            "scoreTime": 4.4668,
            "scoreTimeStd": 1.27042676294228
        },
        {
            "params": {
                "max_depth": 6,
                "max_features": 0.7,
                "min_samples_leaf": 1,
                "n_estimators": 100,
                "min_samples_split": 3
            },
            "score": 0.953514172632525,
            "scoreStd": 0.0036321723897303304,
            "fitTime": 6.751600000000001,
            "fitTimeStd": 2.1770065319148677,
            "scoreTime": 5.729,
            "scoreTimeStd": 3.049667457281203
        },
        {
            "params": {
                "max_depth": 6,
                "max_features": 0.2,
                "min_samples_leaf": 10,
                "n_estimators": 100,
                "min_samples_split": 30
            },
            "score": 0.9491690144008106,
            "scoreStd": 0.002790296557258574,
            "fitTime": 6.759600000000001,
            "fitTimeStd": 0.32576654217399303,
            "scoreTime": 5.836,
            "scoreTimeStd": 0.41243132761709556
        },
        {
            "params": {
                "max_depth": 15,
                "max_features": 0.7,
                "min_samples_leaf": 1,
                "n_estimators": 100,
                "min_samples_split": 3
            },
            "score": 0.9702503329669571,
            "scoreStd": 0.0031094717172890007,
            "fitTime": 9.722,
            "fitTimeStd": 0.23471855486944357,
            "scoreTime": 5.748,
            "scoreTimeStd": 1.5944990435870448
        },
        {
            "params": {
                "max_depth": 6,
                "max_features": 0.2,
                "min_samples_leaf": 25,
                "n_estimators": 100,
                "min_samples_split": 75
            },
            "score": 0.9449887722091184,
            "scoreStd": 0.003738377959563282,
            "fitTime": 5.8486,
            "fitTimeStd": 2.6637007039080047,
            "scoreTime": 5.8098,
            "scoreTimeStd": 2.8593856263190527
        },
        {
            "params": {
                "max_depth": 15,
                "max_features": 0.2,
                "min_samples_leaf": 25,
                "n_estimators": 100,
                "min_samples_split": 75
            },
            "score": 0.9517925324701617,
            "scoreStd": 0.0029507338402392927,
            "fitTime": 5.7898000000000005,
            "fitTimeStd": 0.9928132553506728,
            "scoreTime": 6.5084,
            "scoreTimeStd": 1.428401708203963
        },
        {
            "params": {
                "max_depth": 6,
                "max_features": 0.7,
                "min_samples_leaf": 5,
                "n_estimators": 100,
                "min_samples_split": 15
            },
            "score": 0.9534300737428516,
            "scoreStd": 0.0038127694900215252,
            "fitTime": 6.9674,
            "fitTimeStd": 0.28205006647756703,
            "scoreTime": 5.0962,
            "scoreTimeStd": 0.6214220465995715
        },
        {
            "params": {
                "max_depth": 15,
                "max_features": 0.2,
                "min_samples_leaf": 10,
                "n_estimators": 100,
                "min_samples_split": 30
            },
            "score": 0.9620200662309862,
            "scoreStd": 0.0019214718658248442,
            "fitTime": 4.969600000000001,
            "fitTimeStd": 1.3099005458430804,
            "scoreTime": 7.328,
            "scoreTimeStd": 3.7559855164789973
        },
        {
            "params": {
                "max_depth": 10,
                "max_features": 0.2,
                "min_samples_leaf": 5,
                "n_estimators": 100,
                "min_samples_split": 15
            },
            "score": 0.9645807017517306,
            "scoreStd": 0.0020455452250528186,
            "fitTime": 5.317,
            "fitTimeStd": 1.4055847181867054,
            "scoreTime": 8.7218,
            "scoreTimeStd": 1.420176242583997
        },
        {
            "params": {
                "max_depth": 15,
                "max_features": 0.7,
                "min_samples_leaf": 25,
                "n_estimators": 100,
                "min_samples_split": 75
            },
            "score": 0.9521378533311183,
            "scoreStd": 0.0020813324813312595,
            "fitTime": 8.0462,
            "fitTimeStd": 0.4849533585820393,
            "scoreTime": 6.292,
            "scoreTimeStd": 1.528283874154275
        },
        {
            "params": {
                "max_depth": 10,
                "max_features": 0.7,
                "min_samples_leaf": 25,
                "n_estimators": 100,
                "min_samples_split": 75
            },
            "score": 0.9521062913108176,
            "scoreStd": 0.0018223286486785928,
            "fitTime": 7.267600000000001,
            "fitTimeStd": 1.4510510121977105,
            "scoreTime": 5.966,
            "scoreTimeStd": 1.275724735199565
        },
        {
            "params": {
                "max_depth": 15,
                "max_features": 0.2,
                "min_samples_leaf": 1,
                "n_estimators": 100,
                "min_samples_split": 3
            },
            "score": 0.9708034528057152,
            "scoreStd": 0.003283858233742733,
            "fitTime": 4.6004,
            "fitTimeStd": 0.4732253585766511,
            "scoreTime": 5.8918,
            "scoreTimeStd": 0.7525336935978348
        },
        {
            "params": {
                "max_depth": 10,
                "max_features": 0.2,
                "min_samples_leaf": 1,
                "n_estimators": 100,
                "min_samples_split": 3
            },
            "score": 0.9670073161261327,
            "scoreStd": 0.003273095220811763,
            "fitTime": 4.9568,
            "fitTimeStd": 0.24850464784385823,
            "scoreTime": 5.6728000000000005,
            "scoreTimeStd": 1.3903221784895758
        },
        {
            "params": {
                "max_depth": 6,
                "max_features": 0.2,
                "min_samples_leaf": 5,
                "n_estimators": 100,
                "min_samples_split": 15
            },
            "score": 0.952384934597059,
            "scoreStd": 0.0021031667491572224,
            "fitTime": 3.797,
            "fitTimeStd": 0.653369726877516,
            "scoreTime": 4.5426,
            "scoreTimeStd": 1.8029731667443083
        },
        {
            "params": {
                "max_depth": 10,
                "max_features": 0.7,
                "min_samples_leaf": 5,
                "n_estimators": 100,
                "min_samples_split": 15
            },
            "score": 0.9639268475541287,
            "scoreStd": 0.002914218240839164,
            "fitTime": 5.9088,
            "fitTimeStd": 0.2818782715996393,
            "scoreTime": 5.219399999999999,
            "scoreTimeStd": 0.4742967847245014
        },
        {
            "params": {
                "max_depth": 10,
                "max_features": 0.7,
                "min_samples_leaf": 1,
                "n_estimators": 100,
                "min_samples_split": 3
            },
            "score": 0.967229195436278,
            "scoreStd": 0.0036799958077693463,
            "fitTime": 7.5081999999999995,
            "fitTimeStd": 0.6624661198884061,
            "scoreTime": 2.476,
            "scoreTimeStd": 0.10950799057603057
        }
    ],
    "rawImportance": {
        "variables": [
            "family_size",
            "txn_increase_lfq",
            "civil_status_missing",
            "income_level_missing",
            "income_level_Very high",
            "revolving_balance_zero",
            "txn_amount_ly",
            "num_products",
            "credit_available",
            "income_level_Very low",
            "years_as_customer",
            "edu_level",
            "credit_limit",
            "edu_level_missing",
            "civil_status_M",
            "income_level_Medium",
            "txn_num_ly_missing",
            "interactions_ly",
            "revolving_balance",
            "date_of_birth_year",
            "mwa_ly",
            "txn_amount_ly_missing",
            "sex_M",
            "expnd_increase_lfq",
            "date_of_birth_age",
            "income_level_Low",
            "card_type_D",
            "txn_num_ly",
            "civil_status_S",
            "card_type_C",
            "card_type_B"
        ],
        "importances": [
            0.012999320801531624,
            0.13606793080264434,
            0.0019942993943805366,
            0.002661341102744103,
            0.002683395674429353,
            0.04444014643856801,
            0.12690623577000826,
            0.0356627366636735,
            0.03494469880187776,
            0.0034755813192193087,
            0.026627828511199714,
            0.011597686242272576,
            0.03366834951762177,
            0.0033751136897974877,
            0.005109220553636169,
            0.0036060999109296336,
            0.005689170992802831,
            0.032355271566457774,
            0.13558465971166914,
            0.027320261367308314,
            0.040544127439537725,
            0.006264910181706028,
            0.00596173744866516,
            0.05578519514180847,
            0.028078358570037158,
            0.0033694514112041054,
            0.001558505182643152,
            0.1645926502658688,
            0.004155336550683685,
            0.001488265572370963,
            0.0014321134027027544
        ]
    },
    "probaAware": true
}