{
  "state": "DONE",
  "preSearchDescription": {
    "gridLength": 24,
    "searchStrategy": "GRID",
    "importantParams": [
      {
        "name": "trees",
        "vals": [
          "100"
        ]
      },
      {
        "name": "depth",
        "vals": [
          "6",
          "10",
          "15"
        ]
      },
      {
        "name": "min_samples",
        "vals": [
          "1",
          "5",
          "10",
          "25"
        ]
      }
    ]
  },
  "postSearchDescription": {
    "importantParams": [
      {
        "name": "trees",
        "val": "100"
      },
      {
        "name": "depth",
        "val": "15"
      },
      {
        "name": "min_samples",
        "val": "1"
      }
    ]
  },
  "resumed": false,
  "timeOrderingEnabled": false,
  "sampleWeightsEnabled": false,
  "modelId": "m1",
  "progress": {
    "top_level_todo": [],
    "stack": [],
    "top_level_done": [
      {
        "name": "Loading source dataset",
        "time": 28
      },
      {
        "name": "Collecting statistics",
        "time": 26
      },
      {
        "name": "Preprocessing input",
        "time": 55
      },
      {
        "name": "Fitting global model",
        "time": 93822
      },
      {
        "name": "Saving model",
        "time": 119
      },
      {
        "name": "Computing global stats",
        "time": 1105
      },
      {
        "name": "Fitting folds",
        "time": 12687
      }
    ]
  },
  "startTime": 1626102606809,
  "endTime": 1626102715346,
  "preprocessingTime": 109,
  "trainingTime": 108428,
  "hyperparamsSearchTime": 0
}