{
  "description": "",
  "name": "XGBoost (base_case)",
  "starred": false,
  "clusterMetas": {},
  "customMeta": {
    "kv": {}
  },
  "tags": [],
  "activeClassifierThreshold": 0.4,
  "labels": [
    {
      "key": "trainDataset:dataset-name",
      "value": "df_train_missing_dummies"
    },
    {
      "key": "testDataset:dataset-name",
      "value": "df_train_missing_dummies"
    },
    {
      "key": "model:date",
      "value": "2021-07-12 17:10:05"
    },
    {
      "key": "model:algorithm",
      "value": "XGBOOST_CLASSIFICATION"
    }
  ]
}